leg,decision,missing,families,n_families,s3_applied,source,id,doi,year,journal,title,abstract
P1_psych,READ,,bifurcation;noise;rate,3,True,openalex,W4390778977,10.31234/osf.io/b68wh,2024,,Understanding Types of Transitions in Clinical Change: An Introduction from the Complex Dynamic Systems Perspective,"Sudden changes are common in clinical trajectories, yet a theoretical framework to understand the underlying mechanisms is still lacking. In this article, we aim to bridge this gap by introducing the mechanisms and features of four distinct types of transitions drawn from complex dynamic system research: bifurcation-induced tipping (B-tipping), noise-induced tipping (N-tipping), rate-induced tipping (R-tipping), and noise-induced diffusion (N-diffusion). Those types of transitions differ in the main cause of the change and data characteristics. To illustrate their application to clinical phenomena, we present two real-life scenarios using simulated time series. These examples demonstrate how theoretical types of change may connect to clinical phenomena and highlight how different types of transitions can co-occur in various subsystems. In the first example, we show that the mood system and the momentary affect system of a patient with sudden loss may show B-tipping and N-diffusion at the same time; in the second example, we show that increasing the stimulus strengthening speed in exposure therapy may lead to R-tipping, while the therapeutic decision in this context may be caused by N-tipping. Finally, we lay out possible pathways for determining the appropriate type of transition for future empirical research, highlighting methods both from dynamic system research and special opportunities for research in clinical psychology."
P1_psych,READ,,bifurcation;noise;rate,3,True,openalex,W4407772418,10.31234/osf.io/b68wh_v1,2024,,Understanding Types of Transitions in Clinical Change: An Introduction from the Complex Dynamic Systems Perspective,"Sudden changes are common in clinical trajectories, yet a theoretical framework to understand the underlying mechanisms is still lacking. In this article, we aim to bridge this gap by introducing the mechanisms and features of four distinct types of transitions drawn from complex dynamic system research: bifurcation-induced tipping (B-tipping), noise-induced tipping (N-tipping), rate-induced tipping (R-tipping), and noise-induced diffusion (N-diffusion). Those types of transitions differ in the main cause of the change and data characteristics. To illustrate their application to clinical phenomena, we present two real-life scenarios using simulated time series. These examples demonstrate how theoretical types of change may connect to clinical phenomena and highlight how different types of transitions can co-occur in various subsystems. In the first example, we show that the mood system and the momentary affect system of a patient with sudden loss may show B-tipping and N-diffusion at the same time; in the second example, we show that increasing the stimulus strengthening speed in exposure therapy may lead to R-tipping, while the therapeutic decision in this context may be caused by N-tipping. Finally, we lay out possible pathways for determining the appropriate type of transition for future empirical research, highlighting methods both from dynamic system research and special opportunities for research in clinical psychology."
P1_psych,READ,,bifurcation;noise;rate,3,True,openalex,W4408691707,10.1037/abn0000991,2025,Journal of Psychopathology and Clinical Science,Understanding types of transitions in clinical change: An introduction from the complex dynamic systems perspective.,"Sudden changes are common in clinical trajectories. While theoretical work in complex dynamic systems has provided mathematical theories for various types and mechanisms of change, a concrete application for the field of psychopathology is still lacking. We aim to bridge this gap by outlining an applied theoretical framework using theoretical concepts of the natural sciences for the field of clinical psychopathology, also devoting attention to issues and providing recommendations that are specific to the psychopathology domain. First, the mechanisms and features of four distinct types of transitions are introduced: bifurcation-induced tipping (B-tipping), noise-induced tipping (N-tipping), rate-induced tipping (R-tipping), and noise-induced diffusion (N-diffusion). Those types of transitions differ in the main cause of the change and data characteristics. To illustrate their application to clinical phenomena, we present two real-life scenarios using simulated time series. These examples demonstrate how theoretical types of change may connect to clinical phenomena and highlight how different types of transitions can co-occur in various subsystems. In the first example, we show that the mood system and the momentary affect system of a patient with sudden loss may show B-tipping and N-diffusion at the same time; in the second example, we show that increasing the stimulus strengthening speed in exposure therapy may lead to R-tipping, while the therapeutic decision in this context may be caused by N-tipping. Finally, we lay out possible pathways for determining the appropriate type of transition for future empirical research, highlighting methods both from dynamic system research and special opportunities for research in clinical psychology. (PsycInfo Database Record (c) 2025 APA, all rights reserved)."
P1_psych,READ,,bifurcation;noise;rate,3,True,openalex,W4407760656,10.31234/osf.io/b68wh_v2,2025,,Understanding Types of Transitions in Clinical Change: An Introduction from the Complex Dynamic Systems Perspective,"Sudden changes are common in clinical trajectories, yet a theoretical framework to understand the underlying mechanisms is still lacking. In this article, we aim to bridge this gap by introducing the mechanisms and features of four distinct types of transitions drawn from complex dynamic system research: bifurcation-induced tipping (B-tipping), noise-induced tipping (N-tipping), rate-induced tipping (R-tipping), and noise-induced diffusion (N-diffusion). Those types of transitions differ in the main cause of the change and data characteristics. To illustrate their application to clinical phenomena, we present two real-life scenarios using simulated time series. These examples demonstrate how theoretical types of change may connect to clinical phenomena and highlight how different types of transitions can co-occur in various subsystems. In the first example, we show that the mood system and the momentary affect system of a patient with sudden loss may show B-tipping and N-diffusion at the same time; in the second example, we show that increasing the stimulus strengthening speed in exposure therapy may lead to R-tipping, while the therapeutic decision in this context may be caused by N-tipping. Finally, we lay out possible pathways for determining the appropriate type of transition for future empirical research, highlighting methods both from dynamic system research and special opportunities for research in clinical psychology."
P1_psych,READ,,bifurcation;noise;rate,3,True,openalex,W4414341008,10.1037/abn0001061,2025,Journal of Psychopathology and Clinical Science,Correction to “Understanding types of transitions in clinical change: An introduction from the complex dynamic systems perspective” by Cui et al. (2025).,", 2025[May], Vol 134[4], 469-482; see record 2025-93753-001). In the article, in Figure 8 the final steps in the decision tree were inadvertently reversed: A ""Yes"" response should lead to B-tipping, and a ""No"" response should lead to R-tipping. The corrected figure is present in the erratum. (The following abstract of the original article appeared in record 2025-93753-001). Sudden changes are common in clinical trajectories. While theoretical work in complex dynamic systems has provided mathematical theories for various types and mechanisms of change, a concrete application for the field of psychopathology is still lacking. We aim to bridge this gap by outlining an applied theoretical framework using theoretical concepts of the natural sciences for the field of clinical psychopathology, also devoting attention to issues and providing recommendations that are specific to the psychopathology domain. First, the mechanisms and features of four distinct types of transitions are introduced: bifurcation-induced tipping (B-tipping), noise-induced tipping (N-tipping), rate-induced tipping (R-tipping), and noise-induced diffusion (N-diffusion). Those types of transitions differ in the main cause of the change and data characteristics. To illustrate their application to clinical phenomena, we present two real-life scenarios using simulated time series. These examples demonstrate how theoretical types of change may connect to clinical phenomena and highlight how different types of transitions can co-occur in various subsystems. In the first example, we show that the mood system and the momentary affect system of a patient with sudden loss may show B-tipping and N-diffusion at the same time; in the second example, we show that increasing the stimulus strengthening speed in exposure therapy may lead to R-tipping, while the therapeutic decision in this context may be caused by N-tipping. Finally, we lay out possible pathways for determining the appropriate type of transition for future empirical research, highlighting methods both from dynamic system research and special opportunities for research in clinical psychology. (PsycInfo Database Record (c) 2025 APA, all rights reserved)."
P1_psych,READ,,bifurcation;noise;rate,3,True,openalex,W7135047270,10.20944/preprints202603.0897.v1,2026,Preprints.org,Early Warning Signals in Ecological Time-Series,"Ecosystems can undergo abrupt, often irreversible transitions between alternative states —phenomena termed critical transitions or regime shifts— with profound consequences for biodiversity, ecosystem services, and human well-being. Early warning signals (EWS) derived from time series analysis offer the prospect of anticipating such transitions before they occur, potentially enabling preventive management intervention. This review provides a comprehensive synthesis of EWS methods for ecological systems, encompassing theoretical foundations, statistical indicators, empirical applications, and emerging methodological frontiers. We examine the dynamical basis of EWS in critical slowing down theory, wherein systems approaching bifurcation points exhibit characteristic statistical signatures including rising autocorrelation, increasing variance, and spectral reddening. We present a systematic overview of proposed indicators (Table 1), discuss moving-window frameworks for their computation, and critically evaluate preprocessing requirements and sensitivity to analytical choices. Empirical applications across major ecosystem types---including lakes, coral reefs, grasslands, forests, and marine fisheries---reveal both successes and limitations, with EWS performance depending critically on data quality, transition mechanism, and system-specific dynamics (Table 2). We address recent advances including machine learning approaches, non-equilibrium thermodynamic indicators, multivariate extensions, and the important distinction between bifurcation-induced, noise-induced, and rate-induced tipping. We conclude with recommendations for specialists, emphasizing the integration of EWS within broader monitoring frameworks, systematic sensitivity analysis, and the interpretation of indicators as probabilistic assessments of changing resilience rather than deterministic predictions of imminent collapse."
P1_psych,READ,,bifurcation;noise;rate,3,True,openalex,W7163322636,10.3390/e28060628,2026,Entropy,Early Warning Signals in Ecological Time-Series,"Ecosystems can undergo abrupt, often irreversible transitions between alternative states-phenomena termed critical transitions or regime shifts-with profound consequences for biodiversity, ecosystem services, and human well-being. Early warning signals (EWSs) derived from time-series analysis offer the prospect of anticipating such transitions before they occur, potentially enabling preventive management intervention. This review provides a comprehensive synthesis of EWS methods for ecological systems, encompassing theoretical foundations, statistical indicators, empirical applications, and emerging methodological frontiers. We examine the dynamical basis of EWS in critical slowing down theory, wherein systems approaching bifurcation points exhibit characteristic statistical signatures including rising autocorrelation, increasing variance, and spectral reddening. We present a systematic overview of proposed indicators discuss moving-window frameworks for their computation, and critically evaluate preprocessing requirements and sensitivity to analytical choices. Empirical applications across major ecosystem types-including lakes, coral reefs, grasslands, forests, and marine fisheries-reveal both successes and limitations, with EWS performance depending critically on data quality, transition mechanism, and system-specific dynamics. We address recent advances including machine learning approaches, non-equilibrium thermodynamic indicators, multivariate extensions, and the important distinction between bifurcation-induced, noise-induced, and rate-induced tipping. We conclude with recommendations for specialists, emphasizing the integration of EWS within broader monitoring frameworks, systematic sensitivity analysis, and the interpretation of indicators as probabilistic assessments of changing resilience rather than deterministic predictions of imminent collapse."
P1_psych,READ,,bifurcation;rate,2,False,openalex,W3097917829,10.5194/egusphere-egu2020-9929,2020,,Conditions for the Compost Bomb Instability,"&amp;lt;p&amp;gt;Under global warming, soil temperatures are expected to rise. This increases the specific rate of microbial respiration in the soils which in turn warms the soil, creating a positive feedback process. This leads to the possibility of an instability, known as the compost bomb, in which rapidly warming soils release their soil carbon as CO2 to the atmosphere, accelerating global warming. Models of the compost bomb have exhibited interesting dynamical phenomena: excitability, rate induced tipping and bifurcation induced tipping. We examine models with increasing degrees of sophistication, to help understand the conditions that give rise to the compost bomb. We clarify the role an insulating moss layer plays and demonstrate that it has a 'most dangerous' thickness. We also use JULES, a land surface model, to examine where a compost bomb might occur and what affect other processes such as hydrology might have on the compost bomb.&amp;lt;/p&amp;gt;"
P1_psych,READ,,bifurcation;noise,2,False,openalex,W4200451001,10.1088/2632-072x/ac4004,2021,Journal of Physics Complexity,Poisson-distributed noise induces cortical γ-activity: explanation of γ-enhancement by anaesthetics ketamine and propofol,"Abstract Additive noise is known to affect the stability of nonlinear systems. To understand better the role of additive noise in neural systems, we investigate the impact of additive noise on a random neural network of excitatory and inhibitory neurons. Here we hypothesize that the noise originates from the ascending reticular activating system. Coherence resonance in the γ -frequency range emerges for intermediate noise levels while the network exhibits non-coherent activity at low and high noise levels. The analytical study of a corresponding mean-field model system explains the resonance effect by a noise-induced phase transition via a saddle-node bifurcation. An analytical study of the linear mean-field systems response to additive noise reveals that the coherent state exhibits a quasi-cycle in the γ -frequency range whose spectral properties are tuned by the additive noise. To illustrate the importance of the work, we show that the quasi-cycle explains γ -enhancement under impact of the anaesthetics ketamine and propofol as a destabilizing effect of the coherent state."
P1_psych,READ,,bifurcation;noise,2,False,openalex,W3199991633,10.1063/5.0056784,2021,Chaos An Interdisciplinary Journal of Nonlinear Science,Bifurcation of singularities of fluctuational paths for a noise-driven overdamped two-well system,"Noise-induced escape in a 2D generalized Maier-Stein model with two parameters μ and α is investigated in the weak noise limit. With the WKB approximation, the patterns of extreme paths and singularities are displayed. By employing the Freidlin-Wentzell action functional and the asymptotic series, critical parameters α inducing singularity bifurcation are determined analytically for μ=1. The switching line will appear with singularities and is equivalent to the sliding set in the Filippov system. The pseudo-saddle-node bifurcation on the switching line is found. Then, when -1<μ<1, it is found that all bifurcation values α will decrease as μ decreases and the second-order bifurcation values are bigger than all first-order ones. In addition, the variation of the switching line is also analyzed and a new switching line will emerge when the location of the minimum quasi-potential on the boundary changes. At last, when the noise is anisotropic, only the noise intensity ratio will affect the bifurcation value α."
P1_psych,READ,,bifurcation;rate,2,False,openalex,W7111320617,10.5194/egusphere-2025-5859,2025,,Rate-induced tipping of ice sheets due to visco-elastic Earth response under idealized conditions,"Abstract. The future evolution of the West Antarctic Ice Sheet may be characterized by self-reinforcing and irreversible retreat due to the unfolding of a marine ice sheet instability (MISI). How the stabilizing mechanism of glacial isostatic adjustment (GIA) does influence the timing and spatial extent of West Antarctica's present and potential future destabilization is highly uncertain and thus increasingly subject of numerical modeling studies that are based on observational data, striving for a most realistic representation of the Antarctic Ice Sheet. Here we employ an ensemble of idealized simulations in a synthetic model setup to systematically investigate how the interaction between ice-sheet dynamics and the visco-elastic response of the solid Earth affect the tipping dynamics of an inherently buttressed, Antarctic-type ice-sheet-shelf system that is perturbed by basal ice-shelf melting. Exploring a wide range of solid Earth structures we find that the threshold of bifurcation-induced tipping (B-tipping), i.e., the critical meltrate magnitude inferred for the ice sheet in quasi equilibrium, strongly depends on the timescale and the spatial extent of the solid-Earth response. Compared to the case of a fixed bed (no bed deformation), the B-tipping threshold increases for the strongest (East-Antarctic type) Earth structures by at least 80 % (from 0.8 to 1.5 m yr−1) whereas for the weakest (West-Antarctic type) Earth structures the increase is more than one order of magnitude larger. Due to the different timescales involved in the interplay between the dynamics of the ice sheet and the solid Earth, we find that for half of the ensemble members rate-induced tipping (R-tipping) occurs. That is, a sufficiently fast ramp-up of the basal meltrates triggers a MISI even before the critical forcing threshold of B-tipping would be crossed. In fact, due to R-tipping the effective critical tipping threshold reduces by up to 80 % for high upper-mantle viscosities and thin lithospheres. In none of our simulations bed uplift can stop a MISI once it is triggered, due to the very fast timescale of self-reinforcing grounding-line retreat. Furthermore, we highlight the occurrence of grounding-line overshoots and demonstrate cases of self-sustaining oscillations between advanced and collapsed ice-sheet states. Once triggered, these oscillations continue perpetually just due to the internal, non-linear interaction between ice-flow and solid-Earth dynamics. Our findings highlight that the character of the solid-Earth structure underlying a MISI-prone ice sheet can strongly affect its tipping dynamics mediated by the strength and timescale of the GIA feedback that counteracts MISI. In the context of Antarctic ice-sheet stability under global warming, our results particularly underscore that besides the magnitude also the rate of future anthropogenic greenhouse gas emissions are likely to play a crucial role."
P1_psych,READ,,noise;rate,2,True,openalex,W7149001971,10.5281/zenodo.19402291,2026,Zenodo (CERN European Organization for Nuclear Research),A Candidate Unifying Framework for Early-Warning Signals: The Standard Coherence Fidelity Layer (SCFL) Cross-Domain Atlas,"Early-warning signals (EWS) for critical transitions have been independently identified across a wide range of complex systems, including ecological collapse, climate tipping points, financial instability, physiological breakdown, and psychopathological shifts. Despite consistent empirical observations—such as rising variance, increasing autocorrelation, and critical slowing down—these signals are typically studied within domain-specific frameworks, resulting in fragmented terminology, inconsistent measurement practices, and limited cross-domain synthesis. This paper introduces the Standard Coherence Fidelity Layer (SCFL) as a candidate unifying framework for early-warning detection. SCFL reframes early-warning behavior as a manifestation of coherence deformation in complex dynamical systems, and formalizes this process through five structural operators: Δ (deformation/variance expansion), Φ (memory/coupling continuity), τ (recovery dynamics/critical slowing), f (fragmentation/multiscale loss), and seam (cascade propagation across networks). These operators are defined in a substrate-agnostic, geometry-based manner, allowing direct mapping to established statistical indicators while preserving cross-domain interpretability. To evaluate this framework, we construct a Cross-Domain Atlas of 20 high-impact empirical and theoretical studies spanning ecology, climate science, finance, physiology, psychopathology, and network science. Each study is systematically coded for the presence of SCFL operators using explicit mathematical mappings to canonical early-warning metrics. Inter-rater reliability assessment (Cohen’s κ = 0.88) demonstrates strong reproducibility of the operator classification scheme. Statistical analysis of operator prevalence reveals high marginal frequencies for Δ (90%), Φ (80%), and τ (65%) across domains. The co-occurrence of these operators (45%) is consistent with independent appearance at observed marginal rates (p = 0.65), indicating that early-warning structure is broadly distributed rather than concentrated in a single dominant indicator. This result suggests that widely studied signals such as variance and autocorrelation represent partial observables of a higher-dimensional structural process, rather than isolated mechanisms. Building on this finding, SCFL proposes that early-warning detection should be understood as a multi-dimensional measurement problem, where different operators capture complementary aspects of system instability. In this framework, domain-specific signals (e.g., volatility clustering in finance, entropy loss in physiology, or resilience decline in climate systems) are interpreted as projections of a shared underlying geometry of coherence deformation. The paper further identifies key limitations in existing early-warning approaches, including sensitivity to aggregation (“smearing”) effects, vulnerability to false positives under external forcing, and reduced performance in rate-induced or noise-induced tipping scenarios. The inclusion of multiscale fragmentation (f) and network cascade (seam) operators provides a pathway for addressing these gaps, particularly in high-dimensional and networked systems. Rather than claiming definitive superiority, we derive a set of testable hypotheses for multi-operator detection systems, including improvements in lead time, sensitivity at matched false-positive rates, robustness to coarse-graining, and cross-domain transferability. These hypotheses define a clear empirical agenda, including head-to-head benchmarking against single-metric approaches, prospective validation in real-time monitoring environments, and community-driven refinement of the operator framework. Taken together, the SCFL framework offers a structured and extensible approach to unifying early-warning science across disciplines. By providing a common measurement language for coherence deformation, it enables systematic comparison, integration, and extension of early-warning methodologies, while remaining grounded in existing statistical and dynamical systems theory. The results presented here position SCFL as a candidate foundational layer for cross-domain early-warning analysis, pending further empirical validation."
P1_psych,READ,,noise;rate,2,True,openalex,W7148812166,10.5281/zenodo.19402290,2026,Zenodo (CERN European Organization for Nuclear Research),A Candidate Unifying Framework for Early-Warning Signals: The Standard Coherence Fidelity Layer (SCFL) Cross-Domain Atlas,"Early-warning signals (EWS) for critical transitions have been independently identified across a wide range of complex systems, including ecological collapse, climate tipping points, financial instability, physiological breakdown, and psychopathological shifts. Despite consistent empirical observations—such as rising variance, increasing autocorrelation, and critical slowing down—these signals are typically studied within domain-specific frameworks, resulting in fragmented terminology, inconsistent measurement practices, and limited cross-domain synthesis. This paper introduces the Standard Coherence Fidelity Layer (SCFL) as a candidate unifying framework for early-warning detection. SCFL reframes early-warning behavior as a manifestation of coherence deformation in complex dynamical systems, and formalizes this process through five structural operators: Δ (deformation/variance expansion), Φ (memory/coupling continuity), τ (recovery dynamics/critical slowing), f (fragmentation/multiscale loss), and seam (cascade propagation across networks). These operators are defined in a substrate-agnostic, geometry-based manner, allowing direct mapping to established statistical indicators while preserving cross-domain interpretability. To evaluate this framework, we construct a Cross-Domain Atlas of 20 high-impact empirical and theoretical studies spanning ecology, climate science, finance, physiology, psychopathology, and network science. Each study is systematically coded for the presence of SCFL operators using explicit mathematical mappings to canonical early-warning metrics. Inter-rater reliability assessment (Cohen’s κ = 0.88) demonstrates strong reproducibility of the operator classification scheme. Statistical analysis of operator prevalence reveals high marginal frequencies for Δ (90%), Φ (80%), and τ (65%) across domains. The co-occurrence of these operators (45%) is consistent with independent appearance at observed marginal rates (p = 0.65), indicating that early-warning structure is broadly distributed rather than concentrated in a single dominant indicator. This result suggests that widely studied signals such as variance and autocorrelation represent partial observables of a higher-dimensional structural process, rather than isolated mechanisms. Building on this finding, SCFL proposes that early-warning detection should be understood as a multi-dimensional measurement problem, where different operators capture complementary aspects of system instability. In this framework, domain-specific signals (e.g., volatility clustering in finance, entropy loss in physiology, or resilience decline in climate systems) are interpreted as projections of a shared underlying geometry of coherence deformation. The paper further identifies key limitations in existing early-warning approaches, including sensitivity to aggregation (“smearing”) effects, vulnerability to false positives under external forcing, and reduced performance in rate-induced or noise-induced tipping scenarios. The inclusion of multiscale fragmentation (f) and network cascade (seam) operators provides a pathway for addressing these gaps, particularly in high-dimensional and networked systems. Rather than claiming definitive superiority, we derive a set of testable hypotheses for multi-operator detection systems, including improvements in lead time, sensitivity at matched false-positive rates, robustness to coarse-graining, and cross-domain transferability. These hypotheses define a clear empirical agenda, including head-to-head benchmarking against single-metric approaches, prospective validation in real-time monitoring environments, and community-driven refinement of the operator framework. Taken together, the SCFL framework offers a structured and extensible approach to unifying early-warning science across disciplines. By providing a common measurement language for coherence deformation, it enables systematic comparison, integration, and extension of early-warning methodologies, while remaining grounded in existing statistical and dynamical systems theory. The results presented here position SCFL as a candidate foundational layer for cross-domain early-warning analysis, pending further empirical validation."
P1_psych,READ,,bifurcation;noise,2,False,openalex,W7128363045,10.5281/zenodo.18556978,2026,Open MIND,Formalization of Mental Disintegration Phenomena Through Dynamical Systems Theory: With Applications to DSM-5-TR Diagnostic Categories,"Title: Formalization of Mental Disintegration Phenomena Through Dynamical Systems Theory: With Applications to DSM-5-TR Diagnostic Categories Author: Boris Kriger Information Physics Institute, Gosport, Hampshire, United Kingdom Institute of Integrative and Interdisciplinary Research, Toronto, Canada ORCID: 0009-0001-0034-2903 Description: Dynamical systems theory (DST) has been proposed as a unifying framework for psychiatry, in which the healthy mind is a stable attractor, psychiatric disorders are alternative attractors, and clinical deterioration is a critical transition governed by tipping points, hysteresis, and critical slowing down (Scheffer, Bockting, Borsboom et al., JAMA Psychiatry, 2024). However, the original proposal remains a methodological program: it contains no equations, does not engage with the phenomenological content of specific disorders, and does not address phenomena — anosognosia, the fear of madness, internal resistance, gaslighting, collective madness, punitive psychiatry — that lie outside the scope of existing computational psychiatry paradigms. This article develops a unified mathematical formalism that fills these gaps. Starting from a core stochastic differential equation on a potential landscape, we construct a modular system of coupled models — each with explicit equations, consistent notation, and identified parameters — covering the full trajectory of mental disintegration: erosion of resilience, distortion of perception, the tipping point itself, self-reinforcing symptom feedback, loss of insight (anosognosia as a distance-dependent attractor property), the fear of madness as an autocatalytic destabilizing loop, internal resistance as an energy-depleting restoring force, altered time–space perception, the creativity–madness boundary, social isolation dynamics, gaslighting as targeted resilience destruction, collective phase transitions, evolutionary origins of disorder attractors, the role of religious belief, AI-based monitoring, punitive psychiatry as state-space misclassification, and a dynamical typology of suicidal crises. The gradient assumption is addressed explicitly, with quasipotentials (Freidlin–Wentzell theory) introduced for non-gradient dynamics such as bipolar cycling and OCD oscillations. The framework is situated within the broader computational psychiatry landscape — predictive processing, reinforcement learning, network theory — with critical engagement with the early warning signal debate (Helmich et al., 2024; Smit et al., 2025), distinguishing bifurcation-driven transitions (where critical slowing down applies) from noise-induced barrier crossings (where Kramers' escape rate applies but critical slowing down does not). All predictions are classified by their dependence on the bifurcation assumption. The framework is validated through numerical simulations: phase portraits of the potential landscape, bifurcation diagrams, a stochastic trajectory exhibiting critical slowing down, and an integrated simulation combining depression, social isolation, and declining insight that reproduces the clinically observed pattern of insight peaking before and vanishing after the transition. A measurement mapping table links all model variables to specific EMA items, clinical scales, and digital phenotyping instruments. Eight appendices demonstrate the application of the formalism to DSM-5-TR (APA, 2022) diagnostic categories: schizophrenia spectrum disorders (five-dimensional symptom network), bipolar disorders (three-well potential with sleep feedback), depressive disorders (self-sustaining network with hysteresis), anxiety disorders (threat–arousal loops), trauma- and stressor-related disorders (PTSD as trauma-induced attractor), obsessive-compulsive disorders (limit-cycle model with Hebbian deepening), substance use disorders (tolerance–withdrawal–reward attractor), neurocognitive disorders (irreversible landscape degradation), and personality disorders (attractor topology as trait architecture, with the Alternative DSM-5 Model mapped to landscape parameters). 50 pages, 31 references, 2 figures (4 panels), 3 tables, 8 appendices. LaTeX source and simulation code are available upon request. Keywords: dynamical systems theory · computational psychiatry · tipping points · attractors · resilience · stochastic differential equations · bifurcation theory · quasipotential · critical slowing down · DSM-5-TR · anosognosia · symptom networks · Kramers escape rate · hysteresis · numerical simulation License: CC BY 4.0 Resource type: Preprint Subjects: Psychiatry, Computational Neuroscience, Dynamical Systems, Mathematical Biology, Clinical Psychology Related identifiers: Scheffer, M. et al. (2024). A dynamical systems view of psychiatric disorders — Theory. JAMA Psychiatry, 81(6), 618–623. (Is supplemented by this upload) Scheffer, M. et al. (2024). A dynamical systems view of psychiatric disorders — Practical implications. JAMA Psychiatry, 81(6), 624–630. (Is supplemente"
P1_psych,READ,,bifurcation;noise,2,False,openalex,W7128363989,10.5281/zenodo.18556979,2026,Zenodo (CERN European Organization for Nuclear Research),Formalization of Mental Disintegration Phenomena Through Dynamical Systems Theory: With Applications to DSM-5-TR Diagnostic Categories,"Title: Formalization of Mental Disintegration Phenomena Through Dynamical Systems Theory: With Applications to DSM-5-TR Diagnostic Categories Author: Boris Kriger Information Physics Institute, Gosport, Hampshire, United Kingdom Institute of Integrative and Interdisciplinary Research, Toronto, Canada ORCID: 0009-0001-0034-2903 Description: Dynamical systems theory (DST) has been proposed as a unifying framework for psychiatry, in which the healthy mind is a stable attractor, psychiatric disorders are alternative attractors, and clinical deterioration is a critical transition governed by tipping points, hysteresis, and critical slowing down (Scheffer, Bockting, Borsboom et al., JAMA Psychiatry, 2024). However, the original proposal remains a methodological program: it contains no equations, does not engage with the phenomenological content of specific disorders, and does not address phenomena — anosognosia, the fear of madness, internal resistance, gaslighting, collective madness, punitive psychiatry — that lie outside the scope of existing computational psychiatry paradigms. This article develops a unified mathematical formalism that fills these gaps. Starting from a core stochastic differential equation on a potential landscape, we construct a modular system of coupled models — each with explicit equations, consistent notation, and identified parameters — covering the full trajectory of mental disintegration: erosion of resilience, distortion of perception, the tipping point itself, self-reinforcing symptom feedback, loss of insight (anosognosia as a distance-dependent attractor property), the fear of madness as an autocatalytic destabilizing loop, internal resistance as an energy-depleting restoring force, altered time–space perception, the creativity–madness boundary, social isolation dynamics, gaslighting as targeted resilience destruction, collective phase transitions, evolutionary origins of disorder attractors, the role of religious belief, AI-based monitoring, punitive psychiatry as state-space misclassification, and a dynamical typology of suicidal crises. The gradient assumption is addressed explicitly, with quasipotentials (Freidlin–Wentzell theory) introduced for non-gradient dynamics such as bipolar cycling and OCD oscillations. The framework is situated within the broader computational psychiatry landscape — predictive processing, reinforcement learning, network theory — with critical engagement with the early warning signal debate (Helmich et al., 2024; Smit et al., 2025), distinguishing bifurcation-driven transitions (where critical slowing down applies) from noise-induced barrier crossings (where Kramers' escape rate applies but critical slowing down does not). All predictions are classified by their dependence on the bifurcation assumption. The framework is validated through numerical simulations: phase portraits of the potential landscape, bifurcation diagrams, a stochastic trajectory exhibiting critical slowing down, and an integrated simulation combining depression, social isolation, and declining insight that reproduces the clinically observed pattern of insight peaking before and vanishing after the transition. A measurement mapping table links all model variables to specific EMA items, clinical scales, and digital phenotyping instruments. Eight appendices demonstrate the application of the formalism to DSM-5-TR (APA, 2022) diagnostic categories: schizophrenia spectrum disorders (five-dimensional symptom network), bipolar disorders (three-well potential with sleep feedback), depressive disorders (self-sustaining network with hysteresis), anxiety disorders (threat–arousal loops), trauma- and stressor-related disorders (PTSD as trauma-induced attractor), obsessive-compulsive disorders (limit-cycle model with Hebbian deepening), substance use disorders (tolerance–withdrawal–reward attractor), neurocognitive disorders (irreversible landscape degradation), and personality disorders (attractor topology as trait architecture, with the Alternative DSM-5 Model mapped to landscape parameters). 50 pages, 31 references, 2 figures (4 panels), 3 tables, 8 appendices. LaTeX source and simulation code are available upon request. Keywords: dynamical systems theory · computational psychiatry · tipping points · attractors · resilience · stochastic differential equations · bifurcation theory · quasipotential · critical slowing down · DSM-5-TR · anosognosia · symptom networks · Kramers escape rate · hysteresis · numerical simulation License: CC BY 4.0 Resource type: Preprint Subjects: Psychiatry, Computational Neuroscience, Dynamical Systems, Mathematical Biology, Clinical Psychology Related identifiers: Scheffer, M. et al. (2024). A dynamical systems view of psychiatric disorders — Theory. JAMA Psychiatry, 81(6), 618–623. (Is supplemented by this upload) Scheffer, M. et al. (2024). A dynamical systems view of psychiatric disorders — Practical implications. JAMA Psychiatry, 81(6), 624–630. (Is supplemente"
P1_psych,READ,,bifurcation;rate,2,False,openalex,W7141160331,10.5194/egusphere-2025-5859-ac2,2026,,Reply on RC2,"<strong class=""journal-contentHeaderColor"">Abstract.</strong> The future evolution of the West Antarctic Ice Sheet may be characterized by self-reinforcing and irreversible retreat due to the unfolding of a marine ice sheet instability (MISI). How the stabilizing mechanism of glacial isostatic adjustment (GIA) does influence the timing and spatial extent of West Antarctica's present and potential future destabilization is highly uncertain and thus increasingly subject of numerical modeling studies that are based on observational data, striving for a most realistic representation of the Antarctic Ice Sheet. Here we employ an ensemble of idealized simulations in a synthetic model setup to systematically investigate how the interaction between ice-sheet dynamics and the visco-elastic response of the solid Earth affect the tipping dynamics of an inherently buttressed, Antarctic-type ice-sheet-shelf system that is perturbed by basal ice-shelf melting. Exploring a wide range of solid Earth structures we find that the threshold of bifurcation-induced tipping (B-tipping), i.e., the critical meltrate magnitude inferred for the ice sheet in quasi equilibrium, strongly depends on the timescale and the spatial extent of the solid-Earth response. Compared to the case of a fixed bed (no bed deformation), the B-tipping threshold increases for the strongest (East-Antarctic type) Earth structures by at least 80<span>&thinsp;</span>% (from 0.8 to 1.5<span>&thinsp;</span>m<span>&thinsp;</span>yr<sup><span>&minus;1</span></sup>) whereas for the weakest (West-Antarctic type) Earth structures the increase is more than one order of magnitude larger.&nbsp; Due to the different timescales involved in the interplay between the dynamics of the ice sheet and the solid Earth, we find that for half of the ensemble members rate-induced tipping (R-tipping) occurs. That is, a sufficiently fast ramp-up of the basal meltrates triggers a MISI even before the critical forcing threshold of B-tipping would be crossed. In fact, due to R-tipping the effective critical tipping threshold reduces by up to 80<span>&thinsp;</span>% for high upper-mantle viscosities and thin lithospheres. In none of our simulations bed uplift can stop a MISI once it is triggered, due to the very fast timescale of self-reinforcing grounding-line retreat. Furthermore, we highlight the occurrence of grounding-line overshoots and demonstrate cases of self-sustaining oscillations between advanced and collapsed ice-sheet states. Once triggered, these oscillations continue perpetually just due to the internal, non-linear interaction between ice-flow and solid-Earth dynamics. Our findings highlight that the character of the solid-Earth structure underlying a MISI-prone ice sheet can strongly affect its tipping dynamics mediated by the strength and timescale of the GIA feedback that counteracts MISI. In the context of Antarctic ice-sheet stability under global warming, our results particularly underscore that besides the <em>magnitude</em> also the <em>rate</em> of future anthropogenic greenhouse gas emissions are likely to play a crucial role."
P1_psych,READ,,bifurcation;rate,2,False,openalex,W7141066099,10.5194/egusphere-2025-5859-ac3,2026,,Reply on RC3,"<strong class=""journal-contentHeaderColor"">Abstract.</strong> The future evolution of the West Antarctic Ice Sheet may be characterized by self-reinforcing and irreversible retreat due to the unfolding of a marine ice sheet instability (MISI). How the stabilizing mechanism of glacial isostatic adjustment (GIA) does influence the timing and spatial extent of West Antarctica's present and potential future destabilization is highly uncertain and thus increasingly subject of numerical modeling studies that are based on observational data, striving for a most realistic representation of the Antarctic Ice Sheet. Here we employ an ensemble of idealized simulations in a synthetic model setup to systematically investigate how the interaction between ice-sheet dynamics and the visco-elastic response of the solid Earth affect the tipping dynamics of an inherently buttressed, Antarctic-type ice-sheet-shelf system that is perturbed by basal ice-shelf melting. Exploring a wide range of solid Earth structures we find that the threshold of bifurcation-induced tipping (B-tipping), i.e., the critical meltrate magnitude inferred for the ice sheet in quasi equilibrium, strongly depends on the timescale and the spatial extent of the solid-Earth response. Compared to the case of a fixed bed (no bed deformation), the B-tipping threshold increases for the strongest (East-Antarctic type) Earth structures by at least 80<span>&thinsp;</span>% (from 0.8 to 1.5<span>&thinsp;</span>m<span>&thinsp;</span>yr<sup><span>&minus;1</span></sup>) whereas for the weakest (West-Antarctic type) Earth structures the increase is more than one order of magnitude larger.&nbsp; Due to the different timescales involved in the interplay between the dynamics of the ice sheet and the solid Earth, we find that for half of the ensemble members rate-induced tipping (R-tipping) occurs. That is, a sufficiently fast ramp-up of the basal meltrates triggers a MISI even before the critical forcing threshold of B-tipping would be crossed. In fact, due to R-tipping the effective critical tipping threshold reduces by up to 80<span>&thinsp;</span>% for high upper-mantle viscosities and thin lithospheres. In none of our simulations bed uplift can stop a MISI once it is triggered, due to the very fast timescale of self-reinforcing grounding-line retreat. Furthermore, we highlight the occurrence of grounding-line overshoots and demonstrate cases of self-sustaining oscillations between advanced and collapsed ice-sheet states. Once triggered, these oscillations continue perpetually just due to the internal, non-linear interaction between ice-flow and solid-Earth dynamics. Our findings highlight that the character of the solid-Earth structure underlying a MISI-prone ice sheet can strongly affect its tipping dynamics mediated by the strength and timescale of the GIA feedback that counteracts MISI. In the context of Antarctic ice-sheet stability under global warming, our results particularly underscore that besides the <em>magnitude</em> also the <em>rate</em> of future anthropogenic greenhouse gas emissions are likely to play a crucial role."
P1_psych,READ,,bifurcation;rate,2,False,openalex,W7128782117,10.5194/egusphere-2025-5859-rc3,2026,,Comment on egusphere-2025-5859,"<strong class=""journal-contentHeaderColor"">Abstract.</strong> The future evolution of the West Antarctic Ice Sheet may be characterized by self-reinforcing and irreversible retreat due to the unfolding of a marine ice sheet instability (MISI). How the stabilizing mechanism of glacial isostatic adjustment (GIA) does influence the timing and spatial extent of West Antarctica's present and potential future destabilization is highly uncertain and thus increasingly subject of numerical modeling studies that are based on observational data, striving for a most realistic representation of the Antarctic Ice Sheet. Here we employ an ensemble of idealized simulations in a synthetic model setup to systematically investigate how the interaction between ice-sheet dynamics and the visco-elastic response of the solid Earth affect the tipping dynamics of an inherently buttressed, Antarctic-type ice-sheet-shelf system that is perturbed by basal ice-shelf melting. Exploring a wide range of solid Earth structures we find that the threshold of bifurcation-induced tipping (B-tipping), i.e., the critical meltrate magnitude inferred for the ice sheet in quasi equilibrium, strongly depends on the timescale and the spatial extent of the solid-Earth response. Compared to the case of a fixed bed (no bed deformation), the B-tipping threshold increases for the strongest (East-Antarctic type) Earth structures by at least 80<span>&thinsp;</span>% (from 0.8 to 1.5<span>&thinsp;</span>m<span>&thinsp;</span>yr<sup><span>&minus;1</span></sup>) whereas for the weakest (West-Antarctic type) Earth structures the increase is more than one order of magnitude larger.&nbsp; Due to the different timescales involved in the interplay between the dynamics of the ice sheet and the solid Earth, we find that for half of the ensemble members rate-induced tipping (R-tipping) occurs. That is, a sufficiently fast ramp-up of the basal meltrates triggers a MISI even before the critical forcing threshold of B-tipping would be crossed. In fact, due to R-tipping the effective critical tipping threshold reduces by up to 80<span>&thinsp;</span>% for high upper-mantle viscosities and thin lithospheres. In none of our simulations bed uplift can stop a MISI once it is triggered, due to the very fast timescale of self-reinforcing grounding-line retreat. Furthermore, we highlight the occurrence of grounding-line overshoots and demonstrate cases of self-sustaining oscillations between advanced and collapsed ice-sheet states. Once triggered, these oscillations continue perpetually just due to the internal, non-linear interaction between ice-flow and solid-Earth dynamics. Our findings highlight that the character of the solid-Earth structure underlying a MISI-prone ice sheet can strongly affect its tipping dynamics mediated by the strength and timescale of the GIA feedback that counteracts MISI. In the context of Antarctic ice-sheet stability under global warming, our results particularly underscore that besides the <em>magnitude</em> also the <em>rate</em> of future anthropogenic greenhouse gas emissions are likely to play a crucial role."
P1_psych,READ,,bifurcation;rate,2,False,openalex,W7128020273,10.5194/egusphere-2025-5859-ec1,2026,,Editor comment on egusphere-2025-5859,"<strong class=""journal-contentHeaderColor"">Abstract.</strong> The future evolution of the West Antarctic Ice Sheet may be characterized by self-reinforcing and irreversible retreat due to the unfolding of a marine ice sheet instability (MISI). How the stabilizing mechanism of glacial isostatic adjustment (GIA) does influence the timing and spatial extent of West Antarctica's present and potential future destabilization is highly uncertain and thus increasingly subject of numerical modeling studies that are based on observational data, striving for a most realistic representation of the Antarctic Ice Sheet. Here we employ an ensemble of idealized simulations in a synthetic model setup to systematically investigate how the interaction between ice-sheet dynamics and the visco-elastic response of the solid Earth affect the tipping dynamics of an inherently buttressed, Antarctic-type ice-sheet-shelf system that is perturbed by basal ice-shelf melting. Exploring a wide range of solid Earth structures we find that the threshold of bifurcation-induced tipping (B-tipping), i.e., the critical meltrate magnitude inferred for the ice sheet in quasi equilibrium, strongly depends on the timescale and the spatial extent of the solid-Earth response. Compared to the case of a fixed bed (no bed deformation), the B-tipping threshold increases for the strongest (East-Antarctic type) Earth structures by at least 80<span>&thinsp;</span>% (from 0.8 to 1.5<span>&thinsp;</span>m<span>&thinsp;</span>yr<sup><span>&minus;1</span></sup>) whereas for the weakest (West-Antarctic type) Earth structures the increase is more than one order of magnitude larger.&nbsp; Due to the different timescales involved in the interplay between the dynamics of the ice sheet and the solid Earth, we find that for half of the ensemble members rate-induced tipping (R-tipping) occurs. That is, a sufficiently fast ramp-up of the basal meltrates triggers a MISI even before the critical forcing threshold of B-tipping would be crossed. In fact, due to R-tipping the effective critical tipping threshold reduces by up to 80<span>&thinsp;</span>% for high upper-mantle viscosities and thin lithospheres. In none of our simulations bed uplift can stop a MISI once it is triggered, due to the very fast timescale of self-reinforcing grounding-line retreat. Furthermore, we highlight the occurrence of grounding-line overshoots and demonstrate cases of self-sustaining oscillations between advanced and collapsed ice-sheet states. Once triggered, these oscillations continue perpetually just due to the internal, non-linear interaction between ice-flow and solid-Earth dynamics. Our findings highlight that the character of the solid-Earth structure underlying a MISI-prone ice sheet can strongly affect its tipping dynamics mediated by the strength and timescale of the GIA feedback that counteracts MISI. In the context of Antarctic ice-sheet stability under global warming, our results particularly underscore that besides the <em>magnitude</em> also the <em>rate</em> of future anthropogenic greenhouse gas emissions are likely to play a crucial role."
P1_psych,READ,,bifurcation;rate,2,False,openalex,W7141716262,10.5194/egusphere-2025-5859-ac1,2026,,Reply on RC1,"<strong class=""journal-contentHeaderColor"">Abstract.</strong> The future evolution of the West Antarctic Ice Sheet may be characterized by self-reinforcing and irreversible retreat due to the unfolding of a marine ice sheet instability (MISI). How the stabilizing mechanism of glacial isostatic adjustment (GIA) does influence the timing and spatial extent of West Antarctica's present and potential future destabilization is highly uncertain and thus increasingly subject of numerical modeling studies that are based on observational data, striving for a most realistic representation of the Antarctic Ice Sheet. Here we employ an ensemble of idealized simulations in a synthetic model setup to systematically investigate how the interaction between ice-sheet dynamics and the visco-elastic response of the solid Earth affect the tipping dynamics of an inherently buttressed, Antarctic-type ice-sheet-shelf system that is perturbed by basal ice-shelf melting. Exploring a wide range of solid Earth structures we find that the threshold of bifurcation-induced tipping (B-tipping), i.e., the critical meltrate magnitude inferred for the ice sheet in quasi equilibrium, strongly depends on the timescale and the spatial extent of the solid-Earth response. Compared to the case of a fixed bed (no bed deformation), the B-tipping threshold increases for the strongest (East-Antarctic type) Earth structures by at least 80<span>&thinsp;</span>% (from 0.8 to 1.5<span>&thinsp;</span>m<span>&thinsp;</span>yr<sup><span>&minus;1</span></sup>) whereas for the weakest (West-Antarctic type) Earth structures the increase is more than one order of magnitude larger.&nbsp; Due to the different timescales involved in the interplay between the dynamics of the ice sheet and the solid Earth, we find that for half of the ensemble members rate-induced tipping (R-tipping) occurs. That is, a sufficiently fast ramp-up of the basal meltrates triggers a MISI even before the critical forcing threshold of B-tipping would be crossed. In fact, due to R-tipping the effective critical tipping threshold reduces by up to 80<span>&thinsp;</span>% for high upper-mantle viscosities and thin lithospheres. In none of our simulations bed uplift can stop a MISI once it is triggered, due to the very fast timescale of self-reinforcing grounding-line retreat. Furthermore, we highlight the occurrence of grounding-line overshoots and demonstrate cases of self-sustaining oscillations between advanced and collapsed ice-sheet states. Once triggered, these oscillations continue perpetually just due to the internal, non-linear interaction between ice-flow and solid-Earth dynamics. Our findings highlight that the character of the solid-Earth structure underlying a MISI-prone ice sheet can strongly affect its tipping dynamics mediated by the strength and timescale of the GIA feedback that counteracts MISI. In the context of Antarctic ice-sheet stability under global warming, our results particularly underscore that besides the <em>magnitude</em> also the <em>rate</em> of future anthropogenic greenhouse gas emissions are likely to play a crucial role."
P1_psych,READ,,bifurcation;rate,2,False,openalex,W7118317386,10.5194/egusphere-2025-5859-rc1,2026,,Comment on egusphere-2025-5859,"<strong class=""journal-contentHeaderColor"">Abstract.</strong> The future evolution of the West Antarctic Ice Sheet may be characterized by self-reinforcing and irreversible retreat due to the unfolding of a marine ice sheet instability (MISI). How the stabilizing mechanism of glacial isostatic adjustment (GIA) does influence the timing and spatial extent of West Antarctica's present and potential future destabilization is highly uncertain and thus increasingly subject of numerical modeling studies that are based on observational data, striving for a most realistic representation of the Antarctic Ice Sheet. Here we employ an ensemble of idealized simulations in a synthetic model setup to systematically investigate how the interaction between ice-sheet dynamics and the visco-elastic response of the solid Earth affect the tipping dynamics of an inherently buttressed, Antarctic-type ice-sheet-shelf system that is perturbed by basal ice-shelf melting. Exploring a wide range of solid Earth structures we find that the threshold of bifurcation-induced tipping (B-tipping), i.e., the critical meltrate magnitude inferred for the ice sheet in quasi equilibrium, strongly depends on the timescale and the spatial extent of the solid-Earth response. Compared to the case of a fixed bed (no bed deformation), the B-tipping threshold increases for the strongest (East-Antarctic type) Earth structures by at least 80<span>&thinsp;</span>% (from 0.8 to 1.5<span>&thinsp;</span>m<span>&thinsp;</span>yr<sup><span>&minus;1</span></sup>) whereas for the weakest (West-Antarctic type) Earth structures the increase is more than one order of magnitude larger.&nbsp; Due to the different timescales involved in the interplay between the dynamics of the ice sheet and the solid Earth, we find that for half of the ensemble members rate-induced tipping (R-tipping) occurs. That is, a sufficiently fast ramp-up of the basal meltrates triggers a MISI even before the critical forcing threshold of B-tipping would be crossed. In fact, due to R-tipping the effective critical tipping threshold reduces by up to 80<span>&thinsp;</span>% for high upper-mantle viscosities and thin lithospheres. In none of our simulations bed uplift can stop a MISI once it is triggered, due to the very fast timescale of self-reinforcing grounding-line retreat. Furthermore, we highlight the occurrence of grounding-line overshoots and demonstrate cases of self-sustaining oscillations between advanced and collapsed ice-sheet states. Once triggered, these oscillations continue perpetually just due to the internal, non-linear interaction between ice-flow and solid-Earth dynamics. Our findings highlight that the character of the solid-Earth structure underlying a MISI-prone ice sheet can strongly affect its tipping dynamics mediated by the strength and timescale of the GIA feedback that counteracts MISI. In the context of Antarctic ice-sheet stability under global warming, our results particularly underscore that besides the <em>magnitude</em> also the <em>rate</em> of future anthropogenic greenhouse gas emissions are likely to play a crucial role."
P1_psych,READ,,bifurcation;rate,2,False,openalex,W7126240472,10.5194/egusphere-2025-5859-rc2,2026,,Comment on egusphere-2025-5859,"<strong class=""journal-contentHeaderColor"">Abstract.</strong> The future evolution of the West Antarctic Ice Sheet may be characterized by self-reinforcing and irreversible retreat due to the unfolding of a marine ice sheet instability (MISI). How the stabilizing mechanism of glacial isostatic adjustment (GIA) does influence the timing and spatial extent of West Antarctica's present and potential future destabilization is highly uncertain and thus increasingly subject of numerical modeling studies that are based on observational data, striving for a most realistic representation of the Antarctic Ice Sheet. Here we employ an ensemble of idealized simulations in a synthetic model setup to systematically investigate how the interaction between ice-sheet dynamics and the visco-elastic response of the solid Earth affect the tipping dynamics of an inherently buttressed, Antarctic-type ice-sheet-shelf system that is perturbed by basal ice-shelf melting. Exploring a wide range of solid Earth structures we find that the threshold of bifurcation-induced tipping (B-tipping), i.e., the critical meltrate magnitude inferred for the ice sheet in quasi equilibrium, strongly depends on the timescale and the spatial extent of the solid-Earth response. Compared to the case of a fixed bed (no bed deformation), the B-tipping threshold increases for the strongest (East-Antarctic type) Earth structures by at least 80<span>&thinsp;</span>% (from 0.8 to 1.5<span>&thinsp;</span>m<span>&thinsp;</span>yr<sup><span>&minus;1</span></sup>) whereas for the weakest (West-Antarctic type) Earth structures the increase is more than one order of magnitude larger.&nbsp; Due to the different timescales involved in the interplay between the dynamics of the ice sheet and the solid Earth, we find that for half of the ensemble members rate-induced tipping (R-tipping) occurs. That is, a sufficiently fast ramp-up of the basal meltrates triggers a MISI even before the critical forcing threshold of B-tipping would be crossed. In fact, due to R-tipping the effective critical tipping threshold reduces by up to 80<span>&thinsp;</span>% for high upper-mantle viscosities and thin lithospheres. In none of our simulations bed uplift can stop a MISI once it is triggered, due to the very fast timescale of self-reinforcing grounding-line retreat. Furthermore, we highlight the occurrence of grounding-line overshoots and demonstrate cases of self-sustaining oscillations between advanced and collapsed ice-sheet states. Once triggered, these oscillations continue perpetually just due to the internal, non-linear interaction between ice-flow and solid-Earth dynamics. Our findings highlight that the character of the solid-Earth structure underlying a MISI-prone ice sheet can strongly affect its tipping dynamics mediated by the strength and timescale of the GIA feedback that counteracts MISI. In the context of Antarctic ice-sheet stability under global warming, our results particularly underscore that besides the <em>magnitude</em> also the <em>rate</em> of future anthropogenic greenhouse gas emissions are likely to play a crucial role."
P2_within,METHOD_PRECEDENT,S2_PSYCH,bifurcation;noise;rate,3,False,openalex,W4309530122,10.1063/5.0089694,2022,Chaos An Interdisciplinary Journal of Nonlinear Science,Dynamical stability indicator based on autoregressive moving-average models: Critical transitions and the Atlantic meridional overturning circulation,"A statistical indicator for dynamic stability, known as the Υ indicator, is used to gauge the stability and, hence, detect approaching tipping points of simulation data from a reduced five-box model of the North Atlantic Meridional Overturning Circulation (AMOC) exposed to a time-dependent hosing function. The hosing function simulates the influx of fresh water due to the melting of the Greenland ice sheet and increased precipitation in the North Atlantic. The Υ indicator is designed to detect changes in the memory properties of the dynamics and is based on fitting auto-regressive moving-average models in a sliding window approach to time series data. An increase in memory properties is interpreted as a sign of dynamical instability. The performance of the indicator is tested on time series subject to different types of tipping, namely, bifurcation-induced, noise-induced, and rate-induced tipping. The numerical analysis shows that the indicator indeed responds to the different types of induced instabilities. Finally, the indicator is applied to two AMOC time series from a full complexity Earth systems model (CESM2). Compared with the doubling CO2 scenario, the quadrupling CO2 scenario results in stronger dynamical instability of the AMOC during its weakening phase."
P2_within,METHOD_PRECEDENT,S2_PSYCH,bifurcation;noise;rate,3,False,openalex,W4221146808,10.48550/arxiv.2203.01100,2022,arXiv (Cornell University),Dynamical Stability Indicator based on Autoregressive Moving-Average Models: Critical Transitions and the Atlantic Meridional Overturning Circulation,"A statistical indicator for dynamic stability known as the $Υ$ indicator is used to gauge the stability and hence detect approaching tipping points of simulation data from a reduced 5-box model of the North-Atlantic Meridional Overturning Circulation (AMOC) exposed to a time dependent hosing function. The hosing function simulates the influx of fresh water due to the melting of the Greenland ice sheet and increased precipitation in the North Atlantic. The $Υ$ indicator is designed to detect changes in the memory properties of the dynamics, and is based on fitting ARMA (auto-regressive moving-average) models in a sliding window approach to time series data. An increase in memory properties is interpreted as a sign of dynamical instability. The performance of the indicator is tested on time series subject to different types of tipping, namely bifurcation-induced, noise-induced and rate-induced tipping. The numerical analysis show that the indicator indeed responds to the different types of induced instabilities. Finally, the indicator is applied to two AMOC time series from a full complexity Earth systems model (CESM2). Compared with the doubling CO$_2$ scenario, the quadrupling CO$_2$ scenario results in stronger dynamical instability of the AMOC during its weakening phase."
P2_within,METHOD_PRECEDENT,S2_PSYCH,bifurcation;noise;rate,3,False,openalex,W4414756939,10.48550/arxiv.2509.06450,2025,arXiv (Cornell University),Anticipating AMOC transitions via deep learning,"Key components of the Earth system can undergo abrupt and potentially irreversible transitions when the magnitude or rate of external forcing exceeds critical thresholds. In this study, we use the example of the Atlantic Meridional Overturning Circulation (AMOC) to demonstrate the challenges associated with anticipating such transitions when the system is susceptible to bifurcation-induced, rate-induced, and noise-induced tipping. Using a calibrated AMOC box model, we conduct large ensemble simulations and show that transition behavior is inherently probabilistic: under identical freshwater forcing scenarios, some ensemble members exhibit transitions while others do not. In this stochastic regime, traditional early warning indicators based on critical slowing down are unreliable in predicting impending transitions. To address this limitation, we develop a convolutional neural network (CNN)-based approach that identifies higher-order statistical differences between transitioning and non-transitioning trajectories within the ensemble realizations. This method enables the real-time prediction of transition probabilities for individual trajectories prior to the onset of tipping. Our results show that the CNN-based indicator provides effective early warnings in a system where transitions can be induced by bifurcations, critical forcing rates, and noise. These findings underscore the potential in identifying safe operating spaces and early warning indicators for abrupt transitions of Earth system components under uncertainty."
P2_within,METHOD_PRECEDENT,S2_PSYCH,bifurcation;noise;rate,3,True,openalex,W7148926013,10.5281/zenodo.19410842,2026,Zenodo (CERN European Organization for Nuclear Research),Structural Compression as an Early Warning Signal for Fold Bifurcations: The CRTI Framework for High-Dimensional Systems,"This paper builds on the structural compression framework introduced in Mallinckrodt (2026), Structural Compression as a Mechanism-Specific Early Warning Signal Beyond Critical Slowing Down (https://doi.org/10.5281/zenodo.19410080), and applies it specifically to fold bifurcation systems. Description This work introduces the Compression–Resonance Thermodynamic Index (CRTI), a mechanism-specific early warning framework for detecting critical transitions in high-dimensional dynamical systems. The central hypothesis is that, in systems approaching fold-type bifurcations under additive noise, collapse may be preceded not by increasing variance or autocorrelation, but by a progressive loss of effective degrees of freedom, referred to as structural compression. Structural compression is quantified via the effective rank of the rolling covariance matrix, computed as the exponential of spectral entropy. This measure, denoted Φ(t), is invariant under uniform scaling and therefore captures redistribution of variance across modes independently of total amplitude. A complementary responsiveness proxy R(t), derived from the lag-1 autoregressive coefficient of the dominant principal component, is combined with Φ(t) to form the composite viability index: T(t) = R(t) / Φ(t) The framework yields three falsifiable predictions: (i) Φ(t) declines prior to variance-based indicators in compression-driven systems, (ii) T(t) provides earlier detection than variance or AR(1) alone, and (iii) observed Φ trends exceed phase-randomized surrogate baselines. The methodology includes rolling covariance estimation with Ledoit–Wolf shrinkage, surrogate testing via IAAFT, and evaluation using Kendall’s tau and lead-time metrics. Simulation results from compression-driven coupled systems indicate that Φ(t) exhibits earlier and more robust trends than classical early warning signals, while T(t) provides the strongest combined signal under the tested conditions. The domain of validity is explicitly restricted to fold-type bifurcations under additive noise. The framework is not applicable to Hopf bifurcations, noise-induced transitions, or rate-induced tipping. Additional constraints include the Structural–Dynamic Separability (SDS) condition and the Projection-Induced Determinism (PID) limitation, both of which are formally integrated into the estimation pipeline. All claims are formulated as empirically testable hypotheses. The proposed framework is intended as a complementary, mechanism-sensitive extension to classical early warning theory rather than a universal replacement. early warning signals critical transitions structural compression effective rank spectral entropy fold bifurcation high-dimensional systems multivariate time series covariance structure critical slowing down CRTI complex systems"
P2_within,METHOD_PRECEDENT,S2_PSYCH,bifurcation;noise;rate,3,True,openalex,W7148907649,10.5281/zenodo.19410843,2026,Zenodo (CERN European Organization for Nuclear Research),Structural Compression as an Early Warning Signal for Fold Bifurcations: The CRTI Framework for High-Dimensional Systems,"This paper builds on the structural compression framework introduced in Mallinckrodt (2026), Structural Compression as a Mechanism-Specific Early Warning Signal Beyond Critical Slowing Down (https://doi.org/10.5281/zenodo.19410080), and applies it specifically to fold bifurcation systems. Description This work introduces the Compression–Resonance Thermodynamic Index (CRTI), a mechanism-specific early warning framework for detecting critical transitions in high-dimensional dynamical systems. The central hypothesis is that, in systems approaching fold-type bifurcations under additive noise, collapse may be preceded not by increasing variance or autocorrelation, but by a progressive loss of effective degrees of freedom, referred to as structural compression. Structural compression is quantified via the effective rank of the rolling covariance matrix, computed as the exponential of spectral entropy. This measure, denoted Φ(t), is invariant under uniform scaling and therefore captures redistribution of variance across modes independently of total amplitude. A complementary responsiveness proxy R(t), derived from the lag-1 autoregressive coefficient of the dominant principal component, is combined with Φ(t) to form the composite viability index: T(t) = R(t) / Φ(t) The framework yields three falsifiable predictions: (i) Φ(t) declines prior to variance-based indicators in compression-driven systems, (ii) T(t) provides earlier detection than variance or AR(1) alone, and (iii) observed Φ trends exceed phase-randomized surrogate baselines. The methodology includes rolling covariance estimation with Ledoit–Wolf shrinkage, surrogate testing via IAAFT, and evaluation using Kendall’s tau and lead-time metrics. Simulation results from compression-driven coupled systems indicate that Φ(t) exhibits earlier and more robust trends than classical early warning signals, while T(t) provides the strongest combined signal under the tested conditions. The domain of validity is explicitly restricted to fold-type bifurcations under additive noise. The framework is not applicable to Hopf bifurcations, noise-induced transitions, or rate-induced tipping. Additional constraints include the Structural–Dynamic Separability (SDS) condition and the Projection-Induced Determinism (PID) limitation, both of which are formally integrated into the estimation pipeline. All claims are formulated as empirically testable hypotheses. The proposed framework is intended as a complementary, mechanism-sensitive extension to classical early warning theory rather than a universal replacement. early warning signals critical transitions structural compression effective rank spectral entropy fold bifurcation high-dimensional systems multivariate time series covariance structure critical slowing down CRTI complex systems"
P2_within,METHOD_PRECEDENT,S2_PSYCH,bifurcation;noise;rate,3,False,openalex,W7160144445,10.1016/j.chaos.2026.118374,2026,Chaos Solitons & Fractals,Probabilistic anticipation of AMOC transitions under critical forcing magnitudes and rates via deep learning,"Key components of the Earth system can undergo abrupt transitions when the magnitude or rate of external forcing exceeds critical thresholds. In this study, we use the example of the Atlantic Meridional Overturning Circulation (AMOC) to demonstrate the challenges associated with anticipating such transitions when the complex system is susceptible to bifurcation-induced, rate-induced, and noise-induced tipping. Using a calibrated AMOC model, we conduct large ensemble simulations and show that transition behavior is inherently stochastic: under identical freshwater forcing scenarios, some ensemble members exhibit transitions while others do not. In this stochastic regime, traditional early warning indicators based on critical slowing down are unreliable in predicting impending transitions. To address this limitation, we develop a deep learning (DL)-based approach that identifies higher-order statistical differences between transitioning and non-transitioning trajectories within the ensemble realizations. This method enables the real-time prediction of transition probabilities for individual trajectories prior to the onset of tipping. Our results show that the DL-based indicator provides effective early warnings in a system where transitions can be induced by bifurcations, critical forcing rates, and noise. These findings underscore the probabilistic safe operating boundary and the potential in identifying early warning indicators for abrupt transitions of complex systems under uncertainty."
P2_within,METHOD_PRECEDENT,S2_PSYCH,bifurcation;noise,2,False,openalex,W423541695,,2014,Research Commons (University of Waikato),Dynamics and precursor signs for phase transitions in neural systems,"This thesis investigates neural state transitions associated with sleep, seizure and anaesthesia. The aim is to address the question: How does a brain traverse the critical threshold between distinct cortical states, both healthy and pathological? Specifically we are interested in sub-threshold neural behaviour immediately prior to state transition. We use theoretical neural modelling (single spiking neurons, a network of these, and a mean-field continuum limit) and in vitro experiments to address this question.&#13;\nDynamically realistic equations of motion for thalamic relay neuron, reticular nuclei, cortical pyramidal and cortical interneuron in different vigilance states are developed, based on the Izhikevich spiking neuron model. A network of cortical neurons is assembled to examine the behaviour of the gamma-producing cortical network and its transition to lower frequencies due to effect of anaesthesia. Then a three-neuron model for the thalamocortical loop for sleep spindles is presented. Numerical simulations of these networks confirms spiking consistent with reported in vivo measurement results, and provides supporting evidence for precursor indicators of imminent phase transition due to occurrence of individual spindles.&#13;\nTo complement the spiking neuron networks, we study the Wilson–Cowan neural mass equations describing homogeneous cortical columns and a 1D spatial cluster of such columns. The abstract representation of cortical tissue by a pair of coupled integro-differential equations permits thorough linear stability, phase plane and bifurcation analyses. This model shows a rich set of spatial and temporal bifurcations marking the boundary to state transitions: saddle-node, Hopf, Turing, and mixed Hopf–Turing. Close to state transition, white-noise-induced subthreshold fluctuations show clear signs of critical slowing down with prolongation and strengthening of autocorrelations, both in time and space, irrespective of bifurcation type.&#13;\nAttempts at in vitro capture of these predicted leading indicators form the last part of the thesis. We recorded local field potentials (LFPs) from cortical and hippocampal slices of mouse brain. State transition is marked by the emergence and cessation of spontaneous seizure-like events (SLEs) induced by bathing the slices in an artificial cerebral spinal fluid containing no magnesium ions. Phase-plane analysis of the LFP time-series suggests that distinct bifurcation classes can be responsible for state change to seizure. Increased variance and growth of spectral power at low frequencies (f &lt; 15 Hz) was observed in LFP recordings prior to initiation of some SLEs. In addition we demonstrated prolongation of electrically evoked potentials in cortical tissue, while forwarding the slice to a seizing regime. The results offer the possibility of capturing leading temporal indicators prior to seizure generation, with potential consequences for understanding epileptogenesis.&#13;\nGuided by dynamical systems theory this thesis captures evidence for precursor signs of phase transitions in neural systems using mathematical and computer-based modelling as well as in vitro experiments."
P2_within,METHOD_PRECEDENT,S2_PSYCH,bifurcation;noise,2,False,openalex,W2221245628,10.1103/physreve.93.032404,2016,Physical review. E,Anticipating regime shifts in gene expression: The case of an autoactivating positive feedback loop,"Considerable evidence suggests that anticipating sudden shifts from one state to another in bistable dynamical systems is a challenging task; examples include ecosystems, financial markets, and complex diseases. In this paper, we investigate the effects of additive, multiplicative, and cross-correlated stochastic perturbations on determining the regime shifts in a bistable gene regulatory system, which gives rise to two distinct states of low and high concentrations of protein. We obtain the stationary probability density and mean first-passage time of the system. We show that increasing the additive (multiplicative) noise intensity induces a regime shift from a low (high) to a high (low) protein concentration state. However, an increase in the cross-correlation intensity always induces regime shifts from a high to a low protein concentration state. For both bifurcation-induced (often called the tipping point) and noise-induced (called stochastic switching) regime shifts, we further explore the robustness of recently developed critical-down-based early warning signal (EWS) indicators (e.g., rising variance and lag-1 autocorrelation) on our simulated time-series data. We identify that using EWS indicators, prediction of an impending bifurcation-induced regime shift is relatively easier than that of a noise-induced regime shift in the considered system. Moreover, the success of EWS indicators also strongly depends upon the nature of the noise."
P2_within,METHOD_PRECEDENT,S2_PSYCH,bifurcation;noise,2,False,openalex,W2575219362,10.1017/9781316339251.003,2016,Cambridge University Press eBooks,Tipping Points in the Climate System,"Abstract. In climatic time series abrupt changes are observed. We hypothesize that these abrupt changes are due to nonlinear responses inherent in the climate system, specifically, so-called tipping points. This behaviour result from non-linear climate response to either ex-ternal forcing, internal stochastic fluctuations or a combination of both. At some point the forcing will cause the climate to jump from one stable state to another. This scenario is termed a tipping point. The concept of a tipping point is quite broad, but here we shall refrain from any gen-eral definitions and consider the following more restricted framework: We consider the climate or some components of the climate as a dynamical system depending on a set of parameters. Factors, not included in the system interacting with components of the system, can then be consid-ered external forcing or stochastic fluctuations. Two common, and often competing, hypotheses are: The climate system’s steady state loses its stability and disappears as an external system (control-)parameter slowly changes, so-called b-tipping, b for bifurcation-induced; or fluctuations spontaneously push the climate system from one stable state to another, so-called n-tipping, n for noise-induced. The cause of the tipping can be very different in the two cases, and especially the possibility of predicting a tipping will be different. In the case that the underlying dynamics or the control-parameter are not com-pletely known, there could still be early warning signals in the statistics of the observed fluctuations prior to a tipping point. The Pleistocene climate is documented in a variety of geological records, most promi-"
P2_within,METHOD_PRECEDENT,S2_PSYCH,bifurcation;rate,2,False,openalex,W2546763068,,2016,Figshare,Early-warning indicators for tipping points,"The term ‘tipping event’ is used to describe a certain class of phenomena as observed in many different fields of science. It refers to an event where a gradual change of external forcing causes a sudden, large, often unwanted, transition to the state of the system. Some examples of known tipping events in science include: Arctic sea ice melting (climate), epileptic seizures (biology), collapse of ecosystems and populations (ecology) and market crashes (finance). Three mathematical mechanisms for tipping events have been proposed in the literature: bifurcation-, noise- or rate-induced tipping. Recent research has focused on developing early-warning indicators to potentially offer forewarning, which can extract from output time series whether the external forcing approaches a critical level at which tipping occurs. Two commonly used early-warning indicators are an increase of autocorrelation and variance in the time series data for the system’s output. The theory behind the presence of these indicators is the loss of stability of the system’s current state known as ‘critical slowing down’ for the approach of a bifurcation-induced tipping. Rate-induced tipping occurs when the external forcing reaches a critical rate instead of level. For rate-induced tipping there is no loss of stability of the system’s current state and therefore it is not clear if the early-warning indicators should exist. In this thesis we investigate the presence of early-warning indicators for models that show rate-induced tipping with additive noise. We also explore a technique for determining the most likely time of tipping using optimal paths for escape. Research has mainly focussed on testing the early-warning indicators for examples of known tipping events in the past. The ultimate aim of early-warning indicators would be to have the ability to predict future tipping events. Using the early-warning indicators in isolation is susceptible to incurring false alarms and missed alarms. We present a method for approximating the probability of experiencing rate-induced tipping with noise for slow to moderate drift speeds."
P1_psych,METHOD_PRECEDENT,S2_PSYCH,bifurcation;rate,2,False,openalex,W3200511793,,2021,Arrow@dit (Dublin Institute of Technology),Rate-induced tipping in a moving habitat,"As our planet's surface warms, its ecosystems are shifting to cooler and more suitable climates to survive [1]. This issue raises some important research questions. How successfully can life on earth adapt to these changes? How fast can populations be pushed to migrate before they fail to adapt and collapse to extinction? This thesis addresses the problem of species adapting to shifting habitats, using the framework of ``critical transitions'' or ``tipping points''. Specifically, it explores the persistence of a single species in a fast-moving habitat, and how the nature of its population growth affects its adaptability. The spatiotemporal evolution of the species concerned is described by partial differential equations (PDEs) in the form of nonlinear one-dimensional reaction-diffusion equations and reaction-convection-diffusion equations. Two distinct growth models are constructed and the moving habitat is incorporated into each model with the addition of a continuous non-autonomous term. The first model is a quadratic monostable model of logistic growth limited by the carrying capacity of the habitat, similar to models used in previously published work on the topic of species in a moving habitat [2,3,4]. The second model is made cubic and bistable by incorporating an additional limitation to population growth at low population densities, known as the Allee effect.\n\nThe spatial distribution of the populations are computed as standing wave solutions in the static habitat and travelling pulse solutions in the moving habitat, drifting at a constant habitat speed. A critical habitat speed is found for both the monostable and bistable models, above which no physical travelling pulse solution exists, meaning that the population within the habitat dies out. In the monostable Logistic Model, a transcritical bifurcation occurs between its travelling pulse solution and its zero (extinction) solution, which gives rate-induced tipping that can be reversed with a clear indication of an eventual local extinction as this critical speed is approached. In contrast, in the bistable Allee Model a saddle-node bifurcation of travelling pulses occurs, which produces an rate-induced tipping point, which typically cannot be reversed in nature, at which the population in the habitat abruptly collapses to extirpation, without any clear indication of the imminent collapse. This provides a stark ecological insight into how the increasing rate of climate change may give little to no advanced warning of extinction for some species that are observed to have an Allee effect and other complex features influencing their population dynamics."
P2_within,METHOD_PRECEDENT,S2_PSYCH,bifurcation;noise,2,False,openalex,W4311559359,10.48550/arxiv.2212.06780,2022,arXiv (Cornell University),Quantifying Tipping Risks in Power Grids and beyond,"Critical transitions, ubiquitous in nature and technology, necessitate anticipation to avert adverse outcomes. While many studies focus on bifurcation-induced tipping, where a control parameter change leads to destabilization, alternative scenarios are conceivable, e.g. noise-induced tipping by an increasing noise level in a multi-stable system. Although the generating mechanisms can be different, the observed time series can exhibit similar characteristics. Therefore, we propose a Bayesian Langevin approach, implemented in an open-source tool, which is capable of quantifying both deterministic and intrinsic stochastic dynamics simultaneously. After a detailed proof of concept, we analyse two bus voltage frequency time series of the historic North America Western Interconnection blackout on 10th August 1996. Our results unveil the intricate interplay of changing resilience and noise influence. A comparison with the blackout's timeline supports our frequency dynamics' Langevin model, with the BL-estimation indicating a permanent grid state change already two minutes before the officially defined triggering event. A tree-related high impedance fault or sudden load increases may serve as earlier triggers during this event, as suggested by our findings. This study underscores the importance of distinguishing destabilizing factors for a reliable anticipation of critical transitions, offering a tool for better understanding such events across various disciplines."
P1_psych,METHOD_PRECEDENT,S2_PSYCH,bifurcation;noise,2,False,openalex,W4392241996,10.1103/physreve.109.024224,2024,Physical review. E,Catastrophic and noncatastrophic population crashes in a bitrophic system with dynamic additional food provision to cooperative predators,"In this article we contemplate the dynamics of an additional food-provided prey-predator system. We assume that the behavior of cooperative predators induces fear in prey, which radically affects the prey's birth and death rates. We observe that the structural instability imposed by strong cooperative hunting among predators goes away with higher intensities of fear levels affecting the prey's reproductive output and mortality. High levels of prey refuge are not conducive to the survival of predators. In such a situation, adequate supply of high-quality additional food is favorable regarding the persistence and stability of the system. Interestingly, the system potentially exhibits two stable configurations under identical ecological conditions by allowing different bifurcation scenarios, including saddle-node and backward bifurcations, and associated hysteresis effects with prey refuge along with additional food quantity and quality. In the stochastic environment, the system experiences critical transitions through bifurcation-induced tipping events with time-varying additional food for predators. Enhanced disturbance events promote noise-induced switching and tipping events. Finally, our investigation explores whether impending population crashes resulting from the variability of additional food quantity and quality can reliably be predicted using early warning signals in the context of redshifted noise. Overall, our results may provide insights for finding control strategies in the context of community ecology."
P2_within,METHOD_PRECEDENT,S2_PSYCH,noise;rate,2,False,openalex,W4404824582,10.1038/s42256-024-00937-0,2024,Nature Machine Intelligence,Deep learning for predicting rate-induced tipping,"Abstract Nonlinear dynamical systems exposed to changing forcing values can exhibit catastrophic transitions between distinct states. The phenomenon of critical slowing down can help anticipate such transitions if caused by a bifurcation and if the change in forcing is slow compared with the system’s internal timescale. However, in many real-world situations, these assumptions are not met and transitions can be triggered because the forcing exceeds a critical rate. For instance, the rapid pace of anthropogenic climate change compared with the internal timescales of key Earth system components, like polar ice sheets or the Atlantic Meridional Overturning Circulation, poses significant risk of rate-induced tipping. Moreover, random perturbations may cause some trajectories to cross an unstable boundary whereas others do not—even under the same forcing. Critical-slowing-down-based indicators generally cannot distinguish these cases of noise-induced tipping from no tipping. This severely limits our ability to assess the tipping risks and to predict individual trajectories. To address this, we make the first attempt to develop a deep learning framework predicting the transition probabilities of dynamical systems ahead of rate-induced transitions. Our method issues early warnings, as demonstrated on three prototypical systems for rate-induced tipping subjected to time-varying equilibrium drift and noise perturbations. Exploiting explainable artificial intelligence methods, our framework captures the fingerprints for the early detection of rate-induced tipping, even with long lead times. Our findings demonstrate the predictability of rate-induced and noise-induced tipping, advancing our ability to determine safe operating spaces for a broader class of dynamical systems than possible so far."
P2_within,METHOD_PRECEDENT,S2_PSYCH,noise;rate,2,False,openalex,W4403663087,10.48550/arxiv.2409.07590,2024,arXiv (Cornell University),Deep Learning for predicting rate-induced tipping,"Nonlinear dynamical systems exposed to changing forcing can exhibit catastrophic transitions between alternative and often markedly different states. The phenomenon of critical slowing down (CSD) can be used to anticipate such transitions if caused by a bifurcation and if the change in forcing is slow compared to the internal time scale of the system. However, in many real-world situations, these assumptions are not met and transitions can be triggered because the forcing exceeds a critical rate. For example, given the pace of anthropogenic climate change in comparison to the internal time scales of key Earth system components, such as the polar ice sheets or the Atlantic Meridional Overturning Circulation, such rate-induced tipping poses a severe risk. Moreover, depending on the realisation of random perturbations, some trajectories may transition across an unstable boundary, while others do not, even under the same forcing. CSD-based indicators generally cannot distinguish these cases of noise-induced tipping versus no tipping. This severely limits our ability to assess the risks of tipping, and to predict individual trajectories. To address this, we make a first attempt to develop a deep learning framework to predict transition probabilities of dynamical systems ahead of rate-induced transitions. Our method issues early warnings, as demonstrated on three prototypical systems for rate-induced tipping, subjected to time-varying equilibrium drift and noise perturbations. Exploiting explainable artificial intelligence methods, our framework captures the fingerprints necessary for early detection of rate-induced tipping, even in cases of long lead times. Our findings demonstrate the predictability of rate-induced and noise-induced tipping, advancing our ability to determine safe operating spaces for a broader class of dynamical systems than possible so far."
P2_within,METHOD_PRECEDENT,S2_PSYCH,bifurcation;noise,2,False,openalex,W4412070705,10.1038/s41467-025-60877-0,2025,Nature Communications,Quantifying local stability and noise levels from time series in the US Western Interconnection blackout on 10th August 1996,"Critical transitions necessitate anticipation to prevent adverse outcomes. While many studies focus on bifurcation-induced tipping, noise-induced tipping is also possible. We propose to use the open-source (non-Markovian) Bayesian Langevin estimation to quantify deterministic and stochastic dynamics simultaneously. By analysing bus voltage frequency time series from the Western Interconnection blackout on 10th August 1996, complemented by conceptual network models of its key events, we reveal the interplay of changing local restoring rates and noise levels. Furthermore, a comparison of these findings to the blackout's timeline supports our frequency Langevin model driven by correlated noise. A state change is indicated two minutes before the official triggering event, potentially by establishing a tree-to-line fault. This study highlights the importance of distinguishing destabilising factors for anticipating critical transitions and provides a tool for understanding such events across various disciplines."
P2_within,METHOD_PRECEDENT,S2_PSYCH,bifurcation;noise,2,True,openalex,W7149289563,10.5281/zenodo.19422149,2026,Zenodo (CERN European Organization for Nuclear Research),Compression–Response Transition Index (CRTI): A Mechanism-Specific Early Warning Signal for Fold-Type Critical Transitions,"This preprint introduces the Compression–Response Transition Index (CRTI), a bivariate early warning signal designed for detecting fold-type critical transitions in multivariate dynamical systems. The index is defined as T = R̂ / Φ, coupling a recovery-rate proxy derived from the autocorrelation structure (R̂) with a spectral concentration measure Φ = λ₁ / \sum_i λ_i, representing the dominance of the leading covariance mode. Unlike classical early warning indicators based on variance or autocorrelation alone, CRTI explicitly integrates structural and dynamical information and is equipped with a validity gate via the Structural–Dynamic Separability (SDS) condition. The framework is mechanism-specific, with explicit boundary conditions covering Hopf bifurcations, noise-induced transitions, projection-induced distortion, and reflexive systems. Simulation results demonstrate that CRTI provides earlier and more robust detection of fold bifurcations compared to AR(1) and variance-based indicators, while correctly failing outside its domain of validity. An empirical evaluation on the Peter Lake ecosystem dataset, based on a pre-registered protocol, supports the theoretical predictions. CRTI is presented as a diagnostic instrument with explicitly defined scope, not as a universal early warning signal. CRTI, early warning signals, critical transitions, fold bifurcation, multivariate time series, covariance structure, autocorrelation, spectral concentration, complex systems, nonlinear dynamics"
P2_within,METHOD_PRECEDENT,S2_PSYCH,bifurcation;noise,2,True,openalex,W7149641790,10.5281/zenodo.19422148,2026,Zenodo (CERN European Organization for Nuclear Research),Compression–Response Transition Index (CRTI): A Mechanism-Specific Early Warning Signal for Fold-Type Critical Transitions,"This preprint introduces the Compression–Response Transition Index (CRTI), a bivariate early warning signal designed for detecting fold-type critical transitions in multivariate dynamical systems. The index is defined as T = R̂ / Φ, coupling a recovery-rate proxy derived from the autocorrelation structure (R̂) with a spectral concentration measure Φ = λ₁ / \sum_i λ_i, representing the dominance of the leading covariance mode. Unlike classical early warning indicators based on variance or autocorrelation alone, CRTI explicitly integrates structural and dynamical information and is equipped with a validity gate via the Structural–Dynamic Separability (SDS) condition. The framework is mechanism-specific, with explicit boundary conditions covering Hopf bifurcations, noise-induced transitions, projection-induced distortion, and reflexive systems. Simulation results demonstrate that CRTI provides earlier and more robust detection of fold bifurcations compared to AR(1) and variance-based indicators, while correctly failing outside its domain of validity. An empirical evaluation on the Peter Lake ecosystem dataset, based on a pre-registered protocol, supports the theoretical predictions. CRTI is presented as a diagnostic instrument with explicitly defined scope, not as a universal early warning signal. CRTI, early warning signals, critical transitions, fold bifurcation, multivariate time series, covariance structure, autocorrelation, spectral concentration, complex systems, nonlinear dynamics"
P2_within,METHOD_PRECEDENT,S2_PSYCH,bifurcation;noise,2,True,openalex,W7156206721,10.5281/zenodo.19813643,2026,Zenodo (CERN European Organization for Nuclear Research),Detecting Structural Singularization in Complex Systems via Finite-Time Spectral Entropy and Relaxation Lag,"Dieses Preprint stellt ein strukturelles Diagnoseframework zur Erkennung von Fragilität in komplexen, multivariaten Systemen vor. Während klassische Frühwarnsignale (Early Warning Signals, EWS) wie Varianz oder Autokorrelation primär auf zeitliche Amplitudenänderungen (Critical Slowing Down) reagieren, adressiert dieser Ansatz eine komplementäre Perspektive: die strukturelle Organisation der Dynamik. Im Zentrum stehen zwei beobachtbare Größen:(1) der effektive Rang Φ_obs, abgeleitet aus der spektralen Entropie einer whitened, zeitverzögerten Kovarianzmatrix, und(2) ein empirischer Relaxationsindikator R_obs, der die Abklingrate von Korrelationen approximiert. Die Kombination beider Größen ermöglicht die Identifikation einer sogenannten Fragility Signature, charakterisiert durch die gleichzeitige Abnahme von Φ_obs (strukturelle Kompression) und Zunahme von R_obs (dynamische Verlangsamung). Dieses Muster erlaubt die Unterscheidung zwischen echter struktureller Singularisierung und transienten Verstärkungseffekten in nicht-normalen Systemen. Die Methode wird anhand numerischer Experimente (Fold-, Hopf-, nicht-normale sowie rauschinduzierte Systeme) validiert und zeigt insbesondere bei nicht-normaler Dynamik eine verbesserte Robustheit gegenüber klassischen EWS. Der bereitgestellte Code-Anhang ermöglicht eine vollständige Reproduzierbarkeit der Analysepipeline. Der Ansatz erhebt keinen Anspruch auf universelle Gültigkeit, sondern versteht sich als strukturorientierte Ergänzung zu bestehenden dynamischen Frühwarnindikatoren. 🔑 Keywords (Deutsch) Komplexe Systeme, Frühwarnsignale, strukturelle Fragilität, spektrale Entropie, effektiver Rang, Kovarianzmatrix, nicht-normale Dynamik, kritische Übergänge, Zeitreihenanalyse, Multivariatsysteme, Systemstabilität, Singularisierung 🇬🇧 Description (English) This preprint introduces a structural diagnostic framework for detecting fragility in complex multivariate systems. While classical Early Warning Signals (EWS), such as variance and autocorrelation, primarily capture temporal amplitude changes associated with critical slowing down, this work focuses on the structural organization of system dynamics. The approach is based on two observable quantities:(1) the effective rank Φ_obs, derived from the spectral entropy of a whitened lagged covariance operator, and(2) an empirical relaxation proxy R_obs, capturing the decay rate of correlations. Their joint behavior defines a fragility signature, characterized by a simultaneous decrease in Φ_obs (structural compression) and an increase in R_obs (relaxation slowing). This combined criterion allows for the discrimination between true structural singularization and transient amplification effects commonly observed in non-normal systems. The framework is validated on numerical benchmark systems, including fold and Hopf bifurcations, non-normal stable systems, and noise-induced transitions. Results indicate improved robustness compared to classical EWS, particularly in the presence of transient non-normal dynamics. A full code appendix is provided to ensure reproducibility. This work does not claim universality, but positions the proposed framework as a structural complement to existing dynamical early warning indicators. 🔑 Keywords (English) complex systems, early warning signals, structural fragility, spectral entropy, effective rank, covariance matrix, non-normal dynamics, critical transitions, time series analysis, multivariate systems, system stability, singularization"
P2_within,METHOD_PRECEDENT,S2_PSYCH,bifurcation;noise,2,True,openalex,W7155903631,10.5281/zenodo.19813642,2026,Zenodo (CERN European Organization for Nuclear Research),Detecting Structural Singularization in Complex Systems via Finite-Time Spectral Entropy and Relaxation Lag,"Dieses Preprint stellt ein strukturelles Diagnoseframework zur Erkennung von Fragilität in komplexen, multivariaten Systemen vor. Während klassische Frühwarnsignale (Early Warning Signals, EWS) wie Varianz oder Autokorrelation primär auf zeitliche Amplitudenänderungen (Critical Slowing Down) reagieren, adressiert dieser Ansatz eine komplementäre Perspektive: die strukturelle Organisation der Dynamik. Im Zentrum stehen zwei beobachtbare Größen:(1) der effektive Rang Φ_obs, abgeleitet aus der spektralen Entropie einer whitened, zeitverzögerten Kovarianzmatrix, und(2) ein empirischer Relaxationsindikator R_obs, der die Abklingrate von Korrelationen approximiert. Die Kombination beider Größen ermöglicht die Identifikation einer sogenannten Fragility Signature, charakterisiert durch die gleichzeitige Abnahme von Φ_obs (strukturelle Kompression) und Zunahme von R_obs (dynamische Verlangsamung). Dieses Muster erlaubt die Unterscheidung zwischen echter struktureller Singularisierung und transienten Verstärkungseffekten in nicht-normalen Systemen. Die Methode wird anhand numerischer Experimente (Fold-, Hopf-, nicht-normale sowie rauschinduzierte Systeme) validiert und zeigt insbesondere bei nicht-normaler Dynamik eine verbesserte Robustheit gegenüber klassischen EWS. Der bereitgestellte Code-Anhang ermöglicht eine vollständige Reproduzierbarkeit der Analysepipeline. Der Ansatz erhebt keinen Anspruch auf universelle Gültigkeit, sondern versteht sich als strukturorientierte Ergänzung zu bestehenden dynamischen Frühwarnindikatoren. 🔑 Keywords (Deutsch) Komplexe Systeme, Frühwarnsignale, strukturelle Fragilität, spektrale Entropie, effektiver Rang, Kovarianzmatrix, nicht-normale Dynamik, kritische Übergänge, Zeitreihenanalyse, Multivariatsysteme, Systemstabilität, Singularisierung 🇬🇧 Description (English) This preprint introduces a structural diagnostic framework for detecting fragility in complex multivariate systems. While classical Early Warning Signals (EWS), such as variance and autocorrelation, primarily capture temporal amplitude changes associated with critical slowing down, this work focuses on the structural organization of system dynamics. The approach is based on two observable quantities:(1) the effective rank Φ_obs, derived from the spectral entropy of a whitened lagged covariance operator, and(2) an empirical relaxation proxy R_obs, capturing the decay rate of correlations. Their joint behavior defines a fragility signature, characterized by a simultaneous decrease in Φ_obs (structural compression) and an increase in R_obs (relaxation slowing). This combined criterion allows for the discrimination between true structural singularization and transient amplification effects commonly observed in non-normal systems. The framework is validated on numerical benchmark systems, including fold and Hopf bifurcations, non-normal stable systems, and noise-induced transitions. Results indicate improved robustness compared to classical EWS, particularly in the presence of transient non-normal dynamics. A full code appendix is provided to ensure reproducibility. This work does not claim universality, but positions the proposed framework as a structural complement to existing dynamical early warning indicators. 🔑 Keywords (English) complex systems, early warning signals, structural fragility, spectral entropy, effective rank, covariance matrix, non-normal dynamics, critical transitions, time series analysis, multivariate systems, system stability, singularization"
P1_psych,EXCLUDE,"S1_PARTITION,S2_PSYCH",rate,1,False,openalex,W23164373,10.1007/bf00034688,1978,International Journal of Fracture,The effects of a strain-rate-dependent Young's modulus upon the stress and strain fields around a running crack tip,
P2_within,EXCLUDE,"S1_PARTITION,S2_PSYCH",noise,1,False,openalex,W1998458868,10.1063/1.459541,1990,The Journal of Chemical Physics,The effect of interactive noise on the driven Brusselator model,"We examine the effects of interactive noise, i.e., noise which is processed by the system, on the Brusselator, a nonlinear oscillator. The Brusselator is investigated for three types of motion: periodic, quasiperiodic, and chaotic. Fluctuations are imposed on the system variables (Type V noise). The average fluctuation amplitudes are chosen between 10 and 10 000 ppm (1%) and they are Gaussian distributed. The simulated time series are analyzed by autocorrelation functions, Fourier spectra, Poincaré sections, one-dimensional maps, maximum Lyapunov exponents, and correlation dimensions. As a result, noisy periodic and quasiperiodic motion can be distinguished from deterministic chaos if the fluctuation amplitude is sufficiently small. The generic structure of the attractor can be recognized when Lyapunov exponents or correlation dimensions are extrapolated to zero fluctuation amplitude. Quasiperiodic attractors in the Brusselator are obscured even by small amounts of noise. Chaos in the Brusselator, on the other hand, is found to be robust against noise. For periodic motion we show that points close to a bifurcation exhibit a stronger sensitivity towards noise than points far away. In the log–log plots for the correlation dimension we observed break points for noisy periodic and quasiperiodic motion. They separate the noise from the purely deterministic part of the motion. For increasing noise levels the break points move to higher length scales of the attractor. Break points were not found for chaos in the Brusselator nor in the Lorenz and Rössler models. In the Brusselator very large noise levels beyond 1% obscure the deterministic structure even of a chaotic attractor so that any clear distinction between chaos and noise induced (statistical) aperiodicity is no longer possible. Implications on experimental systems are discussed."
P2_within,EXCLUDE,"S1_PARTITION,S2_PSYCH",noise,1,False,openalex,W2003029379,10.1021/jp0013208,2000,The Journal of Physical Chemistry A,Experimental Observation of Internal Signal Stochastic Resonance in the Belousov−Zhabotinsky Reaction,"We show experimentally the phenomenon of internal signal stochastic resonance in the Belousov−Zhabotinsky reaction without external signal. The chemical reaction is placed in an excitable state near a Hopf bifurcation in a CSTR. When the flow rate is perturbed by stochastic noise, noise-induced oscillations are observed, and two closely spaced, large-amplitude spikes appear nearly periodically at the proper noise level. More importantly, analysis from the power spectra and interspike interval histogram of the time series output, the coherence of these noise-induced oscillations, is maximal at an optimal noise intensity, indicating the occurrence of internal signal stochastic resonance."
P2_within,EXCLUDE,"S1_PARTITION,S2_PSYCH",noise,1,False,openalex,W1679929019,10.1063/1.1309277,2000,AIP conference proceedings,Noise induced stabilization of chaotic oscillations of cavitation bubbles,"The dynamics of the sinusoidally driven cavitation bubble oscillator influenced by external random signals, modelled by white noise and an Ornstein-Uhlenbeck process, is studied. By numerical simulations it is shown that chaotic oscillations of cavitation bubble oscillators can be stabilized to periodic oscillations. Shift of bifurcation points and destruction of period-doubling cascades were observed as a result of the action of noise. They are discussed from the point of view of experimental time series."
P1_psych,EXCLUDE,S1_PARTITION,rate,1,False,openalex,W837682938,10.1044/leader.ftr1.08042003.6,2003,ASHA Leader,Prosody: The Music of Language and Speech,"You have accessThe ASHA LeaderFeature1 Mar 2003Prosody: The Music of Language and Speech Frank Boutsen Frank Boutsen Google Scholar https://doi.org/10.1044/leader.FTR1.08042003.6 SectionsAbout ToolsAdd to favorites ShareFacebookTwitterLinked In Language has traditionally been considered a function so advanced that it sets the human race apart from our animal counterparts. But prosody—the melody of language—does not lag far behind in making us unique as well. Prosody is a tool of human expression that is conveyed acoustically by way of durational, intensity, and frequency cues. To these conventional cues, one could add linearity (e.g., abrupt vs. smooth changes in pitch, loudness, or duration) as a possible fourth dimension. Like language, learning prosody takes many years, and there is both a productive and a receptive side to it. Some people acquire this function very well; for others, it may involve a lifelong struggle. This may be because they are unable to adequately perceive prosody or because the pattern that they produce attracts unwanted attention. Broadly speaking, prosody serves to aid the transmission of linguistic and paralinguistic (emotional and attitudinal) information in a manner that is efficient and appropriate in a given language community. Although generally considered a part of phonology, linguistic prosody interacts in a language-specific manner with semantic, syntactic, morphologic, and pragmatic domains of language processing as well. For example, in stress-timed languages such as English, common prosodic processes include phrasal stress so that certain words receive relative prominence. Since phrasing and syntax are also particular to a language, it follows that the marking of boundaries by way of pausing, pitch resetting, and syllable lengthening are also language specific. Much less tied to language is what linguists term the paralinguistic or command aspects of prosody. Although not always subject to control, paralinguistic prosody can be deliberate and the outcome may not always be congruent with the content of the linguistic code. Examples of this kind of prosody would include the deliberate signaling of affect, sarcasm, empathy, or the relation one holds to the person or audience being addressed. Outside the realm of linguistics, prosody has been viewed as an emergent and somewhat ill-defined property, frequently rated as abnormal in motor speech disorders. Recent advances in neuro-imaging along with speech analysis in the physical domain (acoustics, kinematics, force-displacement, feedback) have been instrumental in revealing the sensorimotor nature of prosody and some of its neurologic underpinnings. Perhaps this has given impetus to increased consideration of prosody as a primary rather than a secondary process in normal and disordered speech. Indeed, prosody doesn't just come about. Rather, like force, range, and duration of limb movements, prosody is planned and programmed in speech, favoring the assembly of smaller into larger units (e.g., onsets and codas into syllables, syllables into words, etc.). Intrinsic and Extrinsic Prosody The terms intrinsic and extrinsic prosody describe motor speech functions that are motivated by the linguistic code on the one hand, and use of the code for pragmatic effect on the other. Intrinsic prosody taps into left lateralized cortical circuits (including the anterior insula) that are part of a distributed loop involving the cerebellum and the basal ganglia (BG). In this regard, data suggest that the left hemisphere, more so than the right, is dedicated to faster speech activities, including voice onset time (VOT) and the production of consonants (transients). Interestingly, both VOT and the production of consonants involve re-phasing of structures coordinated in speech (programming) that is language specific, sequence sensitive, and stress and rate dependent. For example, VOT is shorter when a stop plosive is preceded by a sibilant than when it is produced by itself as the onset of a syllable, and shorter if the syllable is rapidly produced or does not receive stress than when it is produced slowly or with stress. Likewise, the reassignment of /p/ as a syllable-arresting consonant in /kamp/ to a syllable releasing consonant in /kampout/ is an example of re-phasing. This reassignment is more likely during fast speech rates but less likely if /kamp/ receives stress, speech rate allowing. In summary, intrinsic prosody organizes the grouping of speech gestures within the short time domain and gives rise to what is best characterized as a discontinuous rhythmicity. To this effect, the left hemisphere-BG-cerebellum complex promotes motor strategies (such as the above) that bind syllables and syllable sequences together, thereby enabling faster and smoother speech. This push toward faster speech can to some degree be accommodated by left hemispheric cortical neurons that are biased toward driving supra-laryngeal (lips/tongue) rather than laryn"
P2_within,EXCLUDE,"S1_PARTITION,S2_PSYCH",noise,1,False,openalex,W2047161029,10.1016/j.chaos.2004.11.070,2005,Chaos Solitons & Fractals,Noise-induced chaos and basin erosion in softening Duffing oscillator,
P1_psych,EXCLUDE,S1_PARTITION,noise,1,True,openalex,W2046159493,10.4103/0019-5278.27298,2006,Indian Journal of Occupational and Environmental Medicine,Occupational diseases and disorders: How relevant are they in clinical practice?,"Although most clinicians have a somewhat vague idea of Occupational Medicine as a subset of Preventive Medicine, yet they are mostly not aware of occupational diseases and disorders that can mimic many clinical conditions. Most of such conditions can pose diagnostic difficulties for a pure clinician. In this perspective, let us salute Bernardino Ramazzini, father of Occupational Medicine, who added the most pertinent enquiry in medical history -'What is your occupation?' - which surprised most of the physicians of that time. Bernardino Ramazzini wanted physicians of that time to appreciate what he had said with conviction - that occupation is associated with certain types of disease manifestations. It has taken us centuries to understand the implications of work environment and disease and their clinical importance. This has its roots in the following factors: Medical education is more on the curative side; there is glamour due to societal outlook towards practicing physicians; and economic considerations. This has led to the question 'Healthy man, whose concern?' It is here that the understanding of the practice of Occupational Health by clinicians has a major role to play. Occupational diseases, rehabilitation and problems of placement of people with disabilities have not received the same attention from clinicians as non-occupational problems. Although clinical problems are often too simple for the treating physician, for the patient's workplace requirements, psychological factors and interpersonal relationships can magnify them to major proportions. For these reasons, occupational clinical conditions can prove to be difficult and even burdensome; however, they provide the conscientious physician with one of the finest challenges of medicine, namely, the opportunity to influence an individual's adjustment, rehabilitation or longevity, given his/her working conditions. Occupational diseases are caused by a pathologic adaptation of the patient to his working environment; hence it is necessary for physicians to evaluate both the patient and environmental exposures. Very few occupational diseases present with specific pathognomic clinical or laboratory findings. Thus anemia of benzene intoxication or lead poisoning, peripheral neuritis of lead or acryl amide poisoning, bronchitis of Byssinosis, the fibrosis of asbestosis, the granuloma of berylliosis and the nodulation of silicosis cannot be diagnosed as to etiologic agents from clinical and laboratory findings alone. Only with the knowledge of exposure, in addition to clinical factors, can an accurate diagnosis be made. If one looks at the data of the estimate of burden of occupational disease (1.83 million) and occupational injury (18.3 million) in India, the figures indicate that as a nation, India is contributing nearly 20% of the global burden in respective areas. Prevalence studies on occupational disease in many parts of the world have shown such burden to vary from 5 to 20%. So in the Indian context, clinicians should expect on lower fence 5% and upper fence 20% of cases could have occupational cause, depending upon where they practice clinical medicine. It is our observation that highly industrialized belts and localities have high prevalence of occupational diseases and injury. Clinical medicine as a basic competency is required to be a successful occupational health specialist. This is true because the process of diagnosing an occupational aliment involves the following steps: History and physical examination. Occupational history and high degree of suspicion. Cause-effect relationship. Clinical examination. Tests for general assessment of health. Nonspecific tests for exposure. Specific tests that indicate exposure. Tests for genetic or acquired susceptibility. Biological monitoring. If one ignores clinical examination, one can miss the diagnosis of occupational illness, as in occupations involving lead: Grayish pigmentation of the gums, intestinal colic, anemia, lead encephalopathy, toxic additive effects on kidney. Occupational asthma can be misinterpreted as bronchial asthma, occupational dermatitis, occupational cancer, occupational lung diseases; occupational cataract and chemical conjunctivitis can all be misdiagnosed as common clinical entities. Burns, musculoskeletal disorders, noise-induced hearing loss, occupational stress and burnout are occupation-related morbidities that can be missed by any physician whose competency in clinical medicine is not sound. Industrial hygiene studies and biological monitoring are special technologies that are not a part of routine clinical medicine practice. Another important area is patient's health data records; these have to be maintained for a long period of time for establishing cause-effect relationship in any occupational health setup. Solvent exposures can manifest in less than a minute, while occupational cancers can come after decades. The list of chemical exposures to substances like mercury, c"
P1_psych,EXCLUDE,S1_PARTITION,noise,1,False,openalex,W2107062755,10.1152/jn.00116.2007,2007,Journal of Neurophysiology,Noise-Induced Alternations in an Attractor Network Model of Perceptual Bistability,"When a stimulus supports two distinct interpretations, perception alternates in an irregular manner between them. What causes the bistable perceptual switches remains an open question. Most existing models assume that switches arise from a slow fatiguing process, such as adaptation or synaptic depression. We develop a new, attractor-based framework in which alternations are induced by noise and are absent without it. Our model goes beyond previous energy-based conceptualizations of perceptual bistability by constructing a neurally plausible attractor model that is implemented in both firing rate mean-field and spiking cell-based networks. The model accounts for known properties of bistable perceptual phenomena, most notably the increase in alternation rate with stimulation strength observed in binocular rivalry. Furthermore, it makes a novel prediction about the effect of changing stimulus strength on the activity levels of the dominant and suppressed neural populations, a prediction that could be tested with functional MRI or electrophysiological recordings. The neural architecture derived from the energy-based model readily generalizes to several competing populations, providing a natural extension for multistability phenomena."
P1_psych,EXCLUDE,"S1_PARTITION,S2_PSYCH",noise,1,False,openalex,W2087996654,10.1021/jp073890e,2007,The Journal of Physical Chemistry A,Theoretical Study on the Effects of Internal Noise for Rate Oscillations during CO Oxidation on Platinum(110) Surfaces,"Very recently, the effects of internal molecular noise in mesoscopic chemical reaction systems have gained growing attention. Using a mesoscopic stochastic model, the effect of internal noise for rate oscillation during CO oxidation on Pt(110) surface is studied analytically. In a parameter region outside but close to the supercritical Hopf bifurcation, a stochastic normal form is obtained from the chemical Langevin equation. By stochastic averaging procedure, the system is simplified and solvable. Noise-induced oscillation and internal noise coherent resonance (which is related to an optimal system size), observed from simulations, are well reproduced by the theory. The theoretical analysis helps to clearly figure out when and how the internal noise affects the system's oscillating dynamics."
P2_within,EXCLUDE,"S1_PARTITION,S2_PSYCH",bifurcation,1,False,openalex,W564665047,,2007,CERN Document Server (European Organization for Nuclear Research),"Multiscale Analysis of Complex Time Series: Integration of Chaos and Random Fractal Theory, and Beyond","Preface. 1. Introduction. 1.1 Examples of multiscale phenomena. 1.2 Examples of challenging problems to be pursued. 1.3 Outline of the book. 1.4 Bibliographic notes. 2. Overview of fractal and chaos theory. 2.1 Prelude to fractal geometry. 2.2 Prelude to chaos theory. 2.3 Further reading and bibliographic notes. 2.4 Warming up exercises. 3. Basics of probability theory and stochastic processes. 3.1 Basic elements of probability theory. 3.1.1 Probability system. 3.1.2 Random variables. 3.1.3 Expectation. 3.1.4 Characteristic function, moment generating function, Laplace. transform, and probability generating function. 3.2 Commonly used distributions. 3.3 Stochastic processes. 3.3.1 Basic definitions. 3.3.2 Markov processes. 3.4 Special topic: How to find relevant information for a new field quickly?. 3.5 Bibliographic notes. 3.6 Exercises. 4. Fourier analysis and wavelet multiresolution analysis. 4.1 Fourier analysis. 4.1.1 Continuous-time signals. 4.1.2 Discrete-time signals. 4.1.3 Sampling theorem. 4.1.4 Discrete Fourier transform. 4.1.5 Fourier analysis of real data. 4.2 Wavelet multiresolution analysis. 4.3 Bibliographic notes. 4.4 Exercises. 5. Basics of fractal geometry. 5.1 The notion of dimension. 5.2 Geometrical fractals. 5.2.1 Cantor sets. 5.2.2 Von Koch curves. 5.3 Power-law and perception of self-similarity. 5.4 Bibliographical notes. 5.5 Exercises. 6. Self-similar stochastic processes. 6.1 General definition. 6.2 Brownian motion (Bm). 6.3 Fractional Brownian motion (fBm). 6.4 Dimensions of Bm and fBm processes. 6.5 Wavelet representation of fBm processes. 6.6 Synthesis of fBm processes. 6.7 Applications. 6.7.1 Network traffic modeling. 6.7.2 Modeling of rough surfaces. 6.8 Bibliographical notes. 6.9 Exercises. 7. Stable laws and Levy motions. 7.1 Stable distributions. 7.2 Summation of strictly stable random variables. 7.3 Tail probabilities and extreme events. 7.4 Generalized central limit theorem. 7.5 Levy motions. 7.6 Simulation of stable random variables. 7.7 Bibliographical notes. 7.8 Exercises. 8. Long memory processes and structure-function-based multifractal analysis. 8.1 Long memory: basic definitions. 8.2 Estimation of the Hurst parameter. 8.3 Random walk representation and structure function based multifractal analysis. 8.3.1 Random walk representation. 8.3.2 Structure function based multifractal analysis. 8.3.3 Understanding the Hurst parameter through multifractal analysis. 8.4 Other random-walk based scaling parameter estimation. 8.5 Other formulations of multifractal analysis. 8.6 The notion of finite scaling and consistency of estimators. 8.7 Correlation structure of ON/OFF intermittency and Levy motions. 8.7.1 Correlation structure of ON/OFF intermittency. 8.7.2 Correlation structure of Levy motions. 8.8 Dimension reduction of fractal processes using Principal Component Analysis. 8.9 Broad applications. 8.9.1 Detection of low observable targets within sea clutter. 8.9.2 Deciphering the causal relation between neural inputs and movements by analyzing neuronal firings. 8.9.3 Protein coding region identification. 8.10 Bibliographic notes. 8.11 Exercises. 9. Multiplicative multifractals. 9.1 Definition. 9.2 Construction of multiplicative multifractals. 9.3 Properties of multiplicative multifractals. 9.4 Intermittency in fully developed turbulence. 9.4.1 Extended self-similarity. 9.4.2 The log-normal model. 9.4.3 The log-stable model. 9.4.4 The beta-model. 9.4.5 The random beta-model. 9.4.6 The p model. 9.4.7 The SL model and log-Poisson statistics of turbulence. 9.5 Applications. 9.5.1 Target detection within sea clutter. 9.5.2 Modeling and discrimination of human neuronal activity. 9.5.3 Analysis and modeling of network traffic. 9.6 Bibliographic notes. 9.7 Exercises. 10. Stage-dependent multiplicative processes. 10.1 Description of the model. 10.2 Cascade representation of 1/ beta processes. 10.3 Application: Modeling heterogeneous Internet traffic. 10.3.1 General considerations. 10.3.2 An example. 10.4 Bibliographic notes. 10.5 Exercises. 11. Models of power-law-type behavior. 11.1 Models for heavy-tailed distribution. 11.1.1 Power-law through queuing. 11.1.2 Power-law through approximation by log-normal distribution. 11.1.3 Power-law through transformation of exponential distribution. 11.1.4 Power-law through maximization of Tsallis nonextensive entropy. 11.1.5 Power-law through optimization. 11.2 Models for 1/ beta processes. 11.2.1 1/ beta processes from superposition of relaxation processes. 11.2.2 1/ beta processes modeled by ON/OFF trains. 11.2.3 1/ beta processes modeled by self-organized criticality. 11.3 Applications. 11.3.1 Mechanism for long-range-dependent network traffic. 11.3.2 Distributional analysis of sea clutter. 11.4 Bibliographic notes. 11.5 Exercises. 12. Bifurcation theory. 12.1 Bifurcations from a steady solution in continuous time systems. 12.1.1 General considerations. 12.1.2 Saddle-node bifurcation. 12.1.3 Transcritical bifurcation. 12.1.4 Pitchfork bifur"
P1_psych,EXCLUDE,S1_PARTITION,noise,1,False,openalex,W2061365377,10.1073/pnas.0806349105,2008,Proceedings of the National Academy of Sciences,A genetic timer through noise-induced stabilization of an unstable state,"Stochastic fluctuations affect the dynamics of biological systems. Typically, such noise causes perturbations that can permit genetic circuits to escape stable states, triggering, for example, phenotypic switching. In contrast, studies have shown that noise can surprisingly also generate new states, which exist solely in the presence of fluctuations. In those instances noise is supplied externally to the dynamical system. Here, we present a mechanism in which noise intrinsic to a simple genetic circuit effectively stabilizes a deterministically unstable state. Furthermore, this noise-induced stabilization represents a unique mechanism for a genetic timer. Specifically, we analyzed the effect of noise intrinsic to a prototypical two-component gene-circuit architecture composed of interacting positive and negative feedback loops. Genetic circuits with this topology are common in biology and typically regulate cell cycles and circadian clocks. These systems can undergo a variety of bifurcations in response to parameter changes. Simulations show that near one such bifurcation, noise induces oscillations around an unstable spiral point and thus effectively stabilizes this unstable fixed point. Because of the periodicity of these oscillations, the lifetime of the noise-dependent stabilization exhibits a polymodal distribution with multiple, well defined, and regularly spaced peaks. Therefore, the noise-induced stabilization presented here constitutes a minimal mechanism for a genetic circuit to function as a timer that could be used in the engineering of synthetic circuits."
P1_psych,EXCLUDE,"S1_PARTITION,S2_PSYCH",noise,1,False,openalex,W2004995323,10.1103/physreve.77.011903,2008,Physical Review E,Noise-induced dynamics in the mixed-feedback-loop network motif,"In this paper, we present a stochastic model for the mixed-feedback loop (MFL), a motif found in integrated cellular networks of transcription regulation and protein-protein interaction. Previous bifurcation analysis indicates that this motif can serve as a bistable switch or a clock. We investigate how extrinsic and intrinsic noise affects its dynamic behaviors systematically. We find that this motif can exploit noise to enrich its dynamical performance. When the MFL is in the bistable region, under fluctuation of extrinsic noise, the MFL system can switch from one steady state to the other and meanwhile one protein's production is amplified for more than three orders of magnitude. Further, from an engineering perspective, this noise-based switch and amplifier for gene expression is very easy to control. Without extrinsic noise, spontaneous transition between states occurs as the consequence of intrinsic noise. Such a switch is controlled by the parameters and system size. On the other hand, intrinsic noise can induce sustained stochastic oscillation when the corresponding deterministic system does not oscillate. Such stochastic oscillation shows the best performance at an optimal noise level, indicating the occurrence of intrinsic noise stochastic resonance which can contribute to the robustness of this oscillator. When considering the effects of extrinsic noise near bifurcation points, a similar phenomenon of extrinsic noise stochastic resonance is unveiled."
P1_psych,EXCLUDE,S1_PARTITION,rate,1,False,openalex,W1529812872,10.48550/arxiv.0805.0033,2008,arXiv (Cornell University),Bifurcating Transport of Glassy Matter Within Annular Micropores,"Glassy matter, as subjected to high shear rates, exhibit shear thinning : i.e., the viscosity diminishes with increasing shear rate. Meanwhile one prominent difference between the transport in micropores and that in macroscale is the (relatively) larger roughness observed inside micropores. As the pore size decreases, the surface-to-volume ratio increases and therefore, surface roughness will greatly affect the transport in micropores. By treating the glass as a shear-thinning matter and using the rate-dependent model together with the boundary perturbation method, we can analytically obtain the transport results up to the second order."
P2_within,EXCLUDE,"S1_PARTITION,S2_PSYCH",noise,1,False,openalex,W2170697312,10.1039/b804580a,2008,Physical Chemistry Chemical Physics,The chaotic sequences in the Bray–Liebhafsky reaction in an open reactor,"Attractor reconstruction is done from the time series obtained by experimental investigation and by deterministic and stochastic simulation of the Bray-Liebhafsky oscillatory reaction. The appearance of deterministic chaos is confirmed and proven by both simulation and experiment, determining Lyapunov exponents for the sequences of flow rate values, as the control parameter. Moreover, unusual chaotic series were additionally recorded in the experiments, which cannot be found in deterministic numerical simulations. Therefore, an explanation of the difference between the dynamic behavior in the experiment and the deterministic simulation was sought and stochastic simulations based on the same reaction model were particularly useful. The fine structure of the chaotic windows, derived from the analysis of deterministic simulations in the range of flow rate values, made the system highly susceptible to noise induced effects, in general."
P1_psych,EXCLUDE,S1_PARTITION,noise,1,True,openalex,W2904296670,10.1044/leader.ftr5.14062009.5,2009,ASHA Leader,Primary Prevention Pays Off,"You have accessThe ASHA LeaderFeature1 May 2009Primary Prevention Pays OffDetecting Small Hearing Threshold Shifts That Signal Hearing Loss Scott D. McIlwain, andAuD, CCC-A Bryan SiskRN, BSN, MPH Scott D. McIlwain Google Scholar More articles by this author , AuD, CCC-A and Bryan Sisk Google Scholar More articles by this author , RN, BSN, MPH https://doi.org/10.1044/leader.FTR5.14062009.5 SectionsAbout ToolsAdd to favorites ShareFacebookTwitterLinked In Small changes in a dynamic system often have dramatic long-term effects. This theory is often referred to as the “butterfly effect” and is an excellent description of how small acts—such as one-on-one counseling or increasing sensitivity of the case definition with respect to hearing threshold shift—have the potential for long-term impact on preventing noise-induced hearing loss in the workplace. Medical experts and health care resource managers have long recognized occupational audiology as a major player in hearing loss prevention in industrial and military environments. Today’s audiologist has a significant role to play in all three levels of prevention—primary, secondary, and tertiary (World Health Organization, 2006). Primary preventive measures involve administrative and environmental controls that include the proper selection and use of hearing protection, noise-reducing equipment designs, continuing on-the-job education designed to modify behavior, and monitoring workers in designated risk environments. These measures are often taken for granted by employees because noise-induced hearing loss (NIHL) is often gradual, painless, and non-lethal—but can have a serious negative impact on an individual’s quality of life. When these primary prevention measures fail, secondary methods are engaged, including recognizing the early stages of NIHL and taking action to prevent its progression through intervention, follow-up screening, and clinical validation of results. Primary and secondary preventive measures have proven successful in reducing the number of employees with hearing loss (McIlwain, Gates, & Ciliax, 2008). If they are unsuccessful, however, managing a negative long-term outcome moves to the tertiary tier—creating significant fiscal, logistic, and administrative expenditures for employers and taxpayers—that involves hearing aid fitting, aural rehabilitation, and additional administrative and environmental controls. Challenges to hearing conservation efforts occur when small hearing threshold shifts—which can signal the early onset of NIHL—are overlooked. These small threshold shifts can result from improper hearing protection selection, lack of program compliance, or acoustical changes in the work environment, circumstances that warrant closer examination and detailed documentation. Because NIHL is irreversible, audiologists should aggressively assess early-warning physical manifestations of hearing loss. The audiologist’s recommendations on when and how to react to threshold shifts often affect the remainder of an individual’s life. The premium time for early intervention is when those small but permanent hearing changes caused by hazardous noise exposure are identified. When a permanent threshold shift occurs (a 10 dB shift from the baseline audiogram in the four-frequency average of 2 KHz, 3 KHz, and 4 KHz in either ear), the employee’s baseline audiogram is reset. However, audiologists can make the most of early intervention with increased sensitivity for engaging in secondary preventive measures. The answer may be to use higher frequencies as an indicator for early intervention (but not for replacing permanent threshold shifts). Higher frequencies of hearing are more sensitive to hazardous noise exposure. For instance, employees with a small but permanent threshold shift (average positive 10 dB threshold shift at 4 KHz and 6 KHz or a positive threshold shift of 15 dB in either 4 KHz or 6 KHz, in either ear) should be informed that a slight change in hearing has occurred, be interviewed about possible causes, and given a more detailed explanation of the cause and further education about the long-term personal and professional consequences of hearing loss. A physical re-assessment of the workplace also may be in order. A similar method of prevention has been used successfully by other professions for decades. For example, the American Heart Association defines a blood pressure level of 140/90 mm Hg or higher as hypertensive. A blood pressure between 120/80 mm Hg and 139/89 mm Hg is considered pre-hypertensive and a marker of increased risk of high blood pressure. At that level, health care providers strongly encourage patients to take steps to prevent high blood pressure by providing patient education and encouraging self-monitoring, even though the blood pressure is not yet abnormal. Although hearing loss does not pose a threat to life, it poses an indirect hazard in many industrial or military work environments in which the ability to hear is n"
P2_within,EXCLUDE,"S1_PARTITION,S2_PSYCH",noise,1,False,openalex,W1999793017,10.1142/s0218127409024657,2009,International Journal of Bifurcation and Chaos,STABILITY SWITCHES IN DISCRETE FOOD-CHAIN PROBLEMS,"In an already classical paper, May [1976] pointed out that simple nonlinear models in ecology can possess complicated dynamics. A long debate concerning the possible existence of chaotic ecologies has followed the appearance of this paper. Morris [1990] stressed that several problems exist when making conclusions regarding chaotic or nonchaotic dynamics as models are fitted to ecological data. Takens' theorem [1981] should, in principle, provide tools for solving some of these problems, but in reality essential assertions are most often violated. First, limits regarding the length of the used time-series must be assumed. Second, the theorem can be applied for evaluating positive Lyapunov exponents only, and is hence not applicable for distinguishing nonchaotic dynamics from chaotic. We use a deterministic food-chain model that possesses a wide range of different dynamical patterns to demonstrate the existence of cases that are misclassified with respect to chaotic or nonchaotic motion as models are fitted to data in the various dynamical regimes. Our results are valid regardless of what finite data size is assumed. The results are best understood for high-periodic cases in the noise-free limit. If the relevant phase-space is not sufficiently well-populated with data in the vicinity of the periodic orbit, then sufficient complexity of the models are not supported by standard model selection criteria like AIC or GCV. Thus, the fitted models only in the best cases contain information concerning both the location of the periodic orbit and the eigenvalues of the Jacobians evaluated along the periodic orbit. If the space is moderately well populated with data, then the data is often described by an unstable periodic orbit of the fitted model. The attractor that was to be described by the fitted model was destabilized and is now a repeller. We call this phenomenon stability switches. It reminds about the noise-induced phenomenon reported by Rand and Wilson [1992], but we point out that the problem reported here is caused by the fitting procedure itself, not by the added noise. The repeller that has been created by the model-fitting procedure can be located in the basins of attraction of some fixed point, the infinity, or some periodic or chaotic attractors of the fitted models. The situation seems similar when periodic attractors are not well enough populated with data for describing their location and when chaotic attractors are to be described by data. Similar stability switches occur and the dynamics of models fitted to data may differ or coincide with the dynamics of the attractor that generated the data in an unpredictable manner."
P1_psych,EXCLUDE,S1_PARTITION,noise,1,False,openalex,W2077566752,10.1103/physreva.81.033820,2010,Physical Review A,Transient low-frequency fluctuations in semiconductor lasers with optical feedback,"Time-delayed systems often exhibit multistability of coexisting attractors, which can result in long chaotic transients on the way to one of the coexisting states. Strong enough noise can transform this transient chaos into noise-sustained dynamics. Here we study the interplay between delay-induced multistability, chaotic transients, and noise, in the case of a semiconductor laser with optical feedback from an external reflector. The time-delayed feedback renders the laser multistable, with a set of coexisting fixed points, and induces dynamical events called low-frequency fluctuations (LFFs), consisting of sudden intensity dropouts at irregular times. The deterministic Lang-Kobayashi model shows that, for a large range of realistic laser parameters, the LFFs are just a transient dynamics toward a stable fixed point. Here we analyze the statistical properties of the transient LFF dynamics and investigate the influence of various parameters. We find that realistic values of the noise strength do not affect the average transient time or its distribution, provided the model includes an explicit delay. On the other hand, nonlinear gain saturation has a strong effect: it increases both the duration of the LFF transients and the probability of noise-induced escapes from the stable fixed point. Our results suggest that the LFFs observed experimentally can be, at least in part, sustained by the interplay of noise and various nonlinear effects, which are phenomenologically represented by a gain saturation coefficient."
P2_within,EXCLUDE,"S1_PARTITION,S2_PSYCH",noise,1,False,openalex,W1975044122,10.1063/1.3489100,2010,Chaos An Interdisciplinary Journal of Nonlinear Science,Characterizing mixed mode oscillations shaped by noise and bifurcation structure,"Many neuronal systems and models display a certain class of mixed mode oscillations (MMOs) consisting of periods of small amplitude oscillations interspersed with spikes. Various models with different underlying mechanisms have been proposed to generate this type of behavior. Stochastic versions of these models can produce similarly looking time series, often with noise-driven mechanisms different from those of the deterministic models. We present a suite of measures which, when applied to the time series, serves to distinguish models and classify routes to producing MMOs, such as noise-induced oscillations or delay bifurcation. By focusing on the subthreshold oscillations, we analyze the interspike interval density, trends in the amplitude, and a coherence measure. We develop these measures on a biophysical model for stellate cells and a phenomenological FitzHugh-Nagumo-type model and apply them on related models. The analysis highlights the influence of model parameters and resets and return mechanisms in the context of a novel approach using noise level to distinguish model types and MMO mechanisms. Ultimately, we indicate how the suite of measures can be applied to experimental time series to reveal the underlying dynamical structure, while exploiting either the intrinsic noise of the system or tunable extrinsic noise."
P1_psych,EXCLUDE,"S1_PARTITION,S2_PSYCH",noise,1,False,openalex,W1977379780,10.1097/jom.0b013e318242677d,2011,Journal of Occupational and Environmental Medicine,Occupational Noise-Induced Hearing Loss,"Noise-induced hearing loss (NIHL) continues to be one of the most prevalent occupational conditions and occurs across a wide spectrum of industries. Occupational hearing loss is preventable through a hierarchy of controls, which prioritize the use of engineering controls over administrative controls and personal protective equipment. The occupational and environmental medicine (OEM) physician works with management, safety, industrial hygiene, engineering, and human resources to insure that all components of hearing loss prevention programs are in place.1 The OEM physician should emphasize to employers the critical importance of preventing hearing loss through controls and periodic performance audits rather than just conducting audiometric testing. Nevertheless, audiometric testing, besides documenting the permanent loss of hearing, can be of value in the identification of hearing loss at a time when early preventive intervention is possible. The American College of Occupational and Environmental Medicine (ACOEM) believes that OEM physicians should understand a worker's noise exposure history and become proficient in the early detection and prevention of NIHL. THE OEM PHYSICIAN AS PROFESSIONAL SUPERVISOR OF THE AUDIOMETRIC TESTING COMPONENT OF A HEARING CONSERVATION PROGRAM The OEM physician also plays a critical role in the prevention of NIHL by serving as a professional supervisor of the audiometric testing component of hearing conservation programs. The Occupational Safety and Health Administration defines a requirement for professional supervisors in the 1983 Hearing Conservation Amendment.2 The responsibilities of the professional supervisor can be found in the ACOEM position statement “The Role of the Professional Supervisor in the Audiometric Testing Component of Hearing Conservation Programs.”3 Responsibilities include interpretation of audiograms, work-relatedness determinations, referral of problem cases, quality oversight of audiometric testing, and determination of the effectiveness of the hearing conservation program. This position statement clarifies current best practices in the diagnosis of NIHL. On the basis of current knowledge, ACOEM proposes the following update of a previous position statement4 regarding the distinguishing features of occupational NIHL. DEFINITION Occupational NIHL, as opposed to occupational acoustic trauma, is hearing loss that is a function of continuous or intermittent noise exposure and duration, and which usually develops slowly over several years. This is in contrast to occupational acoustic trauma, which is characterized by a sudden change in hearing as a result of a single exposure to a sudden burst of sound, such as an explosive blast. The diagnosis of NIHL is made by the OEM physician, by first taking into account the worker's noise exposure history and then by considering the following characteristics. CHARACTERISTICS The principal characteristics of occupational NIHL are as follows: It is always sensorineural, primarily affecting the cochlear hair cells in the inner ear. It is typically bilateral, since most noise exposures are symmetric. Its first sign is a “notching” of the audiogram at the high frequencies of 3000, 4000, or 6000 Hz with recovery at 8000 Hz.5 This notch typically develops at one of these frequencies and affects adjacent frequencies with continued noise exposure. This, together with the effects of aging, may reduce the prominence of the “notch.” Therefore, in older individuals, the effects of noise may be difficult to distinguish from age-related hearing loss (presbycusis) without access to previous audiograms.6 The exact location of the notch depends on multiple factors including the frequency of the damaging noise and size of the ear canal. In early NIHL, the average hearing thresholds at the lower frequencies of 500, 1000, and 2000 Hz are better than the average thresholds at 3000, 4000, and 6000 Hz, and the hearing level at 8000 Hz is usually better than the deepest part of the notch. This notching is in contrast to presbycusis, which also produces high-frequency hearing loss but in a down-sloping pattern without recovery at 8000 Hz.7 Although Occupational Safety and Health Administration (OSHA) does not require audiometric testing at 8000 Hz, inclusion of this frequency is highly recommended to assist in the identification of the noise notch as well as age-related hearing loss. Noise exposure alone usually does not produce a loss greater than 75 dB in high frequencies and greater than 40 dB in lower frequencies. Nevertheless, individuals with non-NIHL, such as presbycusis, may have hearing threshold levels in excess of these values. Hearing loss due to continuous or intermittent noise exposure increases most rapidly during the first 10 to 15 years of exposure, and the rate of hearing loss then decelerates as the hearing threshold increases. This is in contrast to age-related loss, which accelerates over time. Available evidence indicat"
P1_psych,EXCLUDE,S1_PARTITION,noise,1,True,openalex,W573222871,10.1044/leader.ftr4.16032011.5,2011,ASHA Leader,Dual Sensory Impairment in an Aging Population,"You have accessThe ASHA LeaderFeature1 Mar 2011Dual Sensory Impairment in an Aging Population Gabrielle H. Saunders andPhD Katharina EchtPhD, Gabrielle H. Saunders Google Scholar , PhD and Katharina Echt Google Scholar , PhD, https://doi.org/10.1044/leader.FTR4.16032011.5 SectionsAbout ToolsAdd to favorites ShareFacebookTwitterLinked In http://www.asha.org/Publications/leader/2011/110315/Dual-Sensory-Impairment-in-an-Aging-Population.htm With aging comes change in both the auditory and visual systems. Some changes such as presbycusis and presbyopia are a result of normal aging; others, such as noise-induced hearing loss and ototoxic damage due to medications, are secondary to accumulated environmental exposures. Visual changes may be associated with age-related pathologies such as macular degeneration, cataract, glaucoma, and diabetic retinopathy. Regardless of etiology, these changes result in degrees of concomitant hearing and vision loss, and are referred to as dual sensory impairment (DSI). Studies show that between 9% and 22% of adults older than 70 years have some degree of DSI, and that its prevalence increases with age (Campbell et al., 1999; Lighthouse International, 2002; Jee et al., 2005). Relative to those with single or no sensory impairment, individuals with DSI have poorer self-rated health, are more likely to be depressed, experience greater cognitive and functional decline, and participate in fewer social activities (Capella-McDonnall, 2005; Crews & Campbell, 2004; Chia et al., 2006). Studies show that although intact hearing and vision are both required for optimal functioning, vision is most necessary for interaction with the physical and spatial world, and hearing is most necessary for the social world (Wahl & Tesch-Romer, 2001). It is commonly postulated that the effect of DSI on function and quality of life is greater than the sum of the effects of the individual sensory impairments because the individual with DSI cannot compensate for a single sensory impairment with the second sense. To date, however, this hypothesis has not been examined in a rigorous study (for a review, see Saunders & Echt, 2007). Assessment and Treatment In current clinical practice, hearing and vision are assessed and treated in isolation using sense-specific measures to document either hearing impairment or vision impairment. Auditory impairment is documented based on unaided ability to hear; visual impairment is classified using best-corrected vision. Auditory impairments are defined based primarily on threshold testing; definitions of visual impairment center on the ability to resolve high-contrast spatial detail (acuity) and on visual fields. There is no unified classification system for DSI, which is unfortunate because such a system could assist clinicians in making evidence-based decisions regarding optimal interventions for someone with, for example, a mild hearing impairment coupled with severe vision impairment, versus someone with moderate hearing and visual impairments. The effect of DSI on function is similarly assessed independently. For example, there are measures of the extent to which a hearing impairment limits speech understanding in a noisy place, or to which a vision impairment limits ability to read under less-optimal lighting conditions, but no measures assess the combined impact of poor vision and hearing on ability to function in the real world. Given that uptake of information from our surroundings is usually from both senses (sensory integration), there is a need to develop measures that are equally sensitive to auditory and visual (dys)function. Only through such tools will we be able to understand the true impacts of dual sensory loss. Assistive technologies and rehabilitation practices also have been developed in isolation, with little regard for usability by individuals with DSI. For instance, most hearing aids have components that are difficult to see and handle; written instructional materials are provided to assist with their use; and listening tips often focus on using visual cues to supplement the limitations from missing auditory input. Likewise, vision rehabilitation professionals provide patients with assistive technologies that provide auditory signals to compensate for vision loss, such as audible prescription-label readers, screen readers, and spoken books. It would seem that technology could be developed that can enhance both the visual and auditory signals simultaneously or that provides complementary tactile information to supplement limited auditory and visual function. Such approaches would potentially enhance multisensory integration processes. Age-related DSI arises in the context of numerous other age-related changes, such as diminished cognitive capacity, decreased manual dexterity, and changes in communication needs and lifestyle (Salthouse, 2004; Carmeli et al., 2001; Meister et al., 2002). These issues must be considered when developing rehabilitation strateg"
P2_within,EXCLUDE,"S1_PARTITION,S2_PSYCH",bifurcation,1,False,openalex,W2360982632,,2011,Journal of Tangshan Teachers College,The Chaotic Neural Firing Rhythms and Its Bifurcation Induced by Periodic Pulse Stimulus,"Clay discovery integer multiple rhythms by external periodic pulse stimulus without noise in the revised HH model,however,the above work is only study on the multi-mode rhythms,the transition of rhythms of the system is not studied when the stimulus changes.In this paper,the understandings of chaotic rhythms induced by periodic pulse currents have been enhanced,with some methods of time series analysis,and the bifurcation of firing rhythms of the system when the amplitude of periodic pulse current was changed have been studied."
P2_within,EXCLUDE,"S1_PARTITION,S2_PSYCH",bifurcation,1,False,openalex,W2183359393,,2011,,Dansgaard-Oeschger events: bifurcations in the climate system,"We use high‐resolution ice core isotope data to investigate the multimodality of the system and the statistical properties of fluctuations in the period before the onset of the abrupt change. Through a phase space reconstruction based on Takens’ theorem, we show that the time series has a robust bimodal behaviour. We show that techniques previously suggested for detecting early warning signals of abrupt transitions can provide important constraints to climate models. In particular, it is found that the statistical properties of fluctuations are fully compatible with a model that connects Dansgaard‐Oeschger events with the crossing by the climate system of fold bifurcation points, in response to an external forcing. This view implies hysteresis and switches between two equilibria of a component of the climate, most likely the Atlantic meridional overturning circulation. Other hypotheses, that explain Dansgaard‐Oeschger oscillations as noise‐induced transitions or motion along an homoclinic orbit, can be rejected."
P2_within,EXCLUDE,"S1_PARTITION,S2_PSYCH",noise,1,False,openalex,W2010698436,10.1371/journal.pone.0045586,2012,PLoS ONE,Early Warnings of Regime Shift When the Ecosystem Structure Is Unknown,"Abrupt changes in dynamics of an ecosystem can sometimes be detected using monitoring data. Using nonparametric methods that assume minimal knowledge of the underlying structure, we compute separate estimates of the drift (deterministic) and diffusion (stochastic) components of a general dynamical process, as well as an indicator of the conditional variance. Theory and simulations show that nonparametric conditional variance rises prior to critical transition. Nonparametric diffusion rises also, in cases where the true diffusion function involves a critical transition (sometimes called a noise-induced transition). Thus it is possible to discriminate noise-induced transitions from other kinds of critical transitions by comparing time series for the conditional variance and the diffusion function. Monte Carlo analysis shows that the indicators generally increase prior to the transition, but uncertainties of the indicators become large as the ecosystem approaches the transition point."
P2_within,EXCLUDE,"S1_PARTITION,S2_PSYCH",noise,1,False,openalex,W205969954,10.1007/978-94-007-5742-4_1,2012,,Noise-Induced Jumping Prior to a Fold: Applied to Climate Tipping Predictions,
P2_within,EXCLUDE,"S1_PARTITION,S2_PSYCH",noise,1,False,openalex,W2188091340,,2012,EGU General Assembly Conference Abstracts,The role of stochastic forcing in rapid climate transitions,"Even though Moore’s law in computing has permitted huge progress in climate modeling, so that more realism in simulating the present climate is achieved, only modest progress has been made in understanding the rapid climate changes documented in the paleoclimatic record. The reconstructions mostly rely on long time series of proxies, representing the climatic variations at a given location. They thus contain signals of both local and global dynamics. The feedbacks in the climate system can lead to non-linear responses to perturbations, even so that the system may undergo bifurcations and thus very rapidly change from one climate state to another. This has been recorded in various paleoclimatic proxies. The causes for and possible predictions of the rapid climate changes are poorly understood. The most pronounced changes observed, beside the glacial terminations, are the DansgaardOeschger events. Present day general circulation climate models simulating glacial conditions are not capable of reproducing these rapid shifts. It is thus not known if they are due to bifurcations in the structural stability of the climate or if they are induced by stochastic fluctuations. By analyzing a high-resolution ice core record in terms of the non-linear stochastic climate dynamics, we exclude the bifurcation scenario, which strongly suggests that they are noise induced and thus have very limited predictability. This questions the possibility of performing predictions of the third kind; defined as prediction of rapid changes in the climate statistics, which may be predictable in the Lorenz’ sense of predictions of the second kind."
P1_psych,EXCLUDE,S1_PARTITION,bifurcation,1,False,openalex,W1977202197,10.1142/s0218127413501745,2013,International Journal of Bifurcation and Chaos,HOPF BIFURCATION INDUCED BY NEUTRAL DELAY IN A PREDATOR–PREY SYSTEM,"A predator–prey system with neutral delay is investigated from the viewpoint of bifurcation analysis on neutral delay differential equations. Stability and Hopf bifurcation of the inner equilibrium are given, by which we show how the neutral terms affect the dynamical behavior of the prey and the predator. To give more detailed information on the periodic oscillations, the direction and stability of Hopf bifurcation are studied by using the normal form theory of neutral equation. We find neutral delay makes the predator–prey system more complicated and usually induces stability switches or double Hopf bifurcations. Near the double Hopf bifurcation we give the detailed bifurcation set by calculating the universal unfoldings. It is shown that the population of prey or predator may exhibit transient quasiperiodic oscillations driven by the neutral delay. Finally, we carry out several groups of illustrations."
P1_psych,EXCLUDE,S1_PARTITION,noise,1,False,openalex,W572651896,,2013,ePrints Soton (University of Southampton),"Complex dynamical changes in the trophic status of Erhai Lake, China, based on palaeolimnology and modelling","Nature ecosystems are always complex, full of uncertainties and nonlinear changes. These changes are sometimes catastrophic, and many ecosystems have already been altered from their natural state as a result of human activities. Therefore, abrupt changes are likely to happen, the consequences of which can be irreversible. It becomes urgent to (i) further understand the features of complex ecological systems, and (ii) to identify yearly warning signals (EWS) to allow prediction of catastrophic transitions. This thesis aims for an understanding of one such example of a complex ecological system, i.e. Erhai Lake, Yunnan Province, China, and to determine the EWS in this ecosystem.<br/>This thesis focuses on the process of eutrophication in Erhai Lake, using two cores from the lake and a training set from Yunnan province, SW China. The study employed multiple techniques including monitoring, palaeolimnological proxies and modelling. The ideas of feedbacks, resilience and thresholds from complex ecological system theory are used to interpret the lake’s eutrophication process. Fossil diatom data is mainly employed to calculate the EWS for the lake’s ecosystem transition. The conclusions have been supported with a minimal model which is written with STELLA software.<br/>The main findings include: 1. The alternative stable states in the training set may affect the accuracy of diatom-based transfer functions. 2. The resilience of the lake’s ecosystem decreased due to the intensification of human activities, and the lake crossed a threshold at around 2001 due to a new positive feedback mechanism. 3. The lake was in a ‘flickering’ state between 1980-2000. Rising variance could be considered as an indicator of EWS but it was most likely caused by flickering rather than ‘critical slowing down’ in these noise-induced critical transitions. 4. The minimal model shows that flickering states can be simulated, and the rising variance due to flickering is also likely to predict the critical transitions in the simulated system.<br/>The mutual authentication between palaeo- data and the minimal model can deeply improve the understanding of a complex system, and explanation of complex theories. This work firstly considered the alternative stable states in a training set and presented EWS in a real natural ecosystem. Our findings suggest that rising variance can be seen as a warning signal in a system; therefore, it can be applied for intervention purposes in critical transitions in real ecosystems."
P1_psych,EXCLUDE,"S1_PARTITION,S2_PSYCH",rate,1,True,openalex,W3176536267,10.1096/fasebj.27.1_supplement.1127.9,2013,The FASEB Journal,Tachycardia promotes Mitochondrial DNA Damage by JNK Translocation to Mitochondria,"Atrial fibrillation (AF) is the most common cardiac arrhythmia that affects 5% of the population over the age of 65. The rapid and irregular pulse rates associated with AF have been reported to lead to altered hemodynamics by irregular stroke volumes and turbulent flow. Shear stress, the viscous drag force of blood flow, regulates endothelial function and is intimately related to vascular oxidative stress and inflammatory responses. We hypothesize that the irregular ventricular response associated with AF contributes to pro‐inflammatory states that lead to mitochondrial dysfunction in endothelial cells. A dynamic flow system was used to implement pulsatile flow in response to tachycardia at arterial carotid bifurcations. Human aortic endothelial cells (HAEC) were exposed pulsatile shear stress at 23±5 dyne·cm − 2 at 140 beats per minute (PSS 140 , CL=429). PSS 140 induced JNK activation at the mitochondria at 30 minutes (1.85‐fold increased compared to static, p&lt;0.05, n=5) which as accompanied by an increased in MitoSOX Red intensities. PSS 140 also increased mitochondrial DNA damage (as measured by 4,977‐bp deletion) and autophagy. Inhibition of JNK and antioxidant treatment attenuated these responses. When taken together, these findings suggest that JNK activation mediates rapid‐pulse rate induced cellular redox states which"
P1_psych,EXCLUDE,S1_PARTITION,noise,1,True,openalex,W2811316669,,2014,,Assessment of hearing loss in high risk individuals using high frequency pure tone audiometry.,"Exposure to loud noise is the most common cause of sensory neural
hearing loss in adults. It is an irreversible type of hearing loss typically
affecting higher frequency initially then gradually progressing to lower
frequency. NIHL is a preventable type of hearing loss through early
intervention. Early detection of hearing loss is possible with the help of high
frequency pure tone audiometry which may be undetected by a conventional
audiometry.
AIMS OF STUDY
• Early detection of Hearing loss in high risk individuals, exposed to noisy
environment
• To compare the efficacy of conventional audiometer with the high
frequency audiometer in early detection of hearing loss
• Early intervention and prevention of noise induced hearing loss
• To evaluate the relationship between duration of noise exposure and
hearing loss
METHODOLOGY
T h e st u d y was conducted in the department of
otorhinolaryngology Government General Hospital Madras Medical College
Chennai 60003. A total of 50 subjects were examined within the age group 25
to 55 years .30 people were traffic police and 20 people were drivers in the
Central Chennai exposed to nose of an average of 105dB .All the cases
subjected to PTA, impedance ,OAE,high frequency pure tone audiometry.
RESULTS
- In my study 83% of subject in the age group 30-40years have high
frequency hearing loss and 75% cases above the age 40 years have high
frequency hearing loss
-82.5% of cases with normal PTA had high frequency hearing loss
-All the subjects with PTA with dip at 4kHz had high frequency hearing
loss
-96.5 %of cases have absence of OAE
-There is considerable relation between duration of exposure and hearing
loss and it is proven
. -All most all cases have symmetrical bilateral hearing loss
CONCLUSION
By the time hearing loss is detected using conventional audiometry
damage has already been affect the speech frequencies. It will affect the verbal
communication of the patient and affect the quality of Life Therefore by using
high frequency audiometry early detection of hearing loss in the high frequency
can be detected. It will help us to take an early warning to those working in
noisy environment to take preventive measures."
P1_psych,EXCLUDE,S1_PARTITION,rate,1,False,openalex,W141964518,,2014,Purdue e-Pubs (Purdue University System),Phase field-finite element approach to study the effects of plasticity on thermal- and stress-induced martensite in shape memory alloys,"Numerous experimental studies have shown that evolution of the martensite microstructure in shape memory alloys can lead to plastic deformation. This results in poor functional fatigue in many commercial applications, whereby strain incrementally advances with repeated thermal cycling under stress. This can also affect structural fatigue, whereby repeated cycling initiates and grows fatigue cracks. Conventional strategies to improve fatigue life include increasing flow strength as to decrease plastic zone size, but binary Ni–Ti alloys do not always follow this trend and there is evidence that a stress-induced phase transformation may not improve fatigue life. Thus, functional and structural fatigue performances are coupled to the underlying interaction between phase transformation and plasticity. This interaction is studied using a unique phase field-finite element approach that incorporates finite deformation. It models the austenite-to-martensite phase transformation at the finest (nm) scale and includes the kinetics of nucleation and growth of correspondence variants. Like spectral methods, it includes the driving forces from chemical, mechanical, and interfacial energies. However, the finite deformation approach also captures the rotation and deformation of material elements during transformation and plasticity. The latter is modeled using a rate-dependent crystal plasticity flow law in the austenite phase. The formalism also includes anisotropic elasticity and thermal expansion, thus capturing texture development and local internal stress during arbitrary thermo-mechanical histories. We examine three hypotheses associated with transformation and plasticity. The first is that plasticity can affect the microstructure of thermally induced martensite and the critical temperature at which it forms. This is explored by varying the rate of cooling, which is expected to moderate the amount of rate-dependent plasticity during transformation. We also study cases where the cooling rate is the same but the plastic yield strength is varied. The second hypothesis is that plasticity can affect the microstructure of stress-induced martensite and the critical applied stress at which it forms. This is explored by simulating uniaxial compression tests of single austenite crystals of varying orientation. The change in orientation moderates the relative Schmid factors for transformation vs. plasticity and the large deformation simulations highlight the complex bending and macrostress state during the test. The third hypothesis is that plasticity can affect the microstructure of stress-induced martensite at crack tips. This is explored through Mode I loading in cracked austenite single crystals. Different crack orientations are considered, thus moderating the relative Schmid factors for transformation and plasticity. The crack tip fields can be contrasted with those from conventional elasticity and crystal-plasticity solutions. The effects of plasticity on microstructure in shape memory alloys connect to transmission electron microscope observations of defect and texture evolution during thermal and stress cycling. These microstructural changes affect the performance and ratcheting measured in macroscopic tests. The phase field-finite element approach presented here can explore such microstructure-property-performance relationships in shape memory alloys."
P2_within,EXCLUDE,"S1_PARTITION,S2_PSYCH",noise,1,False,openalex,W2314388510,10.1103/physreve.89.022916,2014,Physical Review E,Temperature-driven coherence resonance and stochastic resonance in a thermochemical system,"We perform the stochastic analysis of a thermochemical system using a master equation which describes a chemical reaction and includes discrete and continuous temperature jumps. We study the time evolution of the system selecting the temperature of the thermostat as an easily tunable control parameter. Depending on the thermostat temperature, the system can be in an excitable, oscillatory, or stationary regime. Stochastic time series for the system temperature are generated and the distributions of interspike intervals are analyzed in the three dynamical regimes separated by a homoclinic bifurcation and a Hopf bifurcation. Different constructive roles of internal fluctuations are exhibited. A noise-induced transition is observed in the vicinity of the Hopf bifurcation. Coherence resonance and stochastic resonance are found in the oscillatory regime. In a range of thermostat temperatures, a nontrivial behavior of the highly nonlinear system is revealed by the existence of both a minimum and a maximum in the scaled standard deviation of interspike intervals as a function of particle number. This high sensitivity to system size illustrates that controlling dynamics in nanoreactors may remain a difficult task."
P2_within,EXCLUDE,"S1_PARTITION,S2_PSYCH",noise,1,False,openalex,W2729084867,10.1299/jsmeted.2014._i222-1_,2014,The Proceedings of the Thermal Engineering Conference,I222 Nonlinear dynamics of pulse combustor using random dynamical system,We theoretically and numerically investigate the nonlinear dynamics of a pulse combustor using low-dimensional random dynamical system. Noise-induced transition to chaos is clearly observed in a specific range of bifurcation parameters. This is clearly demonstrated by nonlinear time series analysis involving the phase space and permutation entropy.
P1_psych,EXCLUDE,S1_PARTITION,noise,1,False,openalex,W1823050197,10.3389/fncom.2015.00108,2015,Frontiers in Computational Neuroscience,"Identification of neural firing patterns, frequency and temporal coding mechanisms in individual aortic baroreceptors","In rabbit depressor nerve fibers, an on-off firing pattern, period-1 firing, and integer multiple firing with quiescent state were observed as the static pressure level was increased. A bursting pattern with bursts at the systolic phase of blood pressure, continuous firing, and bursting with burst at diastolic phase and quiescent state at systolic phase were observed as the mean level of the dynamic blood pressure was increased. For both static and dynamic pressures, the firing frequency of the first two firing patterns increased and of the last firing pattern decreased due to the quiescent state. If the quiescent state is disregarded, the spike frequency becomes an increasing trend. The instantaneous spike frequency of the systolic phase bursting, continuous firing, and diastolic phase bursting can reflect the temporal process of the systolic phase, whole procedure, and diastolic phase of the dynamic blood pressure signal, respectively. With increasing the static current corresponding to pressure level, the deterministic Hodgkin-Huxley (HH) model manifests a process from a resting state first to period-1 firing via a subcritical Hopf bifurcation and then to a resting state via a supercritical Hopf bifurcation, and the firing frequency increases. The on-off firing and integer multiple firing were here identified as noise-induced firing patterns near the subcritical and supercritical Hopf bifurcation points, respectively, using the stochastic HH model. The systolic phase bursting and diastolic phase bursting were identified as pressure-induced firings near the subcritical and supercritical Hopf bifurcation points, respectively, using an HH model with a dynamic signal. The firing, spike frequency, and instantaneous spike frequency observed in the experiment were simulated and explained using HH models. The results illustrate the dynamics of different firing patterns and the frequency and temporal coding mechanisms of aortic baroreceptor."
P1_psych,EXCLUDE,S1_PARTITION,noise,1,False,openalex,W2047826249,10.1121/1.4920198,2015,The Journal of the Acoustical Society of America,Neurophysiological effects of noise-induced hearing loss,"Noise over-exposure is known to cause sensorineural hearing loss (SNHL) through damage to sensory hair cells and subsequent cochlear neuronal loss. These same histopathological changes can result from other etiological factors (e.g., aging, ototoxic drugs). Audiologically, each is currently classified as SNHL, despite differences in etiology. Functionally, noise-induced hearing loss can differ significantly from other SNHL etiologies; however, these differences remain hidden from current audiological diagnostic tests. For example, noise-induced mechanical damage to stereocilia on inner- and outer-hair cells results in neurophysiological responses that complicate the common view of loudness recruitment. Also, mechanical effects of noise overexposure appear to affect the tip-to-tail ratio of impaired auditory-nerve-fiber tuning curves in ways that create a much more significant degradation of the cochlear tonotopic representation than does a metabolic form of age-related hearing loss. Even temporary threshold shifts due to moderate noise exposure can cause permanent synaptic loss at inner-hair-cell/auditory-nerve-fiber synapses, which reduces neural-coding redundancy for complex sounds and likely degrades listening in background noise. These pathophysiological results suggest that novel diagnostic measures are now required to dissect the single audiological category of SNHL to allow for better individual fitting of hearing aids to restore speech intelligibility in real-world environments. [Work supported by NIH.]"
P1_psych,EXCLUDE,S1_PARTITION,rate,1,False,openalex,W2335549233,10.1371/journal.pone.0124575,2015,PLoS ONE,Hemodynamic Analysis in an Idealized Artery Tree: Differences in Wall Shear Stress between Newtonian and Non-Newtonian Blood Models,"Development of many conditions and disorders, such as atherosclerosis and stroke, are dependent upon hemodynamic forces. To accurately predict and prevent these conditions and disorders hemodynamic forces must be properly mapped. Here we compare a shear-rate dependent fluid (SDF) constitutive model, based on the works by Yasuda et al in 1981, against a Newtonian model of blood. We verify our stabilized finite element numerical method with the benchmark lid-driven cavity flow problem. Numerical simulations show that the Newtonian model gives similar velocity profiles in the 2-dimensional cavity given different height and width dimensions, given the same Reynolds number. Conversely, the SDF model gave dissimilar velocity profiles, differing from the Newtonian velocity profiles by up to 25% in velocity magnitudes. This difference can affect estimation in platelet distribution within blood vessels or magnetic nanoparticle delivery. Wall shear stress (WSS) is an important quantity involved in vascular remodeling through integrin and adhesion molecule mechanotransduction. The SDF model gave a 7.3-fold greater WSS than the Newtonian model at the top of the 3-dimensional cavity. The SDF model gave a 37.7-fold greater WSS than the Newtonian model at artery walls located immediately after bifurcations in the idealized femoral artery tree. The pressure drop across arteries reveals arterial sections highly resistive to flow which correlates with stenosis formation. Numerical simulations give the pressure drop across the idealized femoral artery tree with the SDF model which is approximately 2.3-fold higher than with the Newtonian model. In atherosclerotic lesion models, the SDF model gives over 1 Pa higher WSS than the Newtonian model, a difference correlated with over twice as many adherent monocytes to endothelial cells from the Newtonian model compared to the SDF model."
P1_psych,EXCLUDE,S1_PARTITION,noise,1,True,openalex,W2341188292,10.4103/2321-4848.171951,2015,Archives of Medicine and Health Sciences,Importance of prevention of noise production in Dental College,"Sir, Dental professionals are exposed to high noise levels either in dental colleges and/or private clinic for extended period regularly which is of significant concern.[123] The danger to hearing from the dental-clinic working environment in dental colleges cannot be underestimated. Also the amount of noise exposure the dental specialists receive either prior to their postgraduate specialty training or in their office environment should be considered.[4] Work-related hearing loss continues to be a critical safety and healthcare issue. Hearing loss has adverse impact on quality of life. Indeed, the National Institute of Occupational Safety and Health (NIOSH) included occupational hearing loss in the list of priority areas for research. Occupational Safety and Health Administration (OSHA) has reported the daily permissible noise level of 85 decibels for 8 hours of continual exposure.[13] The sources of dental sounds that can pose as a potential hazard to hearing system of dentists and patients include high-speed turbine hand pieces; low-speed hand pieces; contra-angle hand piece; two-way syringe; high-velocity suction; ultrasonic instruments and cleaners; vibrators; mixing devices such as amalgamators, stone mixers; polishing and lathe instruments; cutting and vibrating instruments; and model trimmers.[13] Prolonged acoustic noise is harmful and can cause noise-induced hearing loss (NIHL) which intensifies during life. NIHL may be undetected for years since it is estimated that individuals lose about 28% of hearing before becoming aware of this problem. Initial complaints include tinnitus, minimal degree of high frequency sensorineural loss which can be dismissed as a temporary phenomenon or as minimal in degree as to cause no significant alteration in communicative function.[45] Dentists experience high frequency hearing loss at the beginning in the 4000 Hz to 6000 Hz range. Right-handed dentists exhibit greater hearing loss in the left ear.[4] Dental college set-up had been proven in various studies to be noisier than private clinics.[146] Lecturers, students, technicians spending in prosthesis laboratory have risk of loss of hearing over several years of regular noise exposure.[46] In dental laboratories where all work is carried out by several students and technicians simultaneously in a single, medium sized room, higher noise levels are produced.[17] Clinical set-up and laboratories should have better sound absorbing material walls, sound proof acoustical ceiling, and restricted entry.[1] Acoustic shields, barrier walls, and partial or total enclosures of noise sources should be considered. Designing acoustics of the clinic to allow for filtering or absorbing noises from other sources is important and can include air conditioning and wooden paneling. Loud sounds from air conditioners and office music should be checked and minimized.[5] Newer equipments produce less noise when compared to old ones.[17] High-speed equipments generally produce more noise than low speed instruments.[7] Contact of suction pump tip with mucosa should be avoided as it intensifies the noise. Also high-volume aspirator produces significantly higher noise level than low-volume aspirator.[7] So whenever possible new, low-speed devices and low-volume aspirator should be preferred. Reducing vibration by vibration-absorbing material and the use of silencers for air and gas flow is encouraged. Ultrasonic frequencies can also damage hearing due to the generation of subharmonics and thus hearing should be protected against these frequencies. The dentist should maintain a distance of 35 cm from his eye to the patient's mouth.[8] The instruments must be activated only when they are ready to be used. Better maintenance and regular servicing of equipments is helpful to minimize high noise production. Noise emission levels of new equipments should be assessed when purchasing it. Simultaneous working of more number of equipments and machinery together result in higher noise levels and should be avoided. It is therefore evident that ways and means of reducing the levels of sound in preclinical, clinical, and laboratory areas should be given some thought along with workers' education in order to protect against the harmful effects of noise.[1] Noise can have both auditory and non-auditory effects. Non-auditory effects include stress reactions with variations in heart rate, blood pressure, respiration, blood glucose, and lipid levels, associated with psychical consequences like annoyance, mental fatigue sleep disturbances, and a reduction in efficiency, decreased learning performance. Degree of risk to individual dentists depends on several factors such as intensity and type of noise, period of exposure each day, total work duration, distance from the source, and individual age and susceptibility. Constant levels of high noise might affect the students, technicians, and teachers in their work efficiency. Noise can induce learned helplessness, in"
P1_psych,EXCLUDE,"S1_PARTITION,S2_PSYCH",noise,1,False,openalex,W2329844910,10.17537/2015.10.72,2015,Mathematical Biology and Bioinformatics,Dynamics of Ensemble of Active Brownian Particles Controlled by Noise,"Dynamics of an ensemble of small number of active Brownian particles is studied by means of numerical simulations. The particles are influenced by independent sources of noise, passive and active, and interact with each other through a global velocity field. We suppose that active noise affects to direction of the particle velocity only. Behaviour of the large ensemble and behaviour of the small one are compared. Mean velocity of particles of the large ensemble was analytically estimated earler. We show that a noise-induced ""order- disorder"" transition accompaniated by a bistability phenomena is observed in a small ensemble. A borderline of a coupling coefficient moves up while reducing the number of particles. Influence of passive noise leads to conversion of bistability to bimodality. There are two most probable values of a particle velocity in the last case. Borders of regions of bistability and bimodality are defined by the stochastic bifurcations of different kinds."
P2_within,EXCLUDE,"S1_PARTITION,S2_PSYCH",noise,1,False,openalex,W4255844321,10.1214/ejp.v20-4047,2015,Electronic Journal of Probability,Noise-induced stabilization of planar flows I,"We show that the complex-valued ODE ($n\geq 1$, $a_{n+1} \neq 0$): $$\dot z = a_{n+1} z^{n+1} + a_n z^n+\cdots+a_0 , $$ which necessarily has trajectories along which the dynamics blows up in finite time, can be stabilized by the addition of an arbitrarily small elliptic, additive Brownian stochastic term. We also show that the stochastic perturbation has a unique invariant probability measure which is heavy-tailed yet is uniformly, exponentially attracting. The methods turn on the construction of Lyapunov functions. The techniques used in the construction are general and can likely be used in other settings where a Lyapunov function is needed. This is a two-part paper. This paper, Part I, focuses on general Lyapunov methods as applied to a special, simplified version of the problem. Part II extends the main results to the general setting."
P1_psych,EXCLUDE,S1_PARTITION,noise,1,False,openalex,W2531009642,10.1063/1.4964978,2016,AIP conference proceedings,Analysis of stochastic phenomena in 2D Hindmarsh-Rose neuron model,"In mathematical research of neuronal activity, conceptual models play an important role. We consider 2D Hindmarsh-Rose model, which exhibits the fundamental property of neuron, the excitability. We study how random disturbances affect this property. The effects of noise are analysed in the parametric zone where the deterministic model is characterized by the coexistence of two stable equilibria. We show that under random disturbances, noise-induced transitions between the attractors occur, forming a new complex dynamic regime of stochastic bursting. It is confirmed by changes of distribution of random trajectories and interspike intervals. For the analysis of this noise-induced phenomenon, we apply the stochastic sensitivity technique and confidence domains method. We suggest a method for estimation of threshold noise intensity corresponding to the onset of noise-induced bursting. We show that the obtained values are in a good agreement with direct numerical simulations."
P1_psych,EXCLUDE,"S1_PARTITION,S2_PSYCH",noise,1,True,openalex,W2230228952,10.1044/leader.ftr2.21012016.46,2016,ASHA Leader,Armed and Exposed,"You have accessThe ASHA Leader ArchiveFeature1 Jan 2016Armed and ExposedAudiologist Kathleen C. M. Campbell is on the front lines of studying a drug that could protect soldiers from long-term hearing loss—and save the U.S. Armed Forces billions of dollars. Haley Blum Haley Blum Google Scholar https://doi.org/10.1044/leader.FTR2.21012016.46 SectionsAbout ToolsAdd to favorites ShareFacebookTwitterLinked In The jarring rat-tat-tat of gunfire. The piercing blast of an IED. The constant roar of convoy engines. Soldiers are exposed to a barrage of potentially damaging noises, so it's not surprising that hearing impairment, including tinnitus, is one of the most common injuries sustained by soldiers during their service, according to the Department of Defense's (DoD) Hearing Center of Excellence. Earplugs and earmuffs are available, but they still don't fully protect against some sounds. The military has a hearing loss problem. And Kathleen C. M. Campbell is trying to solve it. The Southern Illinois University School of Medicine professor and audiologist has spent 20 years developing a micronutrient called D-methionine (D-met). Now she's in the midst of a Phase 3 clinical trial at Fort Jackson in South Carolina, looking to see if the liquid form of the drug can protect against noise-induced hearing loss in a population exposed to repeated rounds of noisy weapon fire—each shot reaching 155 decibels—during drill-sergeant training. With $2.9 million from the DoD, and additional funding from NIH, Campbell is focused on the military. But if this type of preventive drug succeeds, the impact would extend far beyond the base. You're studying D-methionine in Fort Jackson as a drug that could possibly prevent noise-induced hearing loss. What is it? D-met is an amino acid and a component of protein. In most proteins, the methionine content is L-methionine, but in fermented proteins it changes to the mirror-image molecule, D-methionine, which is even safer and has better protective properties. And it is a micronutrient, and it's present in fermented proteins in foods like yogurt and cheese. Your study is a Phase 3 trial. What has the development process of this drug been like? You've been working on it for quite a few years now. Yes, I have. It's been a long process—I've been working on developing the drug for two decades, and we have five U.S. patents issued. I'm the sole inventor, but my school, Southern Illinois University School of Medicine, owns the patents. I started out testing D-met for cisplatin-induced [chemotherapy] ototoxicity and it works. We've done a Phase 2 clinical trial for that and it was successful—we got significant protection. And then we've also used it for radiation-induced oral mucositis, which is kind of a different topic. And we have good protection of aminoglycoside-induced [antibiotics] ototoxicity, but that's preclinical work. Why did you initially pursue this area of research? I was a clinical audiologist for many years, and some of the patients that I had were dissatisfied with how much we could help them with noise-induced hearing loss and drug-induced hearing loss because they cannot be cured—it's permanent. And they don't always do well with hearing aids. I don't want to denigrate hearing aids at all, because they help a lot of people a great deal, but they do not restore normal hearing, as anybody with hearing aids will tell you. So I just wanted some better solutions. I was interested in noise-induced hearing loss because we see it every day in our audiology clinics and it's the most common cause of hearing loss worldwide. And people with drug-induced hearing loss are also sometimes dealing with life-threatening illnesses. To lose your hearing and your ability to communicate easily over the telephone, at a time when you really need to connect with your family and friends—who are frequently scattered around the country, if not the world—is devastating. Why is noise-induced hearing loss such an issue in the military? It's costing the DoD and Veterans Affairs $2 billion to $4 billion a year, depending on what you include in the calculation, and it's also dangerous for the soldiers on the battlefield who can't quickly identify where the enemy is coming from. Their communications also take place in high background-noise levels, which is specifically what noise-induced hearing loss starts to diminish, so it decreases the safety of the crew out on the battlefield. It's the most common reason why soldiers cannot be redeployed, and it's the most common disability in the military. ""Hearing loss is dangerous for the soldier on the battlefield who can't quickly identify where the enemy is coming from."" Most adult hearing loss is at high frequencies, more than low frequencies, which is exactly where the consonant sounds are. That's why people with high-frequency hearing loss that is either noise- or drug-induced will say, ""I can hear, but I can't understand."" So people want to shout at them, which actu"
P1_psych,EXCLUDE,"S1_PARTITION,S2_PSYCH",noise,1,False,openalex,W2984381147,10.7554/elife.17688.026,2016,,"Author response: The influence of evidence volatility on choice, reaction time and confidence in a perceptual decision","Article Figures and data Abstract eLife digest Introduction Results Discussion Materials and methods Appendix 1 References Decision letter Author response Article and author information Metrics Abstract Many decisions are thought to arise via the accumulation of noisy evidence to a threshold or bound. In perception, the mechanism explains the effect of stimulus strength, characterized by signal-to-noise ratio, on decision speed, accuracy and confidence. It also makes intriguing predictions about the noise itself. An increase in noise should lead to faster decisions, reduced accuracy and, paradoxically, higher confidence. To test these predictions, we introduce a novel sensory manipulation that mimics the addition of unbiased noise to motion-selective regions of visual cortex, which we verified with neuronal recordings from macaque areas MT/MST. For both humans and monkeys, increasing the noise induced faster decisions and greater confidence over a range of stimuli for which accuracy was minimally impaired. The magnitude of the effects was in agreement with predictions of a bounded evidence accumulation model. https://doi.org/10.7554/eLife.17688.001 eLife digest Many of our decisions are made on the basis of imperfect or 'noisy' information. A longstanding goal in neuroscience is to work out how such noise affects three aspects of decision-making: the accuracy (or appropriateness) of a choice, the speed at which the choice is made, and the decision-maker's confidence that they have chosen correctly. One theory of decision-making is that the brain simultaneously accumulates evidence for each of the options it is considering, until one option exceeds a threshold and is declared the 'winner'. This theory is known as bounded evidence accumulation. It predicts that increasing the noisiness of the available information decreases the accuracy of decisions made in response. Counterintuitively, it also predicts that such an increase in noise speeds up decision-making and increases confidence levels. Zylberberg et al. have now tested these predictions experimentally by getting human volunteers and monkeys to perform a series of trials where they had to decide whether a set of randomly moving dots moved to the left or to the right overall. Using a newly developed method, the noisiness of the dot motion could be changed between trials. The effectiveness of this technique was confirmed by recording the activity of neurons in the region of the monkey brain that processes visual motion information. After each trial, the humans rated their confidence in their decision. By comparison, the monkeys could indicate that they were not confident in a decision by opting for a guaranteed small reward on certain trials (instead of the larger reward they received when they correctly indicated the direction of motion of the dots). In both humans and monkeys, increasing the noisiness associated with the movement of the dots led to faster and more confident decision-making, just as the bounded evidence accumulation framework predicts. Furthermore, the results presented by Zylberberg et al. suggest that the brain does not always gauge how reliable evidence is in order to fine-tune decisions. Now that the role of noise in decision-making is better understood, future experiments could attempt to reveal how artificial manipulations of the brain contribute both information and noise to a decision. Other experiments might ascertain when the brain can learn that noisy information should invite slower, more cautious decisions. https://doi.org/10.7554/eLife.17688.002 Introduction Decisions that combine information from different sources or across time are of special interest to neuroscience because they serve as a model of cognitive function. These decisions are not hard wired or reflexive, yet they are experimentally tractable. Psychologists have long sought to understand how the process of decision formation gives rise to three key observables (Cartwright and Festinger, 1943; Audley, 1960; Vickers, 1979). First there is the choice itself (left or right, coffee or tea), which determines accuracy in cases where a correct alternative can be defined. Second, there is the time it takes to reach a decision, which determines reaction-time (RT). RT furnishes a powerful constraint on models of decision-making, and is a defining element of the trade-off between speed and accuracy that characterizes most decisions. Third, decisions are often accompanied by a graded degree of belief in the accuracy or appropriateness of the choice. This belief, referred to as decision confidence, influences many aspects of behavior: how we learn from our mistakes, plan subsequent decisions, and communicate our decisions to others. A model of the decision process ought to explain not just choices but all three of these observables in a quantitative fashion. The family of bounded evidence accumulation models, including drift diffusion, race and attractor models, offers one s"
P1_psych,EXCLUDE,"S1_PARTITION,S2_PSYCH",noise,1,False,openalex,W4246795763,10.7554/elife.17688.025,2016,,"Decision letter: The influence of evidence volatility on choice, reaction time and confidence in a perceptual decision","Article Figures and data Abstract eLife digest Introduction Results Discussion Materials and methods Appendix 1 References Decision letter Author response Article and author information Metrics Abstract Many decisions are thought to arise via the accumulation of noisy evidence to a threshold or bound. In perception, the mechanism explains the effect of stimulus strength, characterized by signal-to-noise ratio, on decision speed, accuracy and confidence. It also makes intriguing predictions about the noise itself. An increase in noise should lead to faster decisions, reduced accuracy and, paradoxically, higher confidence. To test these predictions, we introduce a novel sensory manipulation that mimics the addition of unbiased noise to motion-selective regions of visual cortex, which we verified with neuronal recordings from macaque areas MT/MST. For both humans and monkeys, increasing the noise induced faster decisions and greater confidence over a range of stimuli for which accuracy was minimally impaired. The magnitude of the effects was in agreement with predictions of a bounded evidence accumulation model. https://doi.org/10.7554/eLife.17688.001 eLife digest Many of our decisions are made on the basis of imperfect or ‘noisy’ information. A longstanding goal in neuroscience is to work out how such noise affects three aspects of decision-making: the accuracy (or appropriateness) of a choice, the speed at which the choice is made, and the decision-maker’s confidence that they have chosen correctly. One theory of decision-making is that the brain simultaneously accumulates evidence for each of the options it is considering, until one option exceeds a threshold and is declared the ‘winner’. This theory is known as bounded evidence accumulation. It predicts that increasing the noisiness of the available information decreases the accuracy of decisions made in response. Counterintuitively, it also predicts that such an increase in noise speeds up decision-making and increases confidence levels. Zylberberg et al. have now tested these predictions experimentally by getting human volunteers and monkeys to perform a series of trials where they had to decide whether a set of randomly moving dots moved to the left or to the right overall. Using a newly developed method, the noisiness of the dot motion could be changed between trials. The effectiveness of this technique was confirmed by recording the activity of neurons in the region of the monkey brain that processes visual motion information. After each trial, the humans rated their confidence in their decision. By comparison, the monkeys could indicate that they were not confident in a decision by opting for a guaranteed small reward on certain trials (instead of the larger reward they received when they correctly indicated the direction of motion of the dots). In both humans and monkeys, increasing the noisiness associated with the movement of the dots led to faster and more confident decision-making, just as the bounded evidence accumulation framework predicts. Furthermore, the results presented by Zylberberg et al. suggest that the brain does not always gauge how reliable evidence is in order to fine-tune decisions. Now that the role of noise in decision-making is better understood, future experiments could attempt to reveal how artificial manipulations of the brain contribute both information and noise to a decision. Other experiments might ascertain when the brain can learn that noisy information should invite slower, more cautious decisions. https://doi.org/10.7554/eLife.17688.002 Introduction Decisions that combine information from different sources or across time are of special interest to neuroscience because they serve as a model of cognitive function. These decisions are not hard wired or reflexive, yet they are experimentally tractable. Psychologists have long sought to understand how the process of decision formation gives rise to three key observables (Cartwright and Festinger, 1943; Audley, 1960; Vickers, 1979). First there is the choice itself (left or right, coffee or tea), which determines accuracy in cases where a correct alternative can be defined. Second, there is the time it takes to reach a decision, which determines reaction-time (RT). RT furnishes a powerful constraint on models of decision-making, and is a defining element of the trade-off between speed and accuracy that characterizes most decisions. Third, decisions are often accompanied by a graded degree of belief in the accuracy or appropriateness of the choice. This belief, referred to as decision confidence, influences many aspects of behavior: how we learn from our mistakes, plan subsequent decisions, and communicate our decisions to others. A model of the decision process ought to explain not just choices but all three of these observables in a quantitative fashion. The family of bounded evidence accumulation models, including drift diffusion, race and attractor models, offers one s"
P2_within,EXCLUDE,"S1_PARTITION,S2_PSYCH",noise,1,False,openalex,W2558165363,10.1063/1.4970322,2016,Chaos An Interdisciplinary Journal of Nonlinear Science,Local noise sensitivity: Insight into the noise effect on chaotic dynamics,"Noise contamination in experimental data with underlying chaotic dynamics is one of the significant problems limiting the application of many nonlinear time series analysis methods. Although numerous studies have been devoted to the investigation of different aspects of noise-nonlinear dynamics interactions, the effects produced by noise on chaotic dynamics are not fully understood. This study sought to analyze the local effects produced by noise on chaotic dynamics with a smooth attractor. Local Wayland test translation errors were calculated for noise-induced Lorenz and Rössler chaotic models, and for experimental green light photoplethysmogram data. Results demonstrated that under noise induction, local regions on the chaotic attractor with high values of local translation error can be observed. This phenomenon was defined as the local noise sensitivity. It was found that for both models, local noise-sensitive regions were located close to the system's equilibrium points. Additionally, it was found that the reconstructed dynamics represent well the local noise sensitivity of the original dynamics. The concept of local noise sensitivity is expected to contribute to various applied studies, as it reveals regions of chaotic attractors that are sensitive to the presence of noise."
P2_within,EXCLUDE,"S1_PARTITION,S2_PSYCH",noise,1,False,openalex,W2909949857,,2016,"[Thesis]. Manchester, UK: The University of                    Manchester; 2016.",Intrinsic fluctuations in discrete and continuous time models,"This thesis explores the stochastic features of models of ecological systems in discrete and in continuous time. Our interest lies in models formulated at the microscale, from which a mesoscopic description can be derived. The stochasticity present in the models, constructed in this way, is intrinsic to the systems under consideration and stems from their finite size. We start by exploring a susceptible-infectious-recovered model for epidemic spread on a network. We are interested in the case where the connectivity, or degree, of the individuals is characterised by a very broad, or heterogeneous, distribution, and in the effects of stochasticity on the dynamics, which may depart wildly from that of a homogeneous population. The model at the mesoscale corresponds to a system of stochastic differential equations with a very large number of degrees of freedom which can be reduced to a two-dimensional model in its deterministic limit. We show how this reduction can be carried over to the stochastic case by exploiting a time-scale separation in the deterministic system and carrying out a fast-variable elimination. We use simulations to show that the temporal behaviour of the epidemic obtained from the reduced stochastic model yields reasonably good agreement with the microscopic model under the condition that the maximum allowed degree that individuals can have is not too close to the population size. This is illustrated using time series, phase diagrams and the distribution of epidemic sizes.The general mesoscopic theory used in continuous-time models has only very recently been developed for discrete-time systems in one variable. Here, we explore this one-dimensional theory and find that, in contrast to the continuous-time case, large jumps can occur between successive iterates of the process, and this translates at the mesoscale into the need for specifying `boundary' conditions everywhere outside of the system. We discuss these and how to implement them in the stochastic difference equation in order to obtain results which are consistent with the microscopic model. We then extend the theoretical framework to make it applicable to systems containing an arbitrary number of degrees of freedom. In addition, we extend a number of analytical results from the one-dimensional stochastic difference equation to arbitrary dimension, for the distribution of fluctuations around fixed points, cycles and quasi-periodic attractors of the corresponding deterministic map. We also derive new expressions, describing the autocorrelation functions of the fluctuations, as well as their power spectrum. From the latter, we characterise the appearance of noise-induced oscillations in systems of dimension greater than one, which have been previously observed in continuous-time systems and are known as quasi-cycles. Finally, we explore the ability of intrinsic noise to induce chaotic behaviour in the system for parameter values for which the deterministic map presents a non-chaotic attractor; we find that this is possible for periodic, but not for quasi-periodic, states."
P1_psych,EXCLUDE,"S1_PARTITION,S2_PSYCH",noise,1,False,openalex,W2758213638,10.1016/j.physa.2017.08.157,2017,Physica A Statistical Mechanics and its Applications,Noise-induced shifts in the population model with a weak Allee effect,
P1_psych,EXCLUDE,S1_PARTITION,rate,1,False,openalex,W2620275469,10.1063/1.4983847,2017,Journal of Applied Physics,Mixed protonic and electronic conductors hybrid oxide synaptic transistors,"Mixed ionic and electronic conductor hybrid devices have attracted widespread attention in the field of brain-inspired neuromorphic systems. Here, mixed protonic and electronic conductor (MPEC) hybrid indium-tungsten-oxide (IWO) synaptic transistors gated by nanogranular phosphorosilicate glass (PSG) based electrolytes were obtained. Unique field-configurable proton self-modulation behaviors were observed on the MPEC hybrid transistor with extremely strong interfacial electric-double-layer effects. Temporally coupled synaptic plasticities were demonstrated on the MPEC hybrid IWO synaptic transistor, including depolarization/hyperpolarization, synaptic facilitation and depression, facilitation-stead/depression-stead behaviors, spiking rate dependent plasticity, and high-pass/low-pass synaptic filtering behaviors. MPEC hybrid synaptic transistors may find potential applications in neuron-inspired platforms."
P2_within,EXCLUDE,"S1_PARTITION,S2_PSYCH",noise,1,False,openalex,W2782229717,10.1109/tencon.2017.8228254,2017,,RNN based noise annoyance measurement for urban noise evaluation,"Noise is the unpleasant sound that may harm the activity or balance of human life. With the development of economic growth, urban noise pollution becomes a worldwide concern. Many efforts have been done in this area to evaluate, control, and reduce it. Among these efforts, noise-induced annoyance level evaluation attracts many attention which provides efficient tools for other noise control solutions. In this manuscript, an objective evaluation scheme is proposed which considers the time series effect and utilizes the Recurrent Neural Network (RNN) to generate noise annoyance score. The proposed solution does not require subjects to be involved for listening test which saves the time and can be implemented on-the-fly. Simulation results show that our proposed method presents satisfied prediction accuracy of noise annoyance level."
P1_psych,EXCLUDE,"S1_PARTITION,S2_PSYCH",noise,1,False,openalex,W2806841160,10.1103/physrevlett.120.238101,2018,Physical Review Letters,Cold Active Motion: How Time-Independent Disorder Affects the Motion of Self-Propelled Agents,"Assemblages of self-propelled particles, often termed active matter, exhibit collective behavior due to competition between neighbor alignment and noise-induced decoherence. However, very little is known of how the quenched (i.e., time-independent) disorder impacts active motion. Here we report on the effects of quenched disorder on the dynamics of self-propelled point particles. We identified three major types of quenched disorder relevant in the context of active matter: random torque, force, and stress. We demonstrate that even in the absence of external fluctuations (""cold active matter""), quenched disorder results in nontrivial dynamic phases not present in their ""hot"" counterpart. In particular, by analyzing when the equations of motion exhibit a Hamiltonian structure and when attractors may be present, we identify in which scenarios particle trapping, i.e., the asymptotic convergence of particle trajectories to bounded areas in space (""traps""), can and cannot occur. Our study provides new fundamental insights into active systems realized by self-propelled particles on natural and synthetic disordered substrates."
P1_psych,EXCLUDE,S1_PARTITION,noise,1,False,openalex,W2891843003,10.1101/424515,2018,bioRxiv (Cold Spring Harbor Laboratory),Stability of working memory in continuous attractor networks under the control of short-term plasticity,"Abstract Continuous attractor models of working-memory store continuous-valued information in continuous state-spaces, but are sensitive to noise processes that degrade memory retention. Short-term synaptic plasticity of recurrent synapses has previously been shown to affect continuous attractor systems: short-term facilitation can stabilize memory retention, while short-term depression possibly increases continuous attractor volatility. However, it currently remains unclear to which degree these two short-term plasticity mechanisms interact, what their combined quantitative effect on working memory stability is, and whether these effects persist in neuronal networks with spike-based transmission. Here, we present a comprehensive description of the effects of short-term plasticity on noise-induced memory degradation in one-dimensional continuous attractor models. Our theoretical description, applicable to spiking and rate-based models alike, accurately describes the slow dynamics of stored memory positions in separate processes of diffusion due to spiking variability and drift due to sparse connectivity and neuronal heterogeneity. We find that facilitation decreases both diffusion and directed drifts, while short-term depression tends to increase both. Using mutual information, we evaluate the combined impact of short-term facilitation and depression on the ability of networks to retain stable working memory. Finally, our theory establishes links to experiments: we are able to predict the sensitivity of continuous working memory to distractor inputs and place constraints on network and synapse properties necessary to implement stable working memory. Author summary The ability to transiently memorize positions in the visual field is crucial for behavior. Models and experiments have shown that such memories can be maintained in networks of cortical neurons with a continuum of possible activity states, that reflects the continuum of positions in the environment. However, the accuracy of positions stored in such networks will degrade over time due to the noisiness of neuronal signaling and imperfections of the biological substrate. Previous work in simplified models has shown that synaptic short-term plasticity could stabilize this degradation by dynamically up- or down-regulating the strength of synaptic connections, thereby ”pinning down” memorized positions. Here, we present a general theory that accurately predicts the extent of this ”pinning down” by short-term plasticity in a broad class of biologically plausible models, thereby untangling the interplay of varying biological sources of noise with short-term plasticity. Importantly, our work provides a direct and novel theoretical link from the microscopic substrate of working memory – neurons and synaptic connections – to observable behavioral correlates. This allows us to constrain properties of cortical networks that are currently hard to assess experimentally, which we hope will help guide future theoretical and experimental work."
P1_psych,EXCLUDE,"S1_PARTITION,S2_PSYCH",noise,1,False,openalex,W2919272630,10.1109/tencon.2018.8650456,2018,,Assessment of Music and Water Sounds for Urban Noise Masking,"Urban noise pollution attracts global concern since it seriously affects and harms human health and activities. Noise-induced annoyance is one of the salient noise effects on human perception. As an efficient noise reduction tools, noise masking scheme is employed to reduce noise-induced annoyance. Both music and water sounds are commonly used sound maskers in noise masking where music sound masking is seldom discussed for urban noise. In this study, we conduct a subjective listening test to evaluate the masking capability of music and water sounds for Singapore urban noise. The results show that masking is a good solution in mid-to-high annoyance scenario for traffic and construction noise. And music sound presents similar performance in reducing the annoyance to that of the water sounds."
P1_psych,EXCLUDE,"S1_PARTITION,S2_PSYCH",noise,1,False,openalex,W2783363238,10.1016/j.jtbi.2017.12.011,2018,Journal of Theoretical Biology,Deterministic stability regimes and noise-induced quasistable behavior in a pair of reciprocally inhibitory neurons,
P2_within,EXCLUDE,"S1_PARTITION,S2_PSYCH",noise,1,False,openalex,W2810187575,10.1038/s41467-018-04881-7,2018,Nature Communications,Early-warning signals for Dansgaard-Oeschger events in a high-resolution ice core record,"The Dansgaard-Oeschger (DO) events, as observed in oxygen isotope ratios from the North Greenland Ice Core Project (NGRIP) record, are an outstanding example of past abrupt climate transitions. Their physical cause remains debated, and previous research indicated that they are not preceded by classical early-warning signals (EWS). Subsequent research hypothesized that the DO events are caused by bifurcations of physical mechanisms operating at decadal timescales, and proposed to search for EWS in the high-frequency fluctuation levels. Here, a time series with 5-year resolution is obtained from the raw NGRIP record, and significant numbers of EWS in terms of variance and autocorrelation increases are revealed in the decadal-scale variability. Wavelet analysis indicates that the EWS are most pronounced in the 10-50-year periodicity band, confirming the above hypothesis. The DO events are hence neither directly noise-induced nor purely externally forced, which provides valuable constraints regarding potential physical causes."
P1_psych,EXCLUDE,S1_PARTITION,noise,1,False,openalex,W2950043157,10.1371/journal.pcbi.1006928,2019,PLoS Computational Biology,Stability of working memory in continuous attractor networks under the control of short-term plasticity,"Continuous attractor models of working-memory store continuous-valued information in continuous state-spaces, but are sensitive to noise processes that degrade memory retention. Short-term synaptic plasticity of recurrent synapses has previously been shown to affect continuous attractor systems: short-term facilitation can stabilize memory retention, while short-term depression possibly increases continuous attractor volatility. Here, we present a comprehensive description of the combined effect of both short-term facilitation and depression on noise-induced memory degradation in one-dimensional continuous attractor models. Our theoretical description, applicable to rate models as well as spiking networks close to a stationary state, accurately describes the slow dynamics of stored memory positions as a combination of two processes: (i) diffusion due to variability caused by spikes; and (ii) drift due to random connectivity and neuronal heterogeneity. We find that facilitation decreases both diffusion and directed drifts, while short-term depression tends to increase both. Using mutual information, we evaluate the combined impact of short-term facilitation and depression on the ability of networks to retain stable working memory. Finally, our theory predicts the sensitivity of continuous working memory to distractor inputs and provides conditions for stability of memory."
P1_psych,EXCLUDE,S1_PARTITION,rate,1,False,openalex,W2962775771,10.1002/polb.24860,2019,Journal of Polymer Science Part B Polymer Physics,Mechanical Properties and Failure Behavior of Physically Assembled Triblock Copolymer Gels with Varying Midblock Length,"ABSTRACT Mechanical properties including the failure behavior of physically assembled gels or physical gels are governed by their network structure. To investigate such behavior, we consider a physical gel system consisting of poly(styrene)‐poly(isoprene)‐poly(styrene)[PS‐PI‐PS] in mineral oil. In these gels, the endblock (PS) molecular weights are not significantly different, whereas, the midblock (PI) molecular weight has been varied such that we can access gels with and without midblock entanglement. Small angle X‐ray scattering data reveals that the gels are composed of collapsed PS aggregates connected by PI chains. The gelation temperature has been found to be a function of the endblock concentration. Tensile tests display stretch‐rate dependent modulus at high strain for the gels with midblock entanglement. Creep failure behavior has also been found to be influenced by the entanglement. Fracture experiments with predefined cracks show that the energy release rate scales linearly with the crack‐tip velocity for all gels considered here. In addition, increase of midblock chain length resulted in higher viscous dissipation leading to a higher energy release rate. The results provide an insight into how midblock entanglement can possibly affect the mechanical properties of physically assembled triblock copolymer gels in a midblock selective solvent. © 2019 Wiley Periodicals, Inc. J. Polym. Sci., Part B: Polym. Phys. 2019 , 57 , 1014–1026"
P1_psych,EXCLUDE,S1_PARTITION,noise,1,False,openalex,W4248542800,10.3410/f.735582192.793559385,2019,Faculty Opinions – Post-Publication Peer Review of the Biomedical Literature,Faculty Opinions recommendation of Stability of working memory in continuous attractor networks under the control of short-term plasticity.,"Continuous attractor models of working-memory store continuous-valued information in continuous state-spaces, but are sensitive to noise processes that degrade memory retention.Short-term synaptic plasticity of recurrent synapses has previously been shown to affect continuous attractor systems: short-term facilitation can stabilize memory retention, while short-term depression possibly increases continuous attractor volatility.Here, we present a comprehensive description of the combined effect of both short-term facilitation and depression on noise-induced memory degradation in one-dimensional continuous attractor models.Our theoretical description, applicable to rate models as well as spiking networks close to a stationary state, accurately describes the slow dynamics of stored memory positions as a combination of two processes: (i) diffusion due to variability caused by spikes; and (ii) drift due to random connectivity and neuronal heterogeneity.We find that facilitation decreases both diffusion and directed drifts, while short-term depression tends to increase both.Using mutual information, we evaluate the combined impact of short-term facilitation and depression on the ability of networks to retain stable working memory.Finally, our theory predicts the sensitivity of continuous working memory to distractor inputs and provides conditions for stability of memory."
P1_psych,EXCLUDE,S1_PARTITION,noise,1,False,openalex,W2907878544,10.1101/514315,2019,bioRxiv (Cold Spring Harbor Laboratory),Stochastic neural field model of stimulus-dependent variability in cortical neurons,"Abstract We use stochastic neural field theory to analyze the stimulus-dependent tuning of neural variability in ring attractor networks. We apply perturbation methods to show how the neural field equations can be reduced to a pair of stochastic nonlinear phase equations describing the stochastic wandering of spontaneously formed tuning curves or bump solutions. These equations are analyzed using a modified version of the bivariate von Mises distribution, which is well-known in the theory of circular statistics. We first consider a single ring network and derive a simple mathematical expression that accounts for the experimentally observed bimodal (or M-shaped) tuning of neural variability. We then explore the effects of inter-network coupling on stimulus-dependent variability in a pair of ring networks. These could represent populations of cells in two different layers of a cortical hypercolumn linked via vertical synaptic connections, or two different cortical hypercolumns linked by horizontal patchy connections within the same layer. We find that neural variability can be suppressed or facilitated, depending on whether the inter-network coupling is excitatory or inhibitory, and on the relative strengths and biases of the external stimuli to the two networks. These results are consistent with the general observation that increasing the mean firing rate via external stimuli or modulating drives tends to reduce neural variability. Author Summary A topic of considerable current interest concerns the neural mechanisms underlying the suppression of cortical variability following the onset of a stimulus. Since trial-by-trial variability and noise correlations are known to affect the information capacity of neurons, such suppression could improve the accuracy of population codes. One of the main candidate mechanisms is the suppression of noise-induced transitions between multiple attractors, as exemplified by ring attractor networks. The latter have been used to model experimentally measured stochastic tuning curves of directionally selective middle temporal (MT) neurons. In this paper we show how the stimulus-dependent tuning of neural variability in ring attractor networks can be analyzed in terms of the stochastic wandering of spontaneously formed tuning curves or bumps in a continuum neural field model. The advantage of neural fields is that one can derive explicit mathematical expressions for the second-order statistics of neural activity, and explore how this depends on important model parameters, such as the level of noise, the strength of recurrent connections, and the input contrast."
P1_psych,EXCLUDE,S1_PARTITION,noise,1,False,openalex,W3177400047,10.1096/fasebj.2019.33.1_supplement.533.10,2019,The FASEB Journal,The effect of sounds on nonlinear measures of heart rate variability,"Purpose and method This purpose of the study is to determine changes in nonlinear heart rate variability (HRV) measures during the passive listening of sounds. Twenty subjects (all women) participated in the study. Subjects listened to four sounds: (1) white noise, (2) the road traffic noise, (3) excitatory music (Diamanda Galas' Women with Steak Knives, (4) lullaby (Ba Mo Leanabh (O My Baby), Arr. William Jackson and Mackenzie, Fiona McKenzie). Emotional responses were assessed with The Affect Grid. The experiment consisted of 5 min sessions (rest and listening). RR intervals were recorded during both sessions. Fractal scaling exponents of HRV were quantified by means of the detrended fluctuation analysis (DFA). Three indices of Poincaré plots were calculated: the width of the cloud (SD1), the length of the cloud (SD2) and the ratio SD2/SD1. The complexity of attractor was assessed by calculation of correlation dimension (D2) and entropy measures (ApEn, SampEn). The following measures were derived from recurrence plot (RP): mean line length (Lmean), maximum line length (Lmax), recurrence rate (REC), determinism (DET), and Shannon entropy of line length distribution (ShanEn). We chose a tolerance level to achieve the REC =5% in accordance with a suggestion of Webber (2007). Freidman ANOVA and Wilcoxon matched‐pairs signed‐ranks tests were used to determine the significance of differences between measurements. Data are mean ± SE. Results Excitatory music was interpreted as unpleasant and arousing (valence: −3.07 ± 0.23; arousal: 2.00 ± 0.30). Lullaby was associated with positive emotion with negative arousal (valence: 2.19 ± 0.21; arousal: −1.53 ± 0.28). White noise induced negative valence (−2.53 ± 0.2) and positive arousal (0.95 ± 0.25), road traffic noise induced negative valence (−1.19 ± 0.24) and very low arousal (0.48 ± 0.22). The levels of valence were significantly different across the 4 stimuli (Friedman ANOVA: χ2 = 131.92, p &lt; 0.001). This difference was present in pairs of sounds (Wilcoxon: p &lt; 0.05). The results were the same for arousal (Friedman ANOVA: χ2 = 73.14, p &lt; 0.001). Results of calculation of complexity measures (ApEn, SampEn, D2) exhibit non‐significant differences between rest and sound listening (p &gt; 0.05). Sound listening produces non‐significant response changes in short‐range fractal scaling exponent of DFA (p &gt; 0.05). There was a significant increase in long‐range fractal scaling exponent during excitatory music listening (from 0.40 ± 0.06 to 0.52 ± 0.07). During excitatory music, exposure was found significantly higher values of Lmean, Lmax, and ShanEn (p &lt; 0.05). The RP indexes when listening to the white noise, traffic noise and lullaby showed no significant changes (Wilcoxon: p &gt; 0.05). Poincare plot analysis of RR sequences reveals a significant decrease of the standard deviation of the instantaneous beat‐to‐beat variability data (SD1) during excitatory music listening (p &lt; 0.01). The changes in the length of the cloud (SD2) and SD2/SD1 ratio were nonsignificant (p &gt; 0.05). Support or Funding Information This abstract is from the Experimental Biology 2019 Meeting. There is no full text article associated with this abstract published in The FASEB Journal ."
P1_psych,EXCLUDE,"S1_PARTITION,S2_PSYCH",rate,1,False,openalex,W3091940625,10.5325/jdevepers.3.1-2.0001,2019,Journal of Development Perspectives,Climbing a Macro–Micro Consistency Learning Curve: Emerging Market Challenges for the Next Decade,"This edition of the Journal of Development Perspectives focuses on key economic policy challenges facing emerging economies now and in the foreseeable few years. Our authors were asked to reflect on how countries have addressed existing constraints to economic growth in recent years, pulling together lessons and providing perspective on how both these and newer challenges can be better tackled in future. Authors chose to look at these questions from a range of economic and political economy perspectives, covering an array of emerging and developing countries in West Africa, Sub-Saharan Africa, alongside South Africa, Brazil, and Indonesia. The articles highlight challenges to economic growth from macroeconomic policy, climate change, the emergence of Covid-19, and permanent and seemingly ubiquitous political obstacles to change.Three broad themes emerge from our authors’ contributions.One is that appropriate open-macroeconomic policy frameworks remain a key challenge, especially for countries in the process of becoming emerging market economies. A second is that bedding down appropriate macroeconomic frameworks in emerging economies continues to be at risk from local responses to domestic challenges and to global events. Often, these responses are guided by newer or, more commonly, rebooted narratives that undermine the somewhat older, post-Asian crisis approach to macro policy that was evident in emerging economies in the 2000s. A third is that part of the challenge to the second theme is whether or not countries need better alignment between macroeconomic objectives and microeconomic dynamics. This harks back to another literature – on time consistency, real business cycles and the new Keynesian synthesis – many emerging economies appear to be caught in a tension between macroeconomics and microeconomics. The danger is that these tensions lead to big macroeconomic policy mistakes.In the remainder of this chapter, I review the contributions of our authors and provide some perspective on the themes raised by them.For many countries, as in both West and southern Africa, exchange rate regimes remain in flux. Choices to further anchor fixed regimes or to go for greater autonomy with inflation targets and floating rates remain critically important questions. These topics are explored in the contributions by Nonso Obikili and by Andreas Wörgötter and Zuzana Brixiova.Nonso Obikili takes on the role of exchange rate policies within broader frameworks including inflation targets and central bank independence in West Africa. Obikili looks, in particular, at how Ghana, Guinea, and Nigeria have worked to maintain best practice macro policies generally, while allowing exchange rate policies to deviate from them, becoming obstacles to stronger growth.The problem comes from two sources. One is an historical economic legacy, in which mono-export economies remain hindered by outdated economic policies and arrangements that work against diversification. The other is related—a failure to reconstruct the aims of fiscal and monetary policy, because important interest groups can be negatively affected by it. The challenge is created by historical pegs to advanced economy currencies, not least the French franc, which create an expectation of cheap imports for elites and induced the growth of firms reliant on imported capital goods. The implied political constraint and the other economic constraint, together have severely limited policy autonomy. But they have also become constraints to diversification and integration, making it difficult for these countries to diversify out of being mono-export economies.In recent times, these dynamics have been made more rigid by a further failure to use extraordinary export proceeds to shift policy in meaningful ways. As Obikili sets out, the challenge is well established: Where economies are dependent on commodity exports or a narrow range of exports, the temptation is high for countries to use boom periods to diversify sources of economic growth. But this often fails, and both governments and middle classes realign their expectations around exchange rate stability rather than more inclusive growth. Over time, this preference extends to the monetary authority, which, despite being independent, comes to define its mandate as currency stability, and often overvalued.The result, combined with the reality of cyclical commodity prices, has been long periods of overvaluation that developed further politically inspired underpinnings, in particular legislative limits on flexibility. These constraints thus took on, over time, institutional characteristics, making them even harder to change, and increasing the incidence of exchange rate-induced macroeconomic instability. Although Obikili is circumspect about the utility of floating rates, because of underdeveloped currencies and financial and capital markets in these countries, he makes a sensible case for the establishment of objective measures of exc"
P2_within,EXCLUDE,"S1_PARTITION,S2_PSYCH",noise,1,True,openalex,W2931164604,10.1097/01.hj.0000557747.20529.57,2019,The Hearing Journal,‘Internet of Ears’ and Hearables for Hearing Loss Prevention,"New technologies are reshaping health interventions across disciplines. This technological surge offers a clear opportunity to expand and improve hearing health, particularly in hearing loss prevention. A person's hearing health trajectory is defined by his or her overall hazardous exposures, environmental factors, and genetic determinates.1 Among the many factors that can contribute to hearing health (such as overall health, smoking, diet, and ototoxicant exposure), reducing noise exposure—particularly at work—has the greatest potential to significantly decrease the burden of hearing loss and tinnitus.2 About 24 percent of hearing impairment cases among U.S. workers is attributable to workplace noise exposures. Because noise-induced hearing loss is preventable, approximately one-fourth of hearing impairment cases in this population may be avoided by adopting preventive measures.3 While progress has been made toward the prevention of work-related hearing loss, it remains among the most common occupational illnesses. Overall, nearly one in four U.S. adults has audiometric evidence of noise-induced hearing loss—and most do not realize it.4 People continue to focus on the use of hearing protection to reduce noise exposure, even though only limited evidence is available on the effectiveness of this approach.5 However, new technologies to measure and control noise and test hearing hold the promise of expedited progress.Using the NIOSH sound level meter app to measure noise at a metal manufacturing plant. healthcare, hearing aids, digital healthIntensity levels of common sounds. Repeated exposure to sounds 85 dBA and higher can cause hearing loss. Healthcare, hearing aids, digital healthRISE OF MOBILE APPS, WEARABLES In 2018, nearly 40 percent of the world's population owned a smartphone, with smartphone penetration exceeding 70 percent in many countries, including the developing world.6 Hundreds of mobile applications (apps) related to noise and hearing loss are available, with new and improved apps appearing nearly every month. These apps can empower individuals to become more proactive in protecting their hearing health. In the past, a person needed expensive instrumentation and professional expertise to learn about their noise exposure. Nowadays, smartphone apps can accurately estimate noise exposure and make recommendations for appropriate protection.7,8 These tools, in conjunction with online information (e.g., NIOSH Sound Level Meter and Know Your Noise), provide mechanisms for individuals to manage their risk and protect their hearing. Other apps are now available to conduct hearing tests, measure daily sound allowance from music listening devices, and use crowdsourcing to provide information about environmental noise and quiet entertainment and dining venues (e.g., NoiseCapture, NoiseAdapt, NoiseScore, iHEARu, SoundPrint, etc.). Given the limitations of pure-tone audiometry for the early identification of ear damage, several groups have been looking into testing alternatives. Research has shown that audiometric thresholds obtained in untreated open rooms through mobile, wireless automated hearing test systems exhibit within subject test–retest reliability comparable to thresholds obtained using conventional computer-automated audiometry conducted in a single-walled, sound-treated booth in a mobile trailer.9 The development of portable, easily operated, economical, and reliable alternatives can facilitate hearing testing in typical worksite locations. Additional research is needed to make sure that such tools are accurate and can meet international sound and hearing measurement standards, but work is underway to establish compliance with pertinent standards.10 Wearable technologies are attracting attention in other health fields and could be useful in hearing loss prevention as well. Fitness trackers collect large amounts of data that data could be delivered directly to patient medical records, creating a mobile health (mHealth) system that gives health care professionals access to a patient's real-time data to aid in diagnosis and monitoring. At present, the primary limitation is sensor technology.11 As sensor technology improves, one could imagine monitoring noise exposure levels from a smart wristwatch and providing them directly to a hearing health or workplace safety professional—providing insight into hearing risk and enabling targeted prevention strategies. AI-POWERED HEARABLES Companies like Apple, Google, and Amazon along with established hearing aid companies are moving fast to introduce artificial intelligence into earphones and earpieces called hearables. This marketplace will not only deliver higher sound fidelity to the ear by cancelling unwanted background noise, but will also learn the user's environment and listening habits to deliver a better listening experience. In addition, hearables can be constantly connected and deliver information straight to the user's ears. Communicating in the "
P1_psych,EXCLUDE,"S1_PARTITION,S2_PSYCH",rate,1,False,openalex,W3001650904,10.1007/s11431-020-1589-x,2020,Science China Technological Sciences,Rate-dependent tipping-delay phenomenon in a thermoacoustic system with colored noise,
P1_psych,EXCLUDE,S1_PARTITION,rate,1,False,openalex,W3101091928,,2020,Publication Database PIK (Potsdam Institute for Climate Impact Research (PIK)),Rate-dependent tipping-delay phenomenon in a thermoacoustic system with colored noise,"Tipping is a phenomenon in multistable systems where small changes in inputs cause huge changes in outputs. When the parameter varies within a certain time scale, the rate will affect the tipping behaviors. These behaviors are undesirable in thermoacoustic systems, which are widely used in aviation, power generation and other industries. Thus, this paper aims at considering the tipping behaviors of the thermoacoustic system with the time-varying parameters and the combined excitations of additive and multiplicative colored noises. Transient dynamical behaviors for the proposed thermoacoustic model are implemented through the reduced Fokker-Planck-Kolmogorov equation derived by a standard stochastic averaging method. Then, the tipping problems of the rate-dependent thermoacoustic systems with random fluctuations are studied by virtue of the obtained probability density functions. Our results show that the rate delays the value of the tipping parameter compared to the one with the quasi-steady assumption, which is called as a rate-dependent tipping-delay phenomenon. Besides, the influences of the initial values, the rate, the changing time of the parameters, and the correlation time of the noises on the rate-dependent tipping-delay phenomenon are analyzed in detail. These results are of great significance for research in related fields such as aviation and land gas turbines."
P1_psych,EXCLUDE,S1_PARTITION,rate,1,False,openalex,W3098039050,10.1063/5.0020522,2020,Applied Physics Letters,A biodegradable artificial synapse implemented by foundry-compatible materials,"Neuromorphic computing has attracted increasing attention in medical applications due to its ability to improve diagnosis accuracy and human healthcare monitoring. However, the current remote operation mode has a time delay between in vivo data acquisition and in vitro clinical decision-making. Thus, it is of great importance to build a biodegradable neuromorphic network that can operate in a local physiological environment. A biodegradable synapse is a crucial component of such neuromorphic networks. However, the materials employed currently to develop a biodegradable synapse are incompatible with the foundry process, making it challenging to achieve a high density and large-scale neuromorphic network. Here, we report a biodegradable artificial synapse based on a W/Cu/WO3/SiO2/W structure, which is constructed from materials widely used in advanced semiconductor foundries. The device exhibits resistive switching, and the dominated mechanisms are attributed to Ohm's law and trap-filled space charge limited conduction. By manipulating pulse amplitudes, widths, and intervals, the device conductance can be finely regulated to achieve various synaptic functions, such as long-term potentiation, long term depression, paired-pulse facilitation, and spike-rate-dependent plasticity. Moreover, the learning-forgetting-relearning process, which is an essential and complex synaptic behavior, is emulated in a single device. Pattern learning of a slash symbol is also accomplished by building a 4 × 4 synaptic array. In addition, the systematic solubility testing proves its full biodegradability in biofluids. This work opens a potential pathway toward the integration of large-scale neuromorphic network for bioelectronics."
P2_within,EXCLUDE,"S1_PARTITION,S2_PSYCH",rate,1,False,openalex,W3002261080,10.1016/j.expthermflusci.2020.110046,2020,Experimental Thermal and Fluid Science,Rate dependent transition to thermoacoustic instability via intermittency in a turbulent afterburner,
P2_within,EXCLUDE,"S1_PARTITION,S2_PSYCH",rate,1,False,openalex,W3087337278,10.1214/19-aos1904,2020,The Annals of Statistics,Hypothesis testing for high-dimensional time series via self-normalization,"Self-normalization has attracted considerable attention in the recent literature of time series analysis, but its scope of applicability has been limited to low-/fixed-dimensional parameters for low-dimensional time series. In this article, we propose a new formulation of self-normalization for inference about the mean of high-dimensional stationary processes. Our original test statistic is a U-statistic with a trimming parameter to remove the bias caused by weak dependence. Under the framework of nonlinear causal processes, we show the asymptotic normality of our U-statistic with the convergence rate dependent upon the order of the Frobenius norm of the long-run covariance matrix. The self-normalized test statistic is then constructed on the basis of recursive subsampled U-statistics and its limiting null distribution is shown to be a functional of time-changed Brownian motion, which differs from the pivotal limit used in the low-dimensional setting. An interesting phenomenon associated with self-normalization is that it works in the high-dimensional context even if the convergence rate of original test statistic is unknown. We also present applications to testing for bandedness of the covariance matrix and testing for white noise for high-dimensional stationary time series and compare the finite sample performance with existing methods in simulation studies. At the root of our theoretical arguments, we extend the martingale approximation to the high-dimensional setting, which could be of independent theoretical interest."
P2_within,EXCLUDE,"S1_PARTITION,S2_PSYCH",noise,1,False,openalex,W3028551245,10.1175/jas-d-19-0287.1,2020,Journal of the Atmospheric Sciences,Detecting Regime Transitions of the Nocturnal and Polar Near-Surface Temperature Inversion,"Abstract Many natural systems undergo critical transitions, i.e., sudden shifts from one dynamical regime to another. In the climate system, the atmospheric boundary layer can experience sudden transitions between fully turbulent states and quiescent, quasi-laminar states. Such rapid transitions are observed in polar regions or at night when the atmospheric boundary layer is stably stratified, and they have important consequences in the strength of mixing with the higher levels of the atmosphere. To analyze the stable boundary layer, many approaches rely on the identification of regimes that are commonly denoted as weakly and very stable regimes. Detecting transitions between the regimes is crucial for modeling purposes. In this work a combination of methods from dynamical systems and statistical modeling is applied to study these regime transitions and to develop an early warning signal that can be applied to nonstationary field data. The presented metric aims to detect nearing transitions by statistically quantifying the deviation from the dynamics expected when the system is close to a stable equilibrium. An idealized stochastic model of near-surface inversions is used to evaluate the potential of the metric as an indicator of regime transitions. In this stochastic system, small-scale perturbations can be amplified due to the nonlinearity, resulting in transitions between two possible equilibria of the temperature inversion. The simulations show such noise-induced regime transitions, successfully identified by the indicator. The indicator is further applied to time series data from nocturnal and polar meteorological measurements."
P2_within,EXCLUDE,"S1_PARTITION,S2_PSYCH",noise,1,False,openalex,W3126998644,10.33540/240,2020,,Noise-induced phenomena in the large-scale ocean circulation,"Each research question in climate science requires an appropriate climate model to be formulated, where specific approximations are made and a certain number of physical processes is considered. Conceptual climate models occupy the lowest position in the hierarchy of models: they represent only fundamental processes and they are particularly useful when trying to capture the essence of a certain system. Moreover, when two well-separated time scales can be identified in the system, the processes characterised by the smaller time scale are parametrised, often using a stochastic approach. This is the case, for example, when the ocean circulation is forced by high-frequency atmospheric fluctuations. This thesis focuses on the effect of atmospheric noise on the large-scale ocean variability, in particular concerning sea surface height (SSH) variability and the stability of the Atlantic Meridional Overturning Circulation (AMOC). Both problems are addressed by using low-dimensional stochastic dynamical systems. The effect of high-frequency wind-stress variations can be represented as a correlated additive and multiplicative noise (CAM) stochastic model of sea-level variations. The one-dimensional model developed allows to formulate an appropriate null hypothesis for SSH variability: given a time series of sea-level anomalies, specific phenomena in the ocean circulation can be detected by analysing peaks in its power spectrum, and the significance of such peaks can be tested against the null hypothesis. In other words, the model can be used to attribute specific sea-level variability to other effects than wind-stress noise. From the power spectrum analysis of several time series of SSH anomalies in the ocean, we can conclude that the CAM noise process under investigation can explain most of the variability of the sea level. Moreover, we found that some peaks are significant under the traditional red-noise test, but not significant under the CAM noise test. This indicates that using the incorrect test may lead to erroneous attribution of phenomena in the sea-level variability. Atmospheric noise is not only responsible for the existence of a background signal in the ocean time series. In special kind of systems, noise can lead to the occurrence of tipping points. One of these systems is constituted by the AMOC, which is the zonally integrated volume transport generated by a complex system of currents in the Atlantic Ocean. It represents a crucial component of the climate system, as it redistributes heat northward in the Atlantic. Thanks to the presence of the AMOC, vii Oceaan. De AMOC vormt een cruciale component van het klimaatsysteem, omdat het warmte noordwaarts herverdeelt in de Atlantische Oceaan. Dankzij deze circulatie is het klimaat in Noordwest-Europa vrij mild vergeleken met kustregio's op vergelijkbare breedtegraden in de Grote Oceaan (tot 6oC warmer). Of de AMOC zich in een meervoudig stabiel regime bevindt, dat wil zeggen of het systeem in twee verschillende toestanden kan verkeren onder dezelfde externe forcering, is onderhevig aan discussie. Als de huidige AMOC zich in een meervoudigevenwichtsregime bevindt, zou een potentile overgang naar een ander evenwicht in de nabije toekomst grote en abrupte veranderingen in het mondiale klimaatsysteem teweegbrengen. De mogelijkheid van een dergelijke abrupte verandering, genduceerd door atmosferische fluctuaties met hoge frequenties (i.e. ruis), is met name alarmerend doordat deze fluctuaties moeilijk te voorspellen zijn. In dit proefschrift berekenen we de kans op een door ruis genduceerde transitie van de AMOC, gegeven verschillende klimaatscenario's met een zogenaamd rare event algoritme. We stellen ook een aantal verbeteringen van dit algoritme voor, die het een veelbelovende methode maken om ruisgenduceerde transities in meervoudig stabiele systemen te onderzoeken. Tot slot bestuderen we de kans op een door ruis genduceerde partile transitie van de AMOC in een ensemble van CMIP5klimaatmodellen. Daarmee herzien we een van de stabiliteitsindicatoren van de AMOC, namelijk het zoetwatertransport door de omwentelingscirculatie aan de zuidelijke rand van de Atlantische Oceaan. Om na te kunnen gaan of de AMOC in een meervoudigevenwichtsremige verkeert, suggereren we een correctie van deze indicator gebaseerd op transitiekansen."
P2_within,EXCLUDE,"S1_PARTITION,S2_PSYCH",noise,1,False,openalex,W3005863626,,2020,Research Commons (University of Waikato),Predicting and identifying signs of criticality near neuronal phase transition,"This thesis examines the critical transitions between distinct neural states associated with the transition to neuron spiking and with the induction of anaesthesia. First, mathematical and electronic models of a single spiking neuron are investigated, focusing on stochastic subthreshold dynamics on close approach to spiking and to depolarisation-blocked quiescence (spiking death) transition points. Theoretical analysis of subthreshold neural behaviour then shifts to the anaesthetic-induced phase transition into unconsciousness using a mean-field model for interacting populations of excitatory and inhibitory neurons. The anaesthetic-induced changes are validated experimentally using published electrophysiological data recorded in anaesthetised rats. The criticality hypothesis associated with brain state change is examined using neuronal avalanches for experimentally recorded rat local field potential (LFP) data and mean-field pseudoLFP simulation data.&#13;\n&#13;\nWe compare three different implementations of the FitzHugh--Nagumo single spiking neuron model: a mathematical model by H. R. Wilson, an alternative due to Keener and Sneyd, and an op-amp based nonlinear oscillator circuit. Although all three models can produce nonlinear ``spiking"" oscillations, our focus is on the altering characteristics of noise-induced fluctuations near spiking onset and death via Hopf bifurcation. We introduce small-amplitude white noise to enable a linearised stochastic analyses using Ornstein--Uhlenbeck theory to predict variance, power spectrum and correlation of voltage fluctuations during close approach to the critical point, identified as the point at which the real part of the dominant eigenvalue becomes zero. We validate the theoretical predictions with numerical simulations and show that the fluctuations exhibit critical slowing down divergences when approaching the critical point: power-law increases in the variance of the fluctuations simultaneous with prolongation of the system response.&#13;\n&#13;\nWe expand the study of stochastic behaviour to two spatial dimensions using the Waikato mean-field model operating near phase transition points controlled by the infusion or elimination of anaesthetic inhibition. Specifically, we investigate close approach to the critical point (CP), and to the points of loss of consciousness (LOC) and recovery of consciousness (ROC). We select the equilibrium states using $\\lambda$ anaesthetic inhibition and $\\Delta V^{\\text{rest}}_e$ cortical excitation as control parameters, then analyse the voltage fluctuations evoked by small-amplitude spatiotemporal white noise. We predict the variance and power spectrum of voltage fluctuations near the marginally stable LOC and ROC transition points, then validate via numerical simulation. The results demonstrate a marked increase in voltage fluctuations and spectral power near transition points. This increased susceptibility to low-intensity white noise stimulation provides an early warning of impending phase transition. &#13;\n&#13;\nEffects of anaesthetic agents on cortical activity are reflected in local field potentials (LFPs) by the variation of amplitude and frequency in voltage fluctuations. To explore these changes, we investigate LFPs acquired from published electrophysiological experiments of anaesthetised rats to extract amplitude distribution, variance and time-correlation statistics. The analysis is broadened by applying detrended fluctuation analysis (DFA) to detect long-range dependencies in the time-series, and we compare DFA results with power spectral density (PSD). We find that the DFA exponent increases with anaesthetic concentration, but is always close to 1.&#13;\n&#13;\nThe penultimate chapter investigates the evidence of criticality in anaesthetic induced phase-transitions using avalanche analysis. Rat LFP data reveal an avalanche power-law exponent close to $\\alpha = 1.5$, but this value depends on both the time-bin width chosen to separate the events and the \\textit{z}-score threshold used to detect these events. Power-law behaviour is only evident at lower anaesthetic concentrations; at higher concentrations the avalanche size distribution fails to align with a power-law nature. Criticality behaviour is also indicated in the Waikato mean-field model for anaesthetic-induced phase-transition using avalanches detected from the pseudoLFP time-series, but only at the critical point (CP) and at the secondary phase-transition points of LOC and ROC. &#13;\n&#13;\nIn summary, this thesis unveils evidence of characteristic changes near phase transition points using computer-based mathematical modelling and electrophysiological data analysis. We find that noise-driven fluctuations become larger and persist for longer as the critical point is closely approached, with similar properties being seen not only in single-neuron and neural population models, but also in biological LFP signals. These results consistent with an incr"
P2_within,EXCLUDE,"S1_PARTITION,S2_PSYCH",rate,1,False,openalex,W3209629151,,2020,Illinois Digital Environment for Access to Learning and Scholarship (University of Illinois at Urbana-Champaign),Statistical inference for high-dimensional data via U-statistcs,"Owing to the advances in the science and technology, there is a surge of interest in high-dimensional data. Many methods developed in low or fixed dimensional setting may not be theoretically valid under this new setting, and sometimes are not even applicable when the dimensionality is larger than the sample size. To circumvent the difficulties brought by the high-dimensionality, we consider to use U-statistics based methods. In this thesis, we investigate the theoretical properties of U-statistics under the high-dimensional setting, and develop the novel U-statistics based methods to three problems. \n\nIn the first chapter, we propose a new formulation of self-normalization for inference about the mean of high-dimensional stationary processes by using a U-statistic based approach. Self-normalization has attracted considerable attention in the recent literature of time series analysis, but its scope of applicability has been limited to low-/fixed-dimensional parameters for low-dimensional time series. Our original test statistic is a U-statistic with a trimming parameter to remove the bias caused by weak dependence. Under the framework of nonlinear causal processes, we show the asymptotic normality of our U-statistic with the convergence rate dependent upon the order of the Frobenius norm of the long-run covariance matrix. The self-normalized test statistic is then constructed on the basis of recursive subsampled U-statistics and its limiting null distribution is shown to be a functional of time-changed Brownian motion, which differs from the pivotal limit used in the low-dimensional setting. An interesting phenomenon associated with self-normalization is that it works in the high-dimensional context even if the convergence rate of original test statistic is unknown. We also present applications to testing for bandedness of the covariance matrix and testing for white noise for high-dimensional stationary time series and compare the finite sample performance with existing methods in simulation studies. At the root of our theoretical arguments, we extend the martingale approximation to the high-dimensional setting, which could be of independent theoretical interest.\n\nIn the second chapter, we consider change point testing and estimation for high dimensional data. In the case of testing for a mean shift, we propose a new test which is based on U-statistics and utilizes the self-normalization principle. Our test targets dense alternatives in the high dimensional setting and involves no tuning parameters. The weak convergence of a sequential U-statistic based process is shown as an important theoretical contribution. Extensions to testing for multiple unknown change points in the mean, and testing for changes in the covariance matrix are also presented with rigorous asymptotic theory and encouraging simulation results. Additionally, we illustrate how our approach can be used in combination with wild binary segmentation to estimate the number and location of multiple unknown change points.\n\nIn the third chapter, we consider the estimation and inference for the location of single change point in the mean of independent high-dimensional data. Our change point location estimator maximizes a new U-statistic based objective function, and its convergence rate and asymptotic distribution after suitable centering and normalization are obtained under mild assumptions. Our estimator turns out to have better efficiency as compared to the least squares based counterpart in the literature. Based on the asymptotic theory, we construct a confidence interval by plugging in consistent estimates of several quantities in the normalization. We also provide a bootstrap-based confidence interval and state its asymptotic validity under suitable conditions. Through simulation studies, we demonstrate favorable finite sample performance of the new change point location estimator as compared to its least squares based counterpart, and our bootstrap-based confidence intervals, as compared to several existing competitors. The asymptotic theory based on high-dimensional U-statistic is substantially different from those developed in the literature and is of independent interest."
P1_psych,EXCLUDE,"S1_PARTITION,S2_PSYCH",rate,1,False,openalex,W3171273625,10.1140/epjs/s11734-021-00139-4,2021,The European Physical Journal Special Topics,Rate-induced tipping and regime shifts in a spatial ecological system,
P1_psych,EXCLUDE,S1_PARTITION,noise,1,False,openalex,W3155083919,10.1038/s41398-021-01333-7,2021,Translational Psychiatry,"Attractor cortical neurodynamics, schizophrenia, and depression","The local recurrent collateral connections between cortical neurons provide a basis for attractor neural networks for memory, attention, decision-making, and thereby for many aspects of human behavior. In schizophrenia, a reduction of the firing rates of cortical neurons, caused for example by reduced NMDA receptor function or reduced spines on neurons, can lead to instability of the high firing rate attractor states that normally implement short-term memory and attention in the prefrontal cortex, contributing to the cognitive symptoms. Reduced NMDA receptor function in the orbitofrontal cortex by reducing firing rates may produce negative symptoms, by reducing reward, motivation, and emotion. Reduced functional connectivity between some brain regions increases the temporal variability of the functional connectivity, contributing to the reduced stability and more loosely associative thoughts. Further, the forward projections have decreased functional connectivity relative to the back projections in schizophrenia, and this may reduce the effects of external bottom-up inputs from the world relative to internal top-down thought processes. Reduced cortical inhibition, caused by a reduction of GABA neurotransmission, can lead to instability of the spontaneous firing states of cortical networks, leading to a noise-induced jump to a high firing rate attractor state even in the absence of external inputs, contributing to the positive symptoms of schizophrenia. In depression, the lateral orbitofrontal cortex non-reward attractor network system is over-connected and has increased sensitivity to non-reward, providing a new approach to understanding depression. This is complemented by under-sensitivity and under-connectedness of the medial orbitofrontal cortex reward system in depression."
P1_psych,EXCLUDE,"S1_PARTITION,S2_PSYCH",noise,1,False,openalex,W3199398212,10.1115/gt2021-58691,2021,,On the Effect of Noise Induced Dynamics on Linear Growth Rates of Oscillations in an Electroacoustic Rijke Tube Simulator,"Abstract Suppressing self-excited thermoacoustic oscillations in combustion chambers is essential for gas turbine system stability. Passive acoustic damping devices such as Helmholtz resonators are commonly employed in modern combustors to address the problem of thermoacoustic instabilities. The estimation of deterministic parameters characterizing flame-acoustic coupling, specifically the stability margins and linear growth/decay rates, is a prerequisite for designing these devices. As gas turbine combustors are typically noisy systems due to the presence of highly turbulent flows and unsteady combustion, it is essential to understand the role of noise and its impact on the estimated system stability. Recently several new results on the stochastic dynamics of thermoacoustic systems and the use of noise-induced dynamics to estimate system stability characteristics have been reported. In the present work, we study the different approaches previously reported on the estimation of linear growth/decay rates from noise-induced dynamics on an electroacoustic Rijke tube (a prototypical thermoacoustic system) simulator. We estimate the growth rates from noisy data obtained from the subthreshold, bistable, and linearly-unstable regions of the observed subcritical Hopf bifurcation and investigate the effect of additive noise intensity. We find that the noise intensity affects the stability boundaries and the estimated growth rates."
P1_psych,EXCLUDE,"S1_PARTITION,S2_PSYCH",noise,1,False,openalex,W3175668039,10.3390/app11135906,2021,Applied Sciences,Tip Vortex Cavitation and Induced Noise Characteristics of Hydrofoils,"Tip vortex cavitation is one of the most classical themes in fluid mechanics. Although many experimental and theoretical studies have been performed, unsolved problems still remain. In particular, the trailing vortices at the tip of the hydrofoil directly affects the hydrodynamic and acoustic performance of submerged objects such as the marine propeller, rudder and various foil-shaped appendages of the ship. In this study, the experimental results from the measurements of the vortex cavitation from the tip of two different three-dimensional hydrofoils are presented. Experiments have been carried out in Chungnam National University-Cavitation Tunnel (CNU-CT). By high speed imaging technique, the development process of vortex cavitation is observed in detail. Based on the high-speed images, physical features of the cavity inception and the swirling motion of the tip vortex cavity flow are examined. In addition, the induced noise characteristics in the vortex development process are examined by unsteady pressure measurements. The forces exerted on the hydrofoil were also measured using a dynamometer with a view to verify the scaling relation between the inception cavitation number and the non-dimensional parameters namely, the coefficient of lift, CL and the Reynolds number, Re. The results further shed light on the cause of the intense noise induced by tip vortex cavitation."
P1_psych,EXCLUDE,S1_PARTITION,bifurcation,1,False,openalex,W3152199117,10.3934/mbe.2021156,2021,Mathematical Biosciences & Engineering,Hopf bifurcation in an age-structured prey-predator model with Holling Ⅲ response function,"In this paper, we propose a prey-predator model with age structure which is described by the mature period. The aim of this paper is to study how mature period affect the dynamics of interaction between prey and predator. The sufficient condition of the existence of non-negative steady state is derived. By using integrated semigroup theory, we obtain the characteristic equation, by which we find that the non-negative steady state will lose its stability via Hopf bifurcation induced by mature period, and the corresponding periodic solutions emerge. Additionally, some numerical simulations are provided to illustrate the results predicted by linear analysis. Especially, the numerical results indicate that both mature period and age can affect the amplitude and period of periodic solutions."
P2_within,EXCLUDE,"S1_PARTITION,S2_PSYCH",rate,1,False,openalex,W3129267388,10.5194/esd-12-819-2021,2021,Earth System Dynamics,Abrupt climate change as a rate-dependent cascading tipping point,"Abstract. We propose a conceptual model comprising a cascade of tipping points as a mechanism for past abrupt climate changes. In the model, changes in a control parameter, which could for instance be related to changes in the atmospheric circulation, induce sequential tipping of sea ice cover and the ocean's meridional overturning circulation. The ocean component, represented by the well-known Stommel box model, is shown to display so-called rate-induced tipping. Here, an abrupt resurgence of the overturning circulation is induced before a bifurcation point is reached due to the fast rate of change of the sea ice. Because of the multi-scale nature of the climate system, this type of tipping cascade may also be a risk concerning future global warming. The relatively short timescales involved make it challenging to detect these tipping points from observations. However, with our conceptual model we find that there can be a significant delay in the tipping because the system is attracted by the stable manifold of a saddle during the rate-induced transition before escaping towards the undesired state. This opens up the possibility for an early warning of the impending abrupt transition via detection of the changing linear stability in the vicinity of the saddle. To do so, we propose estimating the Jacobian from the noisy time series. This is shown to be a useful generic precursor to detect rate-induced tipping."
P2_within,EXCLUDE,"S1_PARTITION,S2_PSYCH",rate,1,False,openalex,W4214889230,10.5194/esd-2021-7,2021,,Abrupt climate change as rate-dependent cascading tipping point,"Abstract. We propose a conceptual model comprising a cascade of tipping points as a mechanism for past abrupt climate changes. In the model, changes in a control parameter, which could for instance be related to changes in the atmospheric circulation, induce sequential tipping of sea-ice cover and the ocean's meridional overturning circulation. The ocean component, represented by the well-known Stommel box model, is shown to display so-called rate-induced tipping. Here, an abrupt resurgence of the overturning circulation is induced before a bifurcation point is reached due to the fast rate of change of the sea-ice. During the rate-induced transition, the system is attracted by the stable manifold of a saddle. This results in a significant delay of the tipping if the system spends longer periods of time in the vicinity of the saddle before escaping towards the alternative state of a vigorous overturning circulation. The delay opens up the possibility for an early warning of the impending abrupt transition by detecting the change in linear stability. We propose early warning by estimating properties of the Jacobian from the noisy time series, which are shown to be useful as a generic precursor to detect rate-induced tipping."
P2_within,EXCLUDE,"S1_PARTITION,S2_PSYCH",bifurcation,1,True,openalex,W3171611215,10.5194/egusphere-egu21-2520,2021,,Early-Warning Signals For Cenozoic Climate Transitions,"&amp;lt;p&amp;gt;Paleoclimatic records document large-scale shifts in the Earth&amp;amp;#8217;s climate history. Among other possibilities, these transitions might have been caused by bifurcations in the leading dynamical modes. Such bifurcation-induced critical transitions are typically preceded by characteristic early-warning signals (EWS), for example in terms of rising standard deviation and lag-one autocorrelation. These EWS are caused by the phenomenon of critical slowing down (CSD) in response to a widening of the underlying basin of attraction as the bifurcation is approached. The presence of EWS prior to an observed transition therefore provides evidence that the transition is caused by a bifurcation. We reveal significant EWS prior to several critical transitions within a paleoclimate record spanning the Cenozoic Era, i.e., the last 67M years. We employed the CENOzoic Global Reference benthic foraminifer carbon and oxygen Isotope Dataset (CENOGRID), comprising two time series of isotope variations of &amp;amp;#948;&amp;lt;sup&amp;gt;18&amp;lt;/sup&amp;gt;O and &amp;amp;#948;&amp;lt;sup&amp;gt;13&amp;lt;/sup&amp;gt;C. The standard deviation and lag-one autocorrelation are estimated in sliding windows for both records, to reveal whether CSD occurs ahead of the major abrupt transitions in these records. Specifically, we detect significant EWS for five out of nine previously identified transitions in at least one of the two available records. EWS are recognized for significant increases in both CSD indicators prior to the transition. Our results hence suggest that at least five major climate transitions of the last 67 Ma were triggered by bifurcations in leading modes of variability, indicating bifurcations have likely played a key role in the deep-time evolution of the Earth's climate system.&amp;lt;/p&amp;gt;"
P2_within,EXCLUDE,"S1_PARTITION,S2_PSYCH",rate,1,False,openalex,W4255824666,10.5194/esd-2021-7-rc1,2021,,Comment on esd-2021-7,"<strong class=""journal-contentHeaderColor"">Abstract.</strong> We propose a conceptual model comprising a cascade of tipping points as a mechanism for past abrupt climate changes. In the model, changes in a control parameter, which could for instance be related to changes in the atmospheric circulation, induce sequential tipping of sea ice cover and the ocean's meridional overturning circulation. The ocean component, represented by the well-known Stommel box model, is shown to display so-called rate-induced tipping. Here, an abrupt resurgence of the overturning circulation is induced before a bifurcation point is reached due to the fast rate of change of the sea ice. Because of the multi-scale nature of the climate system, this type of tipping cascade may also be a risk concerning future global warming. The relatively short timescales involved make it challenging to detect these tipping points from observations. However, with our conceptual model we find that there can be a significant delay in the tipping because the system is attracted by the stable manifold of a saddle during the rate-induced transition before escaping towards the undesired state. This opens up the possibility for an early warning of the impending abrupt transition via detection of the changing linear stability in the vicinity of the saddle. To do so, we propose estimating the Jacobian from the noisy time series. This is shown to be a useful generic precursor to detect rate-induced tipping."
P2_within,EXCLUDE,"S1_PARTITION,S2_PSYCH",rate,1,False,openalex,W4236352736,10.5194/esd-2021-7-ac1,2021,,Reply on RC1,"<strong class=""journal-contentHeaderColor"">Abstract.</strong> We propose a conceptual model comprising a cascade of tipping points as a mechanism for past abrupt climate changes. In the model, changes in a control parameter, which could for instance be related to changes in the atmospheric circulation, induce sequential tipping of sea ice cover and the ocean's meridional overturning circulation. The ocean component, represented by the well-known Stommel box model, is shown to display so-called rate-induced tipping. Here, an abrupt resurgence of the overturning circulation is induced before a bifurcation point is reached due to the fast rate of change of the sea ice. Because of the multi-scale nature of the climate system, this type of tipping cascade may also be a risk concerning future global warming. The relatively short timescales involved make it challenging to detect these tipping points from observations. However, with our conceptual model we find that there can be a significant delay in the tipping because the system is attracted by the stable manifold of a saddle during the rate-induced transition before escaping towards the undesired state. This opens up the possibility for an early warning of the impending abrupt transition via detection of the changing linear stability in the vicinity of the saddle. To do so, we propose estimating the Jacobian from the noisy time series. This is shown to be a useful generic precursor to detect rate-induced tipping."
P2_within,EXCLUDE,"S1_PARTITION,S2_PSYCH",rate,1,False,openalex,W4206408656,10.5194/esd-2021-7-rc2,2021,,Comment on esd-2021-7,"<strong class=""journal-contentHeaderColor"">Abstract.</strong> We propose a conceptual model comprising a cascade of tipping points as a mechanism for past abrupt climate changes. In the model, changes in a control parameter, which could for instance be related to changes in the atmospheric circulation, induce sequential tipping of sea ice cover and the ocean's meridional overturning circulation. The ocean component, represented by the well-known Stommel box model, is shown to display so-called rate-induced tipping. Here, an abrupt resurgence of the overturning circulation is induced before a bifurcation point is reached due to the fast rate of change of the sea ice. Because of the multi-scale nature of the climate system, this type of tipping cascade may also be a risk concerning future global warming. The relatively short timescales involved make it challenging to detect these tipping points from observations. However, with our conceptual model we find that there can be a significant delay in the tipping because the system is attracted by the stable manifold of a saddle during the rate-induced transition before escaping towards the undesired state. This opens up the possibility for an early warning of the impending abrupt transition via detection of the changing linear stability in the vicinity of the saddle. To do so, we propose estimating the Jacobian from the noisy time series. This is shown to be a useful generic precursor to detect rate-induced tipping."
P2_within,EXCLUDE,"S1_PARTITION,S2_PSYCH",rate,1,False,openalex,W4238189838,10.5194/esd-2021-7-ac2,2021,,Reply on RC2,"<strong class=""journal-contentHeaderColor"">Abstract.</strong> We propose a conceptual model comprising a cascade of tipping points as a mechanism for past abrupt climate changes. In the model, changes in a control parameter, which could for instance be related to changes in the atmospheric circulation, induce sequential tipping of sea ice cover and the ocean's meridional overturning circulation. The ocean component, represented by the well-known Stommel box model, is shown to display so-called rate-induced tipping. Here, an abrupt resurgence of the overturning circulation is induced before a bifurcation point is reached due to the fast rate of change of the sea ice. Because of the multi-scale nature of the climate system, this type of tipping cascade may also be a risk concerning future global warming. The relatively short timescales involved make it challenging to detect these tipping points from observations. However, with our conceptual model we find that there can be a significant delay in the tipping because the system is attracted by the stable manifold of a saddle during the rate-induced transition before escaping towards the undesired state. This opens up the possibility for an early warning of the impending abrupt transition via detection of the changing linear stability in the vicinity of the saddle. To do so, we propose estimating the Jacobian from the noisy time series. This is shown to be a useful generic precursor to detect rate-induced tipping."
P1_psych,EXCLUDE,"S1_PARTITION,S2_PSYCH",noise,1,False,openalex,W4225387523,10.1098/rsif.2022.0041,2022,Journal of The Royal Society Interface,A probabilistic framework for windows of opportunity: the role of temporal variability in critical transitions,"The establishment of young organisms in harsh environments often requires a window of opportunity (WoO). That is, a short time window in which environmental conditions drop long enough below the hostile average level, giving the organism time to develop tolerance and transition into stable existence. It has been suggested that this kind of establishment dynamics is a noise-induced transition between two alternate states. Understanding how temporal variability (i.e. noise) in environmental conditions affects establishment of organisms is therefore key, yet not well understood or included explicitly in the WoO framework. In this paper, we develop a coherent theoretical framework for understanding when the WoO open or close based on simple dichotomous environmental variation. We reveal that understanding of the intrinsic timescales of both the developing organism and the environment is fundamental to predict if organisms can or cannot establish. These insights have allowed us to develop statistical laws for predicting establishment probabilities based on the period and variance of the fluctuations in naturally variable environments. Based on this framework, we now get a clear understanding of how changes in the timing and magnitude of climate variability or management can mediate establishment chances."
P1_psych,EXCLUDE,"S1_PARTITION,S2_PSYCH",bifurcation,1,False,openalex,W4226542564,10.1007/s11071-022-07401-x,2022,Nonlinear Dynamics,Hopf bifurcation induced by time delay and influence of Allee effect in a diffusive predator–prey system with herd behavior and prey chemotaxis,
P1_psych,EXCLUDE,"S1_PARTITION,S2_PSYCH",bifurcation,1,False,openalex,W4281610942,10.1088/1742-6596/2267/1/012031,2022,Journal of Physics Conference Series,Bifurcation induced by delay parameter in plant growth dynamics,"Abstract In this paper, a mathematical model is proposed for plant growth dynamics using delay differential equations. The state variables considered are: plant biomass and nutrient concentration. It is assumed that the delayed nutrient concentration adversely affects the plant growth. The positivity of solutions is established and the feasible interior equilibrium point is calculated. The stability of the system around the interior equilibrium is checked. Hopf-Bifurcation occurred around the critical value of the delay parameter. Analytical findings are supported using MATLAB simulation."
P1_psych,EXCLUDE,"S1_PARTITION,S2_PSYCH",noise,1,True,openalex,W4312066203,10.4103/jispcd.jispcd_28_22,2022,Journal of International Society of Preventive and Community Dentistry,Should Dentists Mandatorily Wear Ear Protection Device to Prevent Occupational Noise-induced Hearing Loss? A Randomized Case–Control Study,"INTRODUCTION Noise is defined as an unwanted and undesirable sound in the environment.[1] Noise is one of the leading causes of work-related diseases or injuries, especially affecting the auditory system.[1] The hearing loss that arises from prolonged noise exposure at the workplace is known as occupational noise-induced hearing loss or boilermakers notch (ONIHL or NIHL). According to the Occupational Safety and Health Administration (OSHA), around 30 million people suffer from ONIHL due to harmful levels of noise at their workplace.[2] Among all the occupations, dentists and dental auxiliaries are at an increased risk of developing ONIHL due to prolonged and continuous exposure to high-frequency noise in their workplace.[3456] The prevalence of hearing loss among dentists is 5–20%.[78910111213] Other dental professionals that use various noise-inducing dental equipments noise-inducing dental equipments include dental nurses, dental technicians, clinical dental technicians, orthodontic therapists, and dental hygienists. Dentists are exposed to 70–120 dB of high-frequency noise for more than 8 h in a day, which is around 8% of their 24 h noise exposure.[678910111213] The most common dental instruments and equipment that emit high-frequency noise include high-speed turbine handpiece (airotor or micromotors); high-velocity suctions; stone mixers and grinders; sonic and ultrasonic scalers, ultrasonic cleaners, and vibrators; model trimmers; and other mixing devices.[67891011121314] Among all these instruments, ultrasonic scalers are one of the most common instruments known to emit high-frequency noise in a dental setup. Ultrasonic scalers produce noise levels between 87.1 dBA to 107 dB, at the one-third octave band of 25,000 Hz.[789151617] Although the measurement of 107 dB is above the recommended 87 dB, human ears are insensitive to this ultra-high frequency.[1718] Previous studies have shown that ultrasonic scalers can cause a temporary threshold shift (TTS), whereby an individual requires a louder stimulus than usual to hear the same frequency.[19] This temporary condition was found to last between 16 h to 48 h, but the researchers have also cautioned that a certain degree of permanent damage can occur.[19] A continuous exposure to more than 100 dB for more than 8 h increases the risk of permanent hearing loss from 94.5% to 99.5%.[678910151617181920212223242526272829303132333435363738] Previous studies have shown that approximately 7–20% of the dental hygienists, dental assistants, and dentists report problems such as difficulty in communication, annoyance, conversation interference, concentration difficulty, hearing loss even at speech frequencies.[14151617323334353637] Although the presence of ONIHL among dentists is well established, preventive measures and use of hearing protection device (HPD) or ear protection device (EPD) among dentists are not widely advocated and used. Many dentists are unaware about the immediate and long-term side effects of work place noise and its effects on the auditory and non-auditory systems. Dentists are even reluctant to use are unaware about the importance of EPDs in a dental setup. Hence, it is crucial to generate evidence on the efficacy of using EPDs in a dental set up. No study has yet compared the immediate changes in hearing acuity of dentists who use EPDs when compared with those who work without EPDs. Hence, the present study aims to evaluate and compare the efficacy of using an EPD in preventing the TTS among dentists while performing ultrasonic scaler. The study is of global significance as it lays the foundation and highlights the importance of using EPDs by dental professionals to protect their ears while working in a noisy workplace. MATERIALS AND METHODS STUDY DESIGN AND SETTINGS The study was conducted at the Department of Periodontology, Manipal College of Dental Sciences, Manipal, Karnataka, India, in collaboration with the Department of Speech and Hearing, Manipal College of Health Professions, Manipal Academy of Higher Education, India, between September 2017 and December 2018 in accordance with the Helsinki Declaration of 1975, as revised in 2000. Before the data collection, the ethical permission was obtained from the Institutional Review Committee IEC no.: 323/2017 and registered at the Clinical Trial registry with No. CTRI/2017/07/009031 registered on 12/07/2017. The following instruments, test, and methodology were adopted for the study. SAMPLE SIZE AND PARTICIPANTS The sample size was calculated on the basis of the formula with 95% confidence interval, 80% power, ratio of cases to controls=1, and standard deviation between cases and controls: 0.5, Z-beta=0.84, Z-alpha/2= 1.96. A total of 64 participants were required for the study. A total of 70 dental practitioners aged 20–35 years of age (both males and females) were initially screened in the study after taking written and oral informed consent. All participants were screened for the presence o"
P1_psych,EXCLUDE,S1_PARTITION,rate,1,False,openalex,W4214541907,10.1021/acsaelm.2c00023,2022,ACS Applied Electronic Materials,Neuromorphic Synapses with High Switching Uniformity and Multilevel Memory Storage Enabled through a Hf-Al-O Alloy for Artificial Intelligence,"Due to their high data-storage capability, oxide-based memristors with controllable conductance properties have attracted great interest in electronic devices for high integration density and neuromorphic synapses. However, high switching uniformity and controllable conductance of memristors during the conversion from a low (ON-state) to a high resistance state (OFF-state) have become essential for their implementation in neural networks. In this study, we fabricate a Pt/HfO2/HfAlOx/TiN memristor incorporating atomic-layer-deposited HfO2/HfAlOx high-k dielectric thin films as the active material to achieve excellent resistive switching performance with negligible parameter dispersion, multilevel conductance, and neuromorphic synapses for artificial intelligence (AI) systems. This two-terminal memristor exhibits a forming-free switching behavior with outstanding direct current endurance cycles (103), a high current ON/OFF ratio of >130, stable retention (104 s), and multilevel ON- and OFF-state, respectively. Also, memristor conductance/resistance could be modulated through current limits in the set-switching and stop voltage during the reset process, which is useful to acquire a trustworthy analogue switching conduct to mimic the biological neuromorphic synapses. The diverse features of synapses, such as potentiation, depression, spike-rate-dependent plasticity, paired-pulsed facilitation, and spike-time-dependent plasticity, are successfully mimicked in the Pt/HfO2/HfAlOx/TiN memristor. Furthermore, the experimental potentiation and depression data are employed for image processing of 28 × 28 pixels comprising 200 synapses. In the Modified National Institute of Standards and Technology database (MNIST), handwritten numbers can be successfully trained to recognize 6000 input images with a training accuracy of about 80%. This Hf-Al-O alloy-based memristor may enable high-density storage memory and realize controllable resistance/weight alteration as a neuromorphic synapse for AI systems."
P1_psych,EXCLUDE,S1_PARTITION,noise,1,False,openalex,W4283834031,10.3390/en15144935,2022,Energies,Entrapment of Airborne Particles via Simulated Highway Noise-Induced Piezoelectricity in PMMA and EPDM,"The US highway system features a huge flux of energy transportation in terms of weight, speed, volume, flow density, and noise levels, with accompanying environmental effects. The adverse effects of high-volume traffic cause health concerns for nearby residential areas. Both chronic and acute exposure to PM 2.5 have detrimental effects on respiratory and cardiovascular health, and motor vehicles contribute 25–35% of direct PM 2.5 emissions. In addition to traffic-related pollutants, residing near major roadways is also associated with exposure to increased noise, and both affect the health and quality of life of residents. While regulatory and policy actions may reduce some exposures, engineering means may offer novel and significant methods to address these critical health and environmental issues. The goal of this study was to harvest highway-noise energy to induce surface charge via a piezoelectric material to entrap airborne particles, including PM 2.5. In this study, we experimentally investigated the piezoelectric effect of a polymethyl methacrylate (PMMA) sheet and ethylene propylene diene monomer (EPDM) rubber foam on the entrapment of copper (II)-2,4 pentanedione powder (Cu II powder). Appreciable voltages were induced on the surfaces of the PMMA via mechanical vibrations, leading to the effective entrapment of the Cu II powder. The EPDM rubber foam was found to attract a large amount of Cu II powder under simulated highway noise in a wide range, of 30–70 dB, and at frequencies of 700–1300 Hz, generated by using a loudspeaker. The amount of Cu II powder entrapped on the EPDM rubber-foam surfaces was found to scale with the SPL, but was independent of frequency. The experimental findings from this research provide a valuable base for the design of a robust piezoelectric system that is self-powered by harvesting the wasted sound energy from highway noise and reduces the amount of airborne particles over highways for effective environmental control."
P1_psych,EXCLUDE,S1_PARTITION,rate,1,False,openalex,W4306149571,10.1002/aelm.202200864,2022,Advanced Electronic Materials,Low‐Cost Fabricated MgSnO Electrolyte‐Gated Synaptic Transistor with Dual Modulation of Excitation and Inhibition,"Abstract Artificial synapses have attracted extensive attention due to their capacity to circumvent the inherent restrictions of Von Neumann computing architecture. Although electrolyte‐gated synaptic transistors (EGSTs) have been enabled to emulate the essential synaptic plasticity, the corresponding neurological applications have been restricted by the lack of inhibitory synaptic response and the subsequent low asymmetric non‐linearity factor. Here, Mg‐doped SnO 2 (Mg:SnO 2 ) EGSTs via a low‐cost and facile solution method are fabricated. With both excitatory and inhibitory response modes, the improved MgSnO EGSTs display variable synaptic plasticity, with featured characteristics such as excitatory post‐synaptic current (EPSC), inhibitory post‐synaptic current (IPSC), paired pulse facilitation (PPF), paired pulse depression (PPD), spiking rate dependent plasticity (SRDP), and spike timing dependent plasticity (STDP). For the University of California at Irvine image, a simulated artificial neural network built on MgSnO EGSTs may achieve a learning accuracy of 92.3%. In addition, digital logic processing, Pavlovian dog's experiment have all been realized by the newly designed MgSnO EGSTs. These results highlight the potential of the MgSnO EGSTs for next‐generation artificial intelligence systems."
P1_psych,EXCLUDE,S1_PARTITION,rate,1,False,openalex,W4308799545,10.1007/s43939-022-00032-4,2022,Discover Materials,An electronic synaptic memory device based on four-cation mixed halide perovskite,"Abstract Organic–Inorganic Halide Perovskites (OIHP) have attracted tremendous research interest due to their exceptional semiconducting properties in combination with their facile, solution-based manufacturing performed at low temperatures. Their device applications cover a wide range of domains, while amongst them, photovoltaics is one of the most promising paths towards industrialization. The complex ionic character of perovskites offers a gigantic playground of new dynamic phenomena such as migration of ionic species and vacancies that are strongly coupled to electronic carriers. The interactions between ions and charge carriers are commonly tunable by electrical fields, light, and strain, opening the path for novel device concepts with emerging functionalities. Here, we study the synaptic properties of a four–cation RbCsFAMA perovskite device deployed across an inverted solar cell geometry, as an expansion of Rogdakis et al . Mater. Adv., 2022, 3, 7002 investigations. The device exhibits stable bipolar resistive switching behavior and operates in a low voltage window &lt; ± 1 V, with a high resistance to low resistance state ratio of up to 10 5 . We show that our device can emulate a wide variety of synaptic functions such as paired-pulse facilitation, long-term potentiation, long-term depression, spiking-rate-dependent plasticity, and spike-timing-dependent plasticity."
P1_psych,EXCLUDE,S1_PARTITION,rate,1,False,openalex,W4296078266,10.1101/2022.09.13.507864,2022,bioRxiv (Cold Spring Harbor Laboratory),Unbalanced response to growth variations reshapes the cell fate decision landscape,"Abstract The global regulation of cell growth rate on gene expression perturbs the performance of gene networks, which would impose complex variations on the cell-fate decision landscape. Here, we utilize a simple synthetic circuit of mutual repression that allows a bistable landscape, to examine how such global regulation would affect the stability of phenotypic landscape and the accompanying dynamics of cell-fate determination. We show that the landscape experiences a growth-rate-induced bifurcation between monostability and bistability. Theoretical and experimental analyses reveal that this bifurcating deformation of landscape arises from the unbalanced response of gene expression to growth variations. The path of growth transition across the bifurcation would reshape cell-fate decisions. These results demonstrate the importance of growth regulation on cell-fate determination processes, regardless of specific molecular signalling or regulation."
P1_psych,EXCLUDE,"S1_PARTITION,S2_PSYCH",rate,1,False,openalex,W4224075468,10.1101/2022.04.02.486840,2022,bioRxiv (Cold Spring Harbor Laboratory),Thermal Effects on Neurons During Stimulation of the Brain,"Abstract All artificial stimulation of the brain deposits thermal energy in the brain. This occurs through either Joule heating of the conductors carrying current through electrodes and magnetic coils, or through dissipation of energy in the conductive brain. Similarly, temperature affects all biological processes and chemical reactions. Although electrical interaction with brain tissue is inseparable from thermal effects when electrodes are used, magnetic induction enables us to separate Joule heating from induction effects by contrasting AC and DC driving of magnetic coils using the same energy deposition within the conductors. Since mammalian cortical neurons have no known sensitivity to static magnetic fields, and if there is no evidence of effect on spike timing to oscillating magnetic fields, we can presume that the induced electrical currents within the brain are below the molecular shot noise where any interaction with tissue is purely thermal. In this study, we examined a range of frequencies produced from micromagnetic coils operating below the molecular shot noise threshold for electrical interaction with single neurons. We found that small temperature increases and decreases of 1°C caused consistent transient suppression and excitation of neurons during temperature change. Numerical modeling of the biophysics demonstrated that the Na-K pump, and to a lesser extent the Nernst potential, could account for these transient effects. Such effects are dependent upon compartmental ion fluxes, and the rate of temperature change. A new bifurcation is described in the model dynamics that accounts for the transient suppression and excitation; in addition, we note the remarkable similarity of this bifurcation’s rate dependency with other thermal rate-dependent tipping points in planetary warming dynamics. Furthermore, bifurcations in the steady state dynamics leading to stable firing suppression are described for slightly higher temperatures. These experimental and theoretical findings demonstrate that stimulation of the brain must take into account small thermal effects that are ubiquitously present in electrical and magnetic stimulation. More sophisticated models of electrical current interaction with neurons combined with thermal effects will be required in order to more accurately enable model-based control of neuronal circuitry."
P1_psych,EXCLUDE,"S1_PARTITION,S2_PSYCH",noise,1,False,openalex,W4221142833,10.48550/arxiv.2202.12300,2022,arXiv (Cornell University),Can the clocks tick together despite the noise? Stochastic simulations and analysis,"The suprachiasmatic nucleus (SCN), also known as the circadian master clock, consists of a large population of oscillator neurons. Together, these neurons produce a coherent signal that drives the body's circadian rhythms. What properties of the cell-to-cell communication allow the synchronization of these neurons, despite a wide range of environmental challenges such as fluctuations in photoperiods? To answer that question, we present a mean-field description of globally coupled neurons modeled as Goodwin oscillators with standard Gaussian noise. Provided that the initial conditions of all neurons are independent and identically distributed, any finite number of neurons becomes independent and has the same probability distribution in the mean-field limit, a phenomenon called propagation of chaos. This probability distribution is a solution to a Vlasov-Fokker-Planck type equation, which can be obtained from the stochastic particle model. We study, using the macroscopic description, how the interaction between external noise and intercellular coupling affects the dynamics of the collective rhythm, and we provide a numerical description of the bifurcations resulting from the noise-induced transitions. Our numerical simulations show a noise-induced rhythm generation at low noise intensities, while the SCN clock is arrhythmic in the high noise setting. Notably, coupling induces resonance-like behavior at low noise intensities, and varying coupling strength can cause period locking and variance dissipation even in the presence of noise."
P1_psych,EXCLUDE,S1_PARTITION,noise,1,False,openalex,W4310823611,10.48550/arxiv.2212.01663,2022,arXiv (Cornell University),Self-organization of nonlinearly coupled neural fluctuations into synergistic population codes,"Neural activity in the brain exhibits correlated fluctuations that may strongly influence the properties of neural population coding. However, how such correlated neural fluctuations may arise from the intrinsic neural circuit dynamics and subsequently affect the computational properties of neural population activity remains poorly understood. The main difficulty lies in resolving the nonlinear coupling between correlated fluctuations with the overall dynamics of the system. In this study, we investigate the emergence of synergistic neural population codes from the intrinsic dynamics of correlated neural fluctuations in a neural circuit model capturing realistic nonlinear noise coupling of spiking neurons. We show that a rich repertoire of spatial correlation patterns naturally emerges in a bump attractor network and further reveals the dynamical regime under which the interplay between differential and noise correlations leads to synergistic codes. Moreover, we find that negative correlations may induce stable bound states between two bumps, a phenomenon previously unobserved in firing rate models. These noise-induced effects of bump attractors lead to a number of computational advantages including enhanced working memory capacity and efficient spatiotemporal multiplexing and can account for a range of cognitive and behavioral phenomena related to working memory. This study offers a dynamical approach to investigating realistic correlated neural fluctuations and insights to their roles in cortical computations."
P1_psych,EXCLUDE,S1_PARTITION,rate,1,False,openalex,W7112227681,,2022,Digital Access to Scholarship at Harvard (DASH) (Harvard University),Fracture of Highly Entangled Polymer Networks,"Elastomers and gels are polymer networks, in which polymers entangle and crosslink. The topology of the polymer network significantly affects the material properties of elastomers and gels. The role of entanglements on deformation has been studied, but their effects on other properties, such as fracture, fatigue, and friction, are less well understood. This thesis studies how entanglements affect various material properties and how to fabricate highly entangled polymer networks using either monomers or preexisting polymers. Also, this thesis introduces two theories on polymer networks, regarding rate-dependency of toughness and thermodynamic model. Lastly, a method to make hydrogels as stiff as plastics using phase separation will be discussed. To study the role of entanglements, we synthesize polymers in which entanglements greatly outnumber crosslinks, by polymerizing the monomers with small amounts of crosslinker, initiator, and solvent. The dense entanglements enable the transmission of tension in a polymer chain along its length and to many other chains. The sparse crosslinks prevent the polymer chains from disentangling. These polymers have high toughness, strength, and fatigue resistance. After the polymers are submerged in water and swell to equilibrium, the resulting hydrogels have low hysteresis, low friction, and high wear resistance. Many hydrogels are also fabricated from preexisting polymers, covalently crosslinked into a network. However, densifying entanglements with preexisting polymers is challenging compared to monomers, due to their huge viscosity. We make a hydrogel from a dough, formed by mixing long polymers with a small amount of water and initiator. The dough is homogenized by kneading and annealing at elevated temperatures, during which the crowded polymers densely entangle. We demonstrate the method with widely used polymers, poly(ethylene glycol) and cellulose. Highly entangled hydrogels can be made degradable by using disulfide crosslinks. We study how entanglements affect degradation. A lightly entangled polymer network dissolves in an aqueous solution of cysteine within a few hours, whereas a highly entangled polymer network degrades over one month. It is likely because the entanglements retard the dissolving of polymer chains and provide more time to re-bond. We also show that elastic hydrogels can have rate-dependent toughness when the polymer chains are long. When the hydrogel is stretched, at the crack tip, some polymer chains slide relative to others. When the hydrogel is stretched at a high rate, the polymer chain at the crack tip does not have time to slip fully. The high tension only transmits over a short segment of the chain, which will lead to a lower toughness. When a polymer network is stretched, some polymer strands do not bear load but all strands contribute to swelling. We distinguish such a difference by modifying the Flory-Rehner model with three parameters: the density of load-bearing strands, N, the density of all strands, M, and the interaction parameter, χ. We synthesize polyacrylamide hydrogels and determine the parameters by three tests: free swelling, fast tensile test, and stress relaxation. In all samples tested, M is several times larger than N, whereas χ is nearly a constant. To increase the stiffness of hydrogels further, we self-assemble a nanocomposite using a hydrogel-forming polymer and a glass-forming polymer. The process separates the polymers into a hydrogel phase and a glass phase. The two phases arrest at the nanoscale and are bicontinuous. The nanocomposite maintains the structure and resists further swelling. We demonstrate the process using commercial polymers, achieving high water content, as well as load-bearing capacity comparable to that of polyethylene. During the process, a rubbery stage exists, enabling us to fabricate objects of complex shapes and fine features."
P2_within,EXCLUDE,"S1_PARTITION,S2_PSYCH",noise,1,False,openalex,W4289316820,10.1063/5.0086994,2022,Chaos An Interdisciplinary Journal of Nonlinear Science,Noise-induced stabilization of the FitzHugh–Nagumo neuron dynamics: Multistability and transient chaos,"The nonlinear dynamics of a FitzHugh-Nagumo (FHN) neuron driven by an oscillating current and perturbed by a Gaussian noise signal with different intensities D is investigated. In the noiseless case, stable periodic structures [Arnold tongues (ATS), cuspidal and shrimp-shaped] are identified in the parameter space. The periods of the ATSs obey specific generating and recurrence rules and are organized according to linear Diophantine equations responsible for bifurcation cascades. While for small values of D, noise starts to destroy elongations (""antennas"") of the cuspidals, for larger values of D, the periodic motion expands into chaotic regimes in the parameter space, stabilizing the chaotic motion, and a transient chaotic motion is observed at the periodic-chaotic borderline. Besides giving a detailed description of the neuronal dynamics, the intriguing novel effect observed for larger D values is the generation of a regular dynamics for the driven FHN neuron. This result has a fundamental importance if the complex local dynamics is considered to study the global behavior of the neural networks when parameters are simultaneously varied, and there is the necessity to deal the intrinsic stochastic signal merged into the time series obtained from real experiments. As the FHN model has crucial properties presented by usual neuron models, our results should be helpful in large-scale simulations using complex neuron networks and for applications."
P1_psych,EXCLUDE,"S1_PARTITION,S2_PSYCH",bifurcation,1,False,openalex,W4384499494,10.1140/epjp/s13360-023-04243-3,2023,The European Physical Journal Plus,Turing instability and Hopf bifurcation induced by prey refuge in a diffusive predator–prey system with stage structure and anti-predation,
P1_psych,EXCLUDE,"S1_PARTITION,S2_PSYCH",noise,1,False,openalex,W4316467311,10.3390/math11020451,2023,Mathematics,Self-Organization in Randomly Forced Diffusion Systems: A Stochastic Sensitivity Technique,"The problem with the analysis of noise-induced transitions between patterns in distributed stochastic systems is considered. As a key model, we use the spatially extended dynamical “phytoplankton-herbivore” system with diffusion. We perform the parametric bifurcation analysis of this model and determine the Turing instability zone, where non-homogeneous patterns are generated by diffusion. The multistability of this deterministic model with the coexistence of several waveform pattern–attractors is found. We study how noise affects these non-homogeneous patterns and estimate the dispersion of random states using a new technique based on stochastic sensitivity function (SSF) analysis and the confidence domain method. To investigate the preferences in noise-induced transitions between patterns, we analyze and compare the results of this theoretical approach with the statistics extracted from the direct numerical simulation."
P1_psych,EXCLUDE,S1_PARTITION,noise,1,False,openalex,W4386857577,10.1162/neco_a_01612,2023,Neural Computation,Self-Organization of Nonlinearly Coupled Neural Fluctuations Into Synergistic Population Codes,"Neural activity in the brain exhibits correlated fluctuations that may strongly influence the properties of neural population coding. However, how such correlated neural fluctuations may arise from the intrinsic neural circuit dynamics and subsequently affect the computational properties of neural population activity remains poorly understood. The main difficulty lies in resolving the nonlinear coupling between correlated fluctuations with the overall dynamics of the system. In this study, we investigate the emergence of synergistic neural population codes from the intrinsic dynamics of correlated neural fluctuations in a neural circuit model capturing realistic nonlinear noise coupling of spiking neurons. We show that a rich repertoire of spatial correlation patterns naturally emerges in a bump attractor network and further reveals the dynamical regime under which the interplay between differential and noise correlations leads to synergistic codes. Moreover, we find that negative correlations may induce stable bound states between two bumps, a phenomenon previously unobserved in firing rate models. These noise-induced effects of bump attractors lead to a number of computational advantages including enhanced working memory capacity and efficient spatiotemporal multiplexing and can account for a range of cognitive and behavioral phenomena related to working memory. This study offers a dynamical approach to investigating realistic correlated neural fluctuations and insights to their roles in cortical computations."
P1_psych,EXCLUDE,S1_PARTITION,rate,1,False,openalex,W4319294151,10.1039/d2cp05417e,2023,Physical Chemistry Chemical Physics,"Artificial synapse based on 1,4-diphenylbutadiyne with femtojoule energy consumption","Memristors as electronic artificial synapses have attracted increasing attention in neuromorphic computing. Especially, organic small molecule artificial synapses show great promise for low-energy neuromorphic devices. In this study, the basic functions of biological synapses including paired-pulse facilitation/paired-pulse depression (PPF/PPD), spike rate-dependent plasticity (SRDP) and fast Bienenstock-Cooper-Munro learning rules (BCM) have been successfully simulated in the 1,4-diphenylbutadiyne (DPDA) memristor device. Furthermore, ultra-low energy consumption (∼25 fJ per spike), linear and large conductance changes have been obtained in the small molecule DPDA device. This work makes a great contribution to improve the accuracy, speed and to reduce the energy consumption for neuromorphic computing."
P1_psych,EXCLUDE,"S1_PARTITION,S2_PSYCH",noise,1,False,openalex,W4379877823,10.1137/22m147788x,2023,SIAM Journal on Applied Dynamical Systems,Can the Clocks Tick Together Despite the Noise? Stochastic Simulations and Analysis,"The suprachiasmatic nucleus (SCN), also known as the circadian master clock, consists of a large population of oscillator neurons. Together, these neurons produce a coherent signal that drives the body’s circadian rhythms. What properties of the cell-to-cell communication allow the synchronization of these neurons, despite a wide range of environmental challenges such as fluctuations in photoperiods? To answer that question, we present a mean-field description of globally coupled neurons modeled as Goodwin oscillators with standard Gaussian noise. Provided that the initial conditions of all neurons are independent and identically distributed, any finite number of neurons becomes independent and has the same probability distribution in the mean-field limit, a phenomenon called propagation of chaos. This probability distribution is a solution to a Vlasov–Fokker–Planck type equation, which can be obtained from the stochastic particle model. We study, using the macroscopic description, how the interaction between external noise and intercellular coupling affects the dynamics of the collective rhythm, and we provide a numerical description of the bifurcations resulting from the noise-induced transitions. Our numerical simulations show a noise-induced rhythm generation at low noise intensities, while the SCN clock is arrhythmic in the high noise setting. Notably, coupling induces resonance-like behavior at low noise intensities, and varying coupling strength can cause period locking and variance dissipation even in the presence of noise."
P1_psych,EXCLUDE,S1_PARTITION,rate,1,False,openalex,W4388977424,10.3390/nano13233012,2023,Nanomaterials,Artificial Synapses Based on an Optical/Electrical Biomemristor,"As artificial synapse devices, memristors have attracted widespread attention in the field of neuromorphic computing. In this paper, Al/polymethyl methacrylate (PMMA)/egg albumen (EA)-graphene quantum dots (GQDs)/PMMA/indium tin oxide (ITO) electrically/optically tunable biomemristors were fabricated using the egg protein as a dielectric layer. The electrons in the GQDs were injected from the quantum dots into the dielectric layer or into the adjacent quantum dots under the excitation of light, and the EA-GQDs dielectric layer formed a pathway composed of GQDs for electronic transmission. The device successfully performed nine brain synaptic functions: excitatory postsynaptic current (EPSC), paired-pulse facilitation (PPF), short-term potentiation (STP), short-term depression (STD), the transition from short-term plasticity to long-term plasticity, spike-timing-dependent plasticity (STDP), spike-rate-dependent plasticity (SRDP), the process of learning, forgetting, and relearning, and Pavlov associative memory under UV light stimulation. The successful simulation of the synaptic behavior of this device provides the possibility for biomaterials to realize neuromorphic computing."
P2_within,EXCLUDE,"S1_PARTITION,S2_PSYCH",bifurcation,1,False,openalex,W4386384766,10.48550/arxiv.2308.16773,2023,arXiv (Cornell University),Anticipating critical transitions in multidimensional systems driven by time- and state-dependent noise,"Anticipating bifurcation-induced transitions in dynamical systems has gained relevance in various fields of the natural, social, and economic sciences. Before the annihilation of a system's equilibrium point by means of a bifurcation, the system's internal feedbacks that stabilize the initial state weaken and eventually vanish, a process referred to as critical slowing down (CSD). In one-dimensional systems, this motivates the use of variance and lag-1 autocorrelation as indicators of CSD. However, the applicability of variance is limited to time- and state-independent driving noise, strongly constraining the generality of this CSD indicator. In multidimensional systems, the use of these indicators is often preceded by a dimension reduction in order to obtain a one-dimensional time series. Many common techniques for such an extraction of a one-dimensional time series generally incur the risk of missing CSD in practice. Here, we propose a data-driven approach based on estimating a multidimensional Langevin equation to detect local stability changes and anticipate bifurcation-induced transitions in systems with generally time- and state-dependent noise. Our approach substantially generalizes the conditions under which CSD can reliably be detected, as demonstrated in a suite of examples. In contrast to existing approaches, changes in deterministic dynamics can be clearly discriminated from changes in the driving noise using our method. This substantially reduces the risk of false or missed alarms of conventional CSD indicators in settings with time-dependent or multiplicative noise. In multidimensional systems, our method can greatly advance the understanding of the coupling between system components and can avoid risks of missing CSD due to dimension reduction, which existing approaches suffer from."
P2_within,EXCLUDE,"S1_PARTITION,S2_PSYCH",bifurcation,1,False,openalex,W4387076388,10.48550/arxiv.2309.14179,2023,arXiv (Cornell University),Anticipation of Oligocene's climate heartbeat by simplified eigenvalue estimation,"The Eocene-Oligocene transition marks a watershed point of earth's climate history. The climate shifts from a greenhouse state to an icehouse state in which Antarctica glaciated for the first time and periodic dynamics arise which are still relevant for our current climate. We analyse a $CaCO_3$ concentration time series which covers the Eocene-Oligocene transition and which is obtained from a Pacific sediment core at site DSDP1218. Therefore, we introduce a simplified autoregression-based variant of the dominant eigenvalue (DEV) estimation procedure. The DEV works as leading indicator of bifurcation-induced transitions and enables us to identify the bifurcation type. We confirm its reliability in a methodological study and demonstrate the crucial importance of proper detrending to obtain unbiased results. As a remark, we discuss also possible pathways to estimate the stability of limit cycles based on the DEV and the alternative drift slope as a proof of principle. Finally, we present the DEV analysis results of the $CaCO_3$ concentration time series which are reproducible in a wide parameter range. Our findings demonstrate that the onset of Oligocene's periodic dynamics might be announced by a Neimark-Sacker/Hopf bifurcation in course of the Eocene-Oligocene transition 34 mya. (We follow the convention and use mya$\widehat{=}$""million years ago"" and Ma$\widehat{=}$""million years"" throughout the article.)"
P2_within,EXCLUDE,"S1_PARTITION,S2_PSYCH",noise,1,False,openalex,W4322004681,10.5194/egusphere-egu23-9117,2023,,Predictability of Dansgaard-Oeschger events in the Greenland ice core ensemble,"It is an ongoing debate whether the abrupt climate changes during the last glacial interval, the so-called Dansgaard-Oeschger (DO) events, are solely due to stochastic fluctuations or a result of bifurcations in the structural stability of the climate. This raises the question whether they are predictable, and thus whether early warning signals for the abrupt transitions from Greenland stadial to interstadial periods could be observed.Here, we propose a new method to analyze the DO events between 60 ka before present and the Holocene, where we look at the ensemble of oxygen isotope ratio (&amp;#948;&amp;#185;&amp;#8312;O) measurements from three different Greenland ice cores. For each rapid transition from a Greenland stadial to interstadial period, the three time series are normalized and scaled individually. The goal is to determine whether early warning signals in the further detrended ensemble are observable and thus to contribute to the ongoing debate whether past abrupt climate change has been purely noise-induced or a result of changed stability in the climate system.&amp;#160;"
P1_psych,EXCLUDE,"S1_PARTITION,S2_PSYCH",noise,1,True,openalex,W4398157598,10.1088/2515-7620/ad8f98,2024,Environmental Research Communications,Quantifying risk of a noise-induced AMOC collapse from northern and tropical Atlantic Ocean variability,"Abstract The Atlantic Meridional Overturning Circulation (AMOC) exerts a major influence on global climate. There is much debate about whether the current strong AMOC may collapse as a result of anthropogenic forcing and/or internal variability. Increasing the noise in simple salt-advection models can change the apparent AMOC tipping threshold. However, it’s not clear if ‘present-day’ variability is strong enough to induce a collapse. Here, we investigate how internal variability affects the likelihood of AMOC collapse. We examine the internal variability of basin-scale salinities and temperatures in four CMIP6 pre-industrial simulations. We fit this to an empirical, process-based AMOC box model, and find that noise-induced AMOC collapse (defined as a decade in which the mean AMOC strength falls below 5 Sv) is unlikely, however, if the AMOC is pushed closer to a bifurcation point due to external climate forcing, noise-induced tipping becomes more likely. Surprisingly, we find a case where forcing temporarily overshoots a stability threshold but noise decreases the probability of collapse. Accurately modelling internal decadal variability is essential for understanding the increased uncertainty in AMOC projections."
P1_psych,EXCLUDE,S1_PARTITION,noise,1,True,openalex,W4392602644,10.5194/egusphere-egu24-8729,2024,,Quantifying risk of a noise-induced AMOC collapse from northern and tropical Atlantic Ocean variability,"The Atlantic Meridional Overturning Circulation (AMOC) exerts a major influence on global climate. There is much debate about whether the current strong AMOC may collapse as a result of anthropogenic forcing and/or natural variability. Here, we ask whether internal decadal variability could affect the likelihood of AMOC collapse. We examine natural variability of basin-scale salinities and temperatures in four CMIP6 pre-industrial runs. We fit the CMIP6 variability to several empirical, linear noise models, and to a nonlinear, process-based AMOC model. The variability is weak and its processes inconsistent among the CMIP6 models considered. Based on the CMIP6 variability levels we find that noise-induced AMOC collapse is unlikely in the pre-industrial climate, but plausible if external forcing has shifted the AMOC closer to a threshold, which can be identified for the non-linear model using bifurcation analysis. However the CMIP6 models may systematically underestimate current Atlantic Ocean variability, and we find that substantially stronger variability would increase the likelihood of noise-induced collapse."
P1_psych,EXCLUDE,S1_PARTITION,noise,1,False,openalex,W4394924891,10.1142/s1793524524500220,2024,International Journal of Biomathematics,Stationary probability density and noise-induced transitions in a stochastic host-generalist parasitoid model,"In this paper, we study the dynamical behavior of a stochastic host-generalist parasitoid model with Holling II functional response. First, by constructing a suitable Lyapunov function, we prove that the stochastic system has a unique ergodic stationary distribution under certain condition. Second, we analyze the stationary probability density when the corresponding deterministic system has a unique stable positive equilibrium. The original stochastic system is transformed to an It[Formula: see text] average diffusion system by using Taylor expansions at the positive equilibrium point, polar coordinate transformation and stochastic average method. Then the stationary probability density is obtained by solving the Fokker–Planck equation of the average diffusion system. Finally, we explore noise-induced state transitions between two random attractors in the bistable regions: (i) between two internal stable equilibria; (ii) between an internal equilibrium and a limit cycle. The critical noise intensity for which the state switching occurs is estimated by calculating confidence ellipses. The results show that large environmental fluctuations can obviously affect the stability of ecosystems, and cause transitions between high and low biomass of the hosts and the generalist parasitoids."
P1_psych,EXCLUDE,S1_PARTITION,rate,1,False,openalex,W4400914766,10.1063/5.0211178,2024,APL Materials,Effect of neural firing pattern on NbOx/Al2O3 memristor-based reservoir computing system,"The implementation of reservoir computing using resistive random-access memory as a physical reservoir has attracted attention due to its low training cost and high energy efficiency during parallel data processing. In this work, a NbOx/Al2O3-based memristor device was fabricated through a sputter and atomic layer deposition process to realize reservoir computing. The proposed device exhibits favorable resistive switching properties (&amp;gt;103 cycle endurance) and demonstrates short-term memory characteristics with current decay. Utilizing the controllability of the resistance state and its variability during cycle repetition, electrical pulses are applied to investigate the synapse-emulating properties of the device. The results showcase the functions of potentiation and depression, the coexistence of short-term and long-term plasticity, excitatory post-synaptic current, and spike-rate dependent plasticity. Building upon the functionalities of an artificial synapse, pulse spikes are categorized into three distinct neural firing patterns (normal, adapt, and boost) to implement 4-bit reservoir computing, enabling a significant distinction between “0” and “1.”"
P1_psych,EXCLUDE,"S1_PARTITION,S2_PSYCH",rate,1,False,openalex,W4405369242,10.1007/s10035-024-01499-z,2024,Granular Matter,Viscoplastic modelling of rate-dependent pile penetration in crushable sand,
P1_psych,EXCLUDE,S1_PARTITION,rate,1,False,openalex,W4394954053,10.1021/acsami.3c19527,2024,ACS Applied Materials & Interfaces,Molecular-Potential and Redox Coregulated Cathodic Electrosynthesis toward Ionic Azulene-Based Thin Films for Organic Memristors,"Organic memristors as promising electronic units are attracting significant attention owing to their simplicity of molecular structure design. However, fabricating high-quality organic films via novel synthetic technologies and exploring unprecedented chemical structures to achieve excellent memory performance in organic memristor devices are highly challenging. In this work, we report a cathodic electropolymerization to synthesize an ionic azulene-based memristive film (PPMAz-Py + Br – ) under the molecular-potential and redox coregulation. During the cathodic electropolymerization process, electropositive pyridinium salts migrate to the cathode under an electric field, undergo a reduction-coupling deprotonation reaction, and polymerize into a uniform film with a controllable thickness on the electrode surface. The prepared Al/PPMAz-Py + Br – /ITO devices not only exhibit a high ON/OFF ratio of 1.8 × 10 3, high stability, long memory retention, and endurance under a wide range of voltage scans, but also achieve excellent multilevel storage and history-dependent memristive performance. In addition, the devices can mimic important biosynaptic functions, such as learning/forgetting function, synaptic enhancement/inhibition, paired-pulse facilitation/depression, and spiking-rate-dependent plasticity. The tunable memristive performances are attributed to the capture of free electrons on pyridinium cations, the migration of the aluminum ions (Al 3+ ), and the form of Al conductive filaments under voltage scans."
P1_psych,EXCLUDE,S1_PARTITION,noise,1,False,openalex,W4405257042,10.3390/vibration7040063,2024,Vibration,Theoretical and Experimental Vibration Generation in a Coaxial Pulse-Tube Cryocooler,"The microphonic noise induced by the vibration from cryocoolers has been found to cause energy resolution degradation in vibration-sensitive instruments. In this paper, theoretical and experimental research on the vibration generation mechanism of an aerospace-grade coaxial pulse-tube cryocooler (CPTC) is presented. Accordingly, suggestions for suppressing the vibration of the pulse-tube cryocooler are provided. A vibration model for the Oxford-type dual-opposed linear compressor is established, and the mechanism of vibration induced by the compressor is theoretically analyzed. A numerical simulation indicates that deviations in the compressor’s inductance coefficient, electromagnetic force coefficient, and flexure spring stiffness coefficient significantly affect the axial vibration of the compressor. The theoretical and experimental studies show that the high-order harmonic vibrations of the compressor are determined by both the resonance of the flexure springs and the high-order harmonics of the driving power supply. Through experiments and simulations, it is revealed that the dynamic gas pressure only induces vibration axially at the cold tip, while the radial vibration at the cold tip is determined by the heat head ‘s vibration and the structural response characteristics of the cold finger."
P1_psych,EXCLUDE,"S1_PARTITION,S2_PSYCH",rate,1,False,openalex,W4401554997,10.2139/ssrn.4924035,2024,SSRN Electronic Journal,Rate-Dependent Fracture of Polyacrylamide Hydrogels Induced by Interior Water Migration,
P1_psych,EXCLUDE,S1_PARTITION,rate,1,False,openalex,W4401869710,10.1063/5.0219857,2024,Applied Physics Letters,Artificial synapse based on low-voltage Ni-doped CuI thin-film transistors for neuromorphic application,"Inspired by the human brain's capacity as a powerful biological computer capable of simultaneously processing a vast array of cognitive tasks, many emerging artificial synapse devices have been developed in recent years. Electric-double-layer (EDL) transistors based on interfacial ion-modulation have attracted widespread attention for simulating synaptic plasticity and neural functions. Here, low-voltage EDL p-type thin-film transistors (TFTs) are fabricated on glass substrates, with Ni-doped cuprous iodide (Ni0.06Cu0.94I) as the channel and chitosan as the dielectric. The electrical performance of the Ni0.06Cu0.94I TFTs is investigated: current on/off ratio of 6.4 × 104, subthreshold swing of 33 mV/dec, threshold voltage of 1.38 V, operating voltage of 2 V, and saturation field-effect mobility of 15.75 cm2 V−1 s−1. A dual in-plane gate OR logic operation is demonstrated. Importantly, by applying single voltage pulses, dual voltage pulses, and multiple voltage pulses to the gate, the Ni0.06Cu0.94I transistors exhibited typical synaptic characteristics, including short-term potentiation, short-term depression, long-term potentiation, long-term depression, paired-pulse facilitation, and spiking-rate-dependent plasticity. Furthermore, the synaptic transistor can also simulate the learning–forgetting–relearning process of the human brain. These remarkable behaviors of voltage-stimulated synaptic transistors have potential for neuromorphic applications in future artificial systems."
P1_psych,EXCLUDE,S1_PARTITION,bifurcation,1,False,openalex,W4405870115,10.1142/s0218127425500099,2024,International Journal of Bifurcation and Chaos,Analyzing Hippocampal Neural Dynamics Under Acetylcholine Deficiency Related to Alzheimer’s Disease,"Acetylcholine, as an important neurotransmitter, regulates neural excitability and discharge property distinctly, whose deficiency in the hippocampus can deteriorate cognitive and memory functions in Alzheimer’s Disease (AD). By establishing a hippocampal small-world network of pyramidal neurons and interneurons, this work aims to explore how acetylcholine deficiency influences the hippocampal neural dynamics from the perspective of neurocomputation. Based on some experimental results that acetylcholine can inhibit several [Formula: see text] channels in the pyramidal neuron via muscarinic receptors, we simulate acetylcholine deficiency by increasing the conductance [Formula: see text] of M-type (or [Formula: see text] of A-type) [Formula: see text] channel. The numerical results indicate that the enhancement of [Formula: see text] or [Formula: see text] can affect the pyramidal neuron dynamics in the individual node and network levels significantly. For the individual pyramidal neuron, its excitability and mean firing rate gradually decrease upon increasing [Formula: see text] or [Formula: see text], in particular, the neuron transitions from a firing state to a resting state when [Formula: see text] or [Formula: see text] increases over a threshold. Through dynamic bifurcation analysis, we find that the underlying dynamical mechanism behind these changes is attributed to sub-critical Andronov–Hopf or saddle-node bifurcations induced by acetylcholine deficiency. For pyramidal neurons in the network scale, acetylcholine deficiency can shift the network encoding mode from collective regular firing to bursting, and more importantly, the averaged mean firing rate and sample entropy of the network decrease significantly with severe acetylcholine deficiency. These results are consistent with previous studies reported in the electrophysiological experiments of AD. This work may help to deeply understand the AD pathogenesis of cholinergic hypothesis."
P1_psych,EXCLUDE,"S1_PARTITION,S2_PSYCH",rate,1,False,openalex,W4405560833,10.1016/j.brain.2024.100105,2024,Brain Multiphysics,Effect of circadian rhythm modulated blood flow on nanoparticle based targeted drug delivery in virtual in vivo arterial geometries,"Drug delivery using nanocarriers that are tethered with vasculature-targeting epitopes aims to maximize the therapeutic efficacy of the drug while minimizing the drug side effects. Circadian rhythm which is governed by the central nervous system has implications for targeted drug delivery due to sleep-wake cycle changes in blood flow dynamics. This paper presents an advanced fluid dynamics modeling method that is based on viscous incompressible shear-rate fluid (blood) coupled with an advection–diffusion equation to simulate the formation of concentration gradients in the blood stream, and buildup of the concentration of drug-carrying nanoparticles at the targeted site. The method is equipped with an experimentally calibrated nanoparticle-endothelial cell adhesion model that employs Robin boundary conditions to describe nanoparticle retention based on the probability of adhesion, a friction model accounting for surface roughness of endothelial cell layer, and a dispersion model based on Taylor-Aris expression for effective diffusion of nanocarriers in the boundary layer. The computational model is first experimentally validated and then tested on engineered bifurcating arterial systems where impedance boundary conditions are applied at the outflow to account for the downstream resistance at each outlet. It is then applied to a virtual geometric model of an in vivo arterial tree developed via MRI-based image processing techniques. These test cases highlight the potential of the proposed modeling method for investigating drug transport, adhesion, and retention at multiple sites in the virtual in vivo models under circadian rhythm modulated blood flow dynamics. Statement of significance This paper presents a novel mathematical method that integrate a nanoparticle-based drug delivery model with shear-rate dependent blood flow model for targeted drug delivery in the in vivo arterial networks. The framework is comprised of a unique combination of mechanics-based dispersion model, an asperity model for endothelium surface roughness, and a stochastic nanoparticle-endothelial cell adhesion model. Simulations of MRI based in vivo carotid artery system showcase the effects of vessel geometry on nanoparticle adhesion and retention at the target site. Vessel geometry and target site location impact nanoparticle adhesion; curved and bifurcating regions favor local accumulation of drug carrying nanoparticles. It is also shown that aligning drug administration with circadian rhythm and sleep cycle can enhance the efficacy of drug delivery processes. These simulations demonstrate the potential of the computational modeling method for exploring circadian rhythm modulated blood flow for targeted drug delivery while reducing the in vivo experimentation. • Nanoparticle-based drug delivery model is integrated with a shear-rate blood flow model. • Framework combines multiscale models for NP adhesion and retention at target sites. • Vessel geometry affects nanoparticle adhesion; curved regions favor drug adhesion. • Results show aligning drug delivery with circadian rhythm and sleep boosts efficacy."
P1_psych,EXCLUDE,S1_PARTITION,noise,1,False,openalex,W4392577540,10.5194/egusphere-egu24-12034,2024,,The increased likelihood of plankton community changes following marine heatwaves,"When modelling any climatic system, it is important to carefully consider the relation between the many timescales that govern its evolution, since a certain change in their interplay can drastically affect the likelihood of observing critical transitions to distinct environmental regimes. In this study, we present how the onset of marine heatwaves - that are responsible for inducing prolonged periods of positive temperature fluctuations - can weaken state-based resilience leading to noise-induced shifts between species&amp;#8217; concentration levels in plankton communities. This is shown in a modified Truscott-Brindley model, a stochastically forced fast-slow system that encapsulates the interaction between phytoplankton and zooplankton species during red tide events in marine environments. Deterministically, the system can be bistable, possessing stable states with high and low phytoplankton biomass, or in an excitable monostable regime, where phytoplankton blooms form following perturbations. Environmental perturbations to the (temperature-dependent) species&amp;#8217; growth rates are modelled using multiplicative noise terms, namely Ornstein-Uhlenbeck processes with a correlation time parameter &amp;#964;. During marine heatwaves, the correlation time &amp;#964; of the external perturbations will increase. With ensemble Monte Carlo simulations of phytoplankton collapses, we demonstrate how mean first-exit times from the domain of attraction scale as the noise intensity weakens, across different prescribed values for the correlation time &amp;#964;. These results yield numerical approximations for the systems&amp;#8217; quasipotential barrier heights - a concept from Freidlin and Wentzell&amp;#8217;s theory of large deviations that quantifies resistance to noise-induced escape from a given domain - which elucidates a non-monotonic relation between the system vulnerability to critical transitions and the correlation time &amp;#964; of the external perturbations. Indeed, initially there is a notable drop in system resilience as the correlation time &amp;#964; grows from zero, although as &amp;#964; increases further beyond a critical value, the system resilience begins to then increase. This non-monotonic relation is also reflected in the action values of most probable transition paths for escaping the domain of attraction, found using an augmented Lagrangian method to overcome the degenerate noise present in the system. These findings are compared and contrasted with results from other studies exploring how climate tipping points, or stochastic escapes from a domain of attraction, depend on the correlation time of the external perturbations. Finally, we consider candidate time-series for correlation times constructed from temperature records for the North Sea across periods including anomalously high values, and discuss whether - subject to these - varying system vulnerability to critical transitions is more sensitive to the rate of emergence or duration of the marine heatwaves."
P1_psych,EXCLUDE,S1_PARTITION,rate,1,False,openalex,W4396519520,10.5194/egusphere-2024-1241,2024,,The Role of the Radial Vorticity Gradient in Intensification of Tropical Cyclones,"Abstract. The role of the radial vorticity gradient in tropical cyclone dynamics is explored through a low-order conceptual box model. Specifically, we look at stable-to-stable state transitions which may be linked to tropical cyclone intensification, dissipation, or eyewall replacement cycles. To this end, we identify two parameters of interest: the exponent of radial decline and sea surface temperature. We examine how variation in these parameters affect the stable states of the model and consider the behaviour of the system under time-dependent parameters. By externally forcing the exponent of radial decline and sea surface temperature we show the existence of rate-dependent behaviour in the model. These findings are brought together in a case study of Hurricane Irma (2017). The results highlight the role of the radial vorticity gradient in behaviour such as rate-induced tipping and overshoot recovery. They also show that a simple model can be used to explore relatively complex tropical cyclone dynamics."
P1_psych,EXCLUDE,S1_PARTITION,rate,1,False,openalex,W4399351583,10.5194/egusphere-2024-1241-rc2,2024,,Comment on egusphere-2024-1241,"<strong class=""journal-contentHeaderColor"">Abstract.</strong> The role of the radial vorticity gradient in tropical cyclone dynamics is explored through a low-order conceptual box model. Specifically, we look at stable-to-stable state transitions which may be linked to tropical cyclone intensification, dissipation, or eyewall replacement cycles. To this end, we identify two parameters of interest: the exponent of radial decline and sea surface temperature. We examine how variation in these parameters affect the stable states of the model and consider the behaviour of the system under time-dependent parameters. By externally forcing the exponent of radial decline and sea surface temperature we show the existence of rate-dependent behaviour in the model. These findings are brought together in a case study of Hurricane Irma (2017). The results highlight the role of the radial vorticity gradient in behaviour such as rate-induced tipping and overshoot recovery. They also show that a simple model can be used to explore relatively complex tropical cyclone dynamics."
P1_psych,EXCLUDE,S1_PARTITION,rate,1,False,openalex,W4399246470,10.5194/egusphere-2024-1241-rc1,2024,,Comment on egusphere-2024-1241,"<strong class=""journal-contentHeaderColor"">Abstract.</strong> The role of the radial vorticity gradient in tropical cyclone dynamics is explored through a low-order conceptual box model. Specifically, we look at stable-to-stable state transitions which may be linked to tropical cyclone intensification, dissipation, or eyewall replacement cycles. To this end, we identify two parameters of interest: the exponent of radial decline and sea surface temperature. We examine how variation in these parameters affect the stable states of the model and consider the behaviour of the system under time-dependent parameters. By externally forcing the exponent of radial decline and sea surface temperature we show the existence of rate-dependent behaviour in the model. These findings are brought together in a case study of Hurricane Irma (2017). The results highlight the role of the radial vorticity gradient in behaviour such as rate-induced tipping and overshoot recovery. They also show that a simple model can be used to explore relatively complex tropical cyclone dynamics."
P1_psych,EXCLUDE,S1_PARTITION,rate,1,False,openalex,W4402153485,10.5194/egusphere-2024-1241-ac2,2024,,Reply on RC2,"<strong class=""journal-contentHeaderColor"">Abstract.</strong> The role of the radial vorticity gradient in tropical cyclone dynamics is explored through a low-order conceptual box model. Specifically, we look at stable-to-stable state transitions which may be linked to tropical cyclone intensification, dissipation, or eyewall replacement cycles. To this end, we identify two parameters of interest: the exponent of radial decline and sea surface temperature. We examine how variation in these parameters affect the stable states of the model and consider the behaviour of the system under time-dependent parameters. By externally forcing the exponent of radial decline and sea surface temperature we show the existence of rate-dependent behaviour in the model. These findings are brought together in a case study of Hurricane Irma (2017). The results highlight the role of the radial vorticity gradient in behaviour such as rate-induced tipping and overshoot recovery. They also show that a simple model can be used to explore relatively complex tropical cyclone dynamics."
P1_psych,EXCLUDE,S1_PARTITION,rate,1,False,openalex,W4402153520,10.5194/egusphere-2024-1241-ac1,2024,,Reply on RC1,"<strong class=""journal-contentHeaderColor"">Abstract.</strong> The role of the radial vorticity gradient in tropical cyclone dynamics is explored through a low-order conceptual box model. Specifically, we look at stable-to-stable state transitions which may be linked to tropical cyclone intensification, dissipation, or eyewall replacement cycles. To this end, we identify two parameters of interest: the exponent of radial decline and sea surface temperature. We examine how variation in these parameters affect the stable states of the model and consider the behaviour of the system under time-dependent parameters. By externally forcing the exponent of radial decline and sea surface temperature we show the existence of rate-dependent behaviour in the model. These findings are brought together in a case study of Hurricane Irma (2017). The results highlight the role of the radial vorticity gradient in behaviour such as rate-induced tipping and overshoot recovery. They also show that a simple model can be used to explore relatively complex tropical cyclone dynamics."
P1_psych,EXCLUDE,S1_PARTITION,rate,1,False,openalex,W4402153010,10.5194/npg-31-381-2024,2024,Nonlinear processes in geophysics,The role of time-varying external factors in the intensification of tropical cyclones,"Abstract. The role of time-varying external parameters in tropical cyclone (TC) dynamics is explored through a low-order conceptual box model. Specifically, we look at stable-to-stable state transitions which may be linked to tropical cyclone intensification, dissipation, or eyewall replacement cycles (ERCs). To this end, we identify two parameters of interest: the exponent of radial decline and sea-surface temperature. We examine how variations in these parameters affect the stable states of the model and consider the behaviour of the system under different time-dependent forcing profiles for the parameters. By externally forcing the exponent of radial decline and sea-surface temperature, we show the existence of rate-dependent behaviour in the model. These findings are brought together in a case study of Hurricane Irma (2017). The results highlight the role of the radial vorticity gradient in behaviour such as rate-induced tipping and overshoot recovery. They also show that a simple model can be used to explore relatively complex tropical cyclone dynamics."
P1_psych,EXCLUDE,"S1_PARTITION,S2_PSYCH",rate,1,False,openalex,W4392760139,10.5194/egusphere-egu24-13669,2024,,Laboratory measurement of subcritical crack growth and healing in calcite using Double-Torsion tests,"Subcritical crack growth accelerates weathering of rocks and minerals, reduces the strength of rock slope, and affects the stability of subsurface faults. Under special circumstances, the produced cracks can also heal spontaneously (Self healing) regaining a part of the original tensile strength. &amp;#160;These crack behaviors are a manifestation of molecular-scale surface forces acting between the surfaces near the crack tip. As a part of the effort to understand how these forces control the subcritical crack growth and healing of geological materials, we examine the tensile crack behavior of calcite single crystals. A miniature&amp;#160;Double-Torsion&amp;#160;(DT) test system was developed for testing small plate samples (40 mm x 20 mm x 1.5 mm) cut out of optical-quality calcite single crystals (Iceland Spar crystals). These samples are oriented in such a way that the induced crack is along the (1014)&amp;#160;plane (the primary cleavage plane). The main output of the experiment is the crack velocity (vc) vs the magnitude of applied driving force (stress intensity factor K or strain energy release rate G), which is a typical way to summarize the rate-dependent crack behavior. From the experiment, we have learned that (1) calcite exhibits strong healing behavior compared to materials such as glass or (amorphous) quartz in humid air and water, (2) healing is time dependent (the strength of a healed crack increases over time), (3) liquid water (rather than vapor) introduces strong hysteresis in the recracking vs healing behavior. &amp;#160;&amp;#160;The obtained laboratory data are used to develop a mechanistic model for predicting macroscale crack behavior in rock, particularly in a water and electrolyte-rich environment."
P2_within,EXCLUDE,"S1_PARTITION,S2_PSYCH",bifurcation,1,False,openalex,W4405569140,10.1103/physreve.110.064218,2024,Physical review. E,B-tipping points in plankton dynamics: Stochasticity and early warning signals,"Near a tipping point, a critical transition occurs when small changes in input conditions lead to abrupt, often irreversible shifts in a dynamical system's state. This phenomenon is observed in various biological and physical systems, including the collapse of species in ecosystems. Several statistical indicators, known as early warning signals (EWSs), have been developed to anticipate such collapses, garnering significant attention for their broad applicability. This paper investigates the stochastic versions of a bistable algae-zooplankton food-chain model under demographic and environmental noise. Our findings show that an increase in the predatory fish population, which consumes zooplankton, triggers a collapse in zooplankton abundance through a saddle-node bifurcation. Basin stability measure reveals that the resilience of the underexploited steady state significantly diminishes as the system approaches the collapse point. We evaluate the efficacy of various generic EWSs in predicting sudden collapses under both types of noise through statistical analysis. The robustness of AR(1) and variance are assessed through a comprehensive sensitivity analysis of processing parameters. We also calculate conditional heteroskedasticity, which minimizes false positive signals in the time series. Our results indicate that the prediction accuracy of variance and conditional heteroskedasticity remains independent of the noise type. However, AR(1) and skewness perform better in the presence of environmental noise."
P2_within,EXCLUDE,"S1_PARTITION,S2_PSYCH",bifurcation,1,False,openalex,W4402222558,10.1103/physrevresearch.6.033251,2024,Physical Review Research,Anticipating critical transitions in multidimensional systems driven by time- and state-dependent noise,"Anticipating bifurcation-induced transitions in dynamical systems has gained relevance in various fields of the natural, social, and economic sciences. Before the annihilation of a system's equilibrium point by means of a bifurcation, the system's internal feedbacks that stabilize the initial state weaken and eventually vanish, a process referred to as critical slowing down (CSD). In one-dimensional systems, this motivates the use of variance and lag-1 autocorrelation as indicators of CSD. However, the applicability of variance is limited to time- and state-independent driving noise, strongly constraining the generality of this CSD indicator. In multidimensional systems, the use of these indicators is often preceded by a dimension reduction in order to obtain a one-dimensional time series. Many common techniques for such an extraction of a one-dimensional time series generally incur the risk of missing CSD in practice. Here, we propose a data-driven approach based on estimating a multidimensional Langevin equation to detect local stability changes and anticipate bifurcation-induced transitions in systems with generally time- and state-dependent noise. Our approach substantially generalizes the conditions under which CSD can reliably be detected, as demonstrated in a suite of examples. In contrast to existing approaches, changes in deterministic dynamics can be clearly discriminated from changes in the driving noise using our method. This substantially reduces the risk of false or missed alarms of conventional CSD indicators in settings with time-dependent or multiplicative noise. In multidimensional systems, our method can greatly advance the understanding of the coupling between system components and can avoid risks of missing CSD due to dimension reduction, which existing approaches suffer from. Published by the American Physical Society 2024"
P2_within,EXCLUDE,"S1_PARTITION,S2_PSYCH",noise,1,False,openalex,W4401465717,10.1098/rsif.2024.0199,2024,Journal of The Royal Society Interface,An early warning indicator trained on stochastic disease-spreading models with different noises,"The timely detection of disease outbreaks through reliable early warning signals (EWSs) is indispensable for effective public health mitigation strategies. Nevertheless, the intricate dynamics of real-world disease spread, often influenced by diverse sources of noise and limited data in the early stages of outbreaks, pose a significant challenge in developing reliable EWSs, as the performance of existing indicators varies with extrinsic and intrinsic noises. Here, we address the challenge of modelling disease when the measurements are corrupted by additive white noise, multiplicative environmental noise and demographic noise into a standard epidemic mathematical model. To navigate the complexities introduced by these noise sources, we employ a deep learning algorithm that provides EWS in infectious disease outbreaks by training on noise-induced disease-spreading models. The indicator's effectiveness is demonstrated through its application to real-world COVID-19 cases in Edmonton and simulated time series derived from diverse disease spread models affected by noise. Notably, the indicator captures an impending transition in a time series of disease outbreaks and outperforms existing indicators. This study contributes to advancing early warning capabilities by addressing the intricate dynamics inherent in real-world disease spread, presenting a promising avenue for enhancing public health preparedness and response efforts."
P2_within,EXCLUDE,"S1_PARTITION,S2_PSYCH",rate,1,False,openalex,W4392577615,10.5194/egusphere-egu24-12187,2024,,Anticipating rate-induced tipping by a deep learning framework,"Rate-induced tipping (R-tipping) occurs when the forcing rate changes too rapidly for the system to track its quasi-equilibrium state, leading to an unexpected collapse. Currently, there is a lack of valid early warning signals (EWS) for R-tipping, particularly in the presence of noise perturbations. To address this deficiency, we employ a deep learning algorithm to extract the high-order structures hidden within time series data before R-tipping occurs. Then the trained neural networks are taken to provide real-time EWS for R-tipping, demonstrating skillful forecasts with a substantially long lead time, surpassing the performance of conventional critical slowing down indicators. Our progress underscores the predictability of R-tipping, offering the potential to improve the ability to deduce the safe operating space for a wider spectrum of complex systems."
P2_within,EXCLUDE,"S1_PARTITION,S2_PSYCH",bifurcation,1,False,openalex,W4392591412,10.5194/egusphere-egu24-1852,2024,,Anticipating critical transitions in multi-dimensional systems driven by time- and state-dependent noise,"When approaching a one-parameter bifurcation, the feedbacks that stabilise the initial state weaken and eventually vanish; a process referred to as critical slowing down (CSD). This motivates the use of variance and lag-1 auto-correlation as indicators of CSD in order to anticipate bifurcation-induced critical transitions. Both indicators require a prior dimension reduction to a one-dimensional time series. The use of variance is further limited to time- and state-independent driving noise, strongly constraining its generality. Here, we propose a data-driven approach based on deriving a multi-dimensional Langevin equation to detect local stability changes and anticipate bifurcation-induced transitions in systems with generally time- and state-dependent noise. Our approach substantially generalizes the conditions underlying existing early warning indicators, which we showcase in the example of a two-dimensional predator-prey model. This reduces the risk of false and missed alarms significantly and allows for a more holistic understanding of the multi-dimensional system at hand."
P2_within,EXCLUDE,"S1_PARTITION,S2_PSYCH",noise,1,False,openalex,W4403742054,10.2139/ssrn.4997747,2024,SSRN Electronic Journal,Noise-Induced Ecological Shifts in Prey-Predator Model,
P2_within,EXCLUDE,"S1_PARTITION,S2_PSYCH",noise,1,False,openalex,W4393213119,10.48550/arxiv.2403.16233,2024,arXiv (Cornell University),An early warning indicator trained on stochastic disease-spreading models with different noises,"The timely detection of disease outbreaks through reliable early warning signals (EWSs) is indispensable for effective public health mitigation strategies. Nevertheless, the intricate dynamics of real-world disease spread, often influenced by diverse sources of noise and limited data in the early stages of outbreaks, pose a significant challenge in developing reliable EWSs, as the performance of existing indicators varies with extrinsic and intrinsic noises. Here, we address the challenge of modeling disease when the measurements are corrupted by additive white noise, multiplicative environmental noise, and demographic noise into a standard epidemic mathematical model. To navigate the complexities introduced by these noise sources, we employ a deep learning algorithm that provides EWS in infectious disease outbreak by training on noise-induced disease-spreading models. The indicator's effectiveness is demonstrated through its application to real-world COVID-19 cases in Edmonton and simulated time series derived from diverse disease spread models affected by noise. Notably, the indicator captures an impending transition in a time series of disease outbreaks and outperforms existing indicators. This study contributes to advancing early warning capabilities by addressing the intricate dynamics inherent in real-world disease spread, presenting a promising avenue for enhancing public health preparedness and response efforts."
P1_psych,EXCLUDE,"S1_PARTITION,S2_PSYCH",noise,1,False,openalex,W4410395688,10.1007/s13324-025-01077-3,2025,Analysis and Mathematical Physics,Bifurcation and Stochastic Dynamics of the Hirota-Maccari System: A Study of Noise-Induced Solitons,
P1_psych,EXCLUDE,"S1_PARTITION,S2_PSYCH",bifurcation,1,False,openalex,W4415295718,10.1063/5.0288338,2025,Physics of Fluids,Marangoni effect on compound droplet inside bifurcated micro-confinement,"The combination of pressure-driven flow and thermocapillary forces greatly affects droplet dynamics in microfluidic environments, which has substantial implications for droplet-based technologies. In this work, we have investigated the thermocapillary migration and deformation of a single droplet subjected to a continuous pressure-driven flow in a bifurcated Y-shaped microchannel. In this study, the combined impacts of surface wettability, viscosity ratio, surface tension fluctuation, and externally imposed temperature gradient have been the main focus. Using energy equations and numerical simulations based on Navier–Stokes, a comprehensive parametric analysis has been conducted, taking into account all appropriate interfacial boundary conditions. The outcome demonstrates that a greater temperature gradient exacerbates thermocapillary-driven motion, causing droplets to visibly migrate toward areas with less surface tension. The ratio of the droplet's viscosity to that of the surrounding fluid is discovered to significantly change the droplet's deformation and velocity. The high-viscosity droplets have been found to prevent thermocapillary-induced stretching. The study shows that surface wettability has a significant effect on the contact angle dynamics and the droplet's attachment to the channel walls. The research highlights how the variation in temperature gradient impacts the timing and position of droplet pinch-off. The effect of Marangoni flow has been studied here, and it has been found that as the Marangoni number (Ma = 0–0.4) increases, the droplet migrates toward the warmer areas with the pinch-off point moving toward the region of reduced surface tension. It alters the droplet's separation dynamics completely. Generally, at low capillary numbers (Ca = 0.01–0.15), the deformation of the droplet is minimum, but beyond a critical value, the droplet experiences an asymmetric deformation and displacement. This is due to the effect of Marangoni forces. This work examines the hydrodynamics of compound droplets in a bifurcated microchannel in a novel manner. This includes the combined impacts of capillary number, viscosity ratio, Marangoni number, and pressure-driven flow. The complex interactions between core and shell interfacial tensions are captured simultaneously. Marangoni-driven surface tension gradients and bifurcation-induced asymmetry have been studied primarily on single droplets or straight-channel configurations. By exposing previously unknown regimes where Marangoni stresses may either enhance or suppress droplet deformation and splitting, the results offer novel design insights for precise droplet manipulation in microfluidic applications. These findings may prove beneficial in targeted material delivery, biological diagnostics, and lab-on-a-chip devices."
P1_psych,EXCLUDE,S1_PARTITION,noise,1,False,openalex,W4408099042,10.1063/5.0244566,2025,Chaos An Interdisciplinary Journal of Nonlinear Science,Quantifying the global stability and transition dynamics of a coupled human–environment system via a landscape-flux approach,"Human and environmental systems should not be viewed in isolation from each other but as a complex integrated system since humans not only influence ecosystem services and functions but also respond to changes in the ecosystem. Additionally, stochastic perturbations play a crucial role in natural systems, and stochastic factors associated with social and ecological systems can significantly affect the dynamics of coupled models, such as noise-induced tipping. In this paper, we propose a coupled human-environment model with noisy disturbances that includes the dynamics of forest conservation opinions within a population and the natural expansion and harvesting of forest ecosystems. We investigate how stochasticity triggers critical transitions between high and low forest cover states (or a stable oscillatory state) using social and ecological fitting parameters from old-growth forests in Oregon. Based on landscape-flow theory from non-equilibrium statistical mechanics, we quantify the global stability and robustness of equilibria and limit cycles using barrier height and average flux. We find that the stability of the high forest cover state weakens, and the low forest cover state becomes increasingly stable as noise intensity increases. Conversely, an increase in the intensity of injunctive social norms favors the global stability of the high forest cover state. Moreover, only a sufficiently small forest protection cost will allow forest cover to be maintained at a high level. Finally, a sensitivity analysis of the parameters of the coupled system is conducted, revealing the key factors affecting the global stability and critical transitions of high and low forest cover states."
P1_psych,EXCLUDE,S1_PARTITION,noise,1,False,openalex,W4406667628,10.1103/physreve.111.014418,2025,Physical review. E,Nonequilibrium landscape of amyloid-beta and calcium ions in application to Alzheimer's disease,"Amyloid-beta (Aβ) peptides and calcium ions (Ca^{2+}) serve critical roles in various physiological processes inside neurons, but their dysregulation is involved in the development of neurological disorders, including Alzheimer's disease. Particularly, Aβ_{42} peptides alter Ca^{2+} homeostasis, resulting in synaptic dysfunction and neuronal damage. On the other hand, Ca^{2+} ions can affect Aβ aggregation and clearance routes, either worsening or improving AD pathogenesis. We have considered a deterministic model for Aβ-Ca^{2+} interaction and studied its noise-induced dynamics. The stochastic sensitivity analysis helps to find the confidential ellipses for the stable attractors of the stochastic system. In addition, we have developed a network model based on the interaction between Aβ peptides and Ca^{2+} ions to comprehend their dynamics in the brain connectome better. The probabilistic evolution approach characterizes the dynamics of the stochastic network model and estimates the potentials required to escape from one attractor to another. The numerical simulations suggest that the more connected node requires more energy to switch its state, and the noise intensity plays a crucial role in such cases. Furthermore, this study reveals that external perturbations on Aβ-Ca^{2+} dynamics uncover novel targets for drug development and provide insights into the complex interplay between protein misfolding and synaptic dysfunction in Alzheimer's disease pathology."
P1_psych,EXCLUDE,S1_PARTITION,rate,1,False,openalex,W4411319083,10.1016/j.jsv.2025.119241,2025,Journal of Sound and Vibration,Basins of attraction in a dynamical system with a time-varying control parameter: The case of attack transients in a simple model of reed musical instrument,"Multistability, a common phenomenon in dynamical systems in general and in musical instruments in particular, corresponds to the coexistence of several stable regimes for a given set of parameters. When a system is multistable, which regime is observed depends on the initial conditions on the state variables, and therefore relates to the basins of attraction. Here we consider a simple model of reed musical instrument. A bifurcation analysis shows that the system is bistable on a range of the blowing pressure, which is one of the main control parameters for the musician. In the bistability region, the boundary between basins of attraction is computed for the classical case of constant control parameters in the one hand, and for saturating ramps of the blowing pressure on the other hand. These profiles of the blowing pressure are chosen as prototypical representations of the so-called attack transients of the blowing pressure, during which the musician starts to blow in the instrument to create a musical note from silence. Attack transients are known to be of crucial importance in a musical context, yet mostly overlooked in physical models of the musician-instrument system. The separatrix between basins of attraction is computed numerically by combining time-domain simulations with a machine learning technique relying on support vector machine. Our results demonstrate that attack transients of the blowing pressure significantly affect the practical observability of the different stable regimes, suggesting that they might be used by musicians to navigate between basins. From a more general point of view, these results relate to rate-induced tipping phenomena and might therefore be of interest beyond the particular case of musical instruments."
P1_psych,EXCLUDE,S1_PARTITION,noise,1,False,openalex,W7112038621,,2025,Figshare,Deterministic Extremes and Climate Tipping Points,"Extreme events are becoming an increasingly important field of study, which encom- passes the study of several different phenomena. As such, different mathematical formulations and frameworks exist in which extreme events can be defined and stud- ied. In this thesis we focus on two different interpretations. The first is Extreme Value Theory applied to dynamical systems, which understands extremes as large fluctuations of a chaotic dynamical system. This framework allows to compute prob- ability distributions that relate the probability of an event with its magnitude, and encode in its parameters dynamical and geometrical quantities related to properties of the dynamical system. The second is stochastically perturbed differential equa- tions, in which the stochastic component eventually forces the system to transition between stable states. This gives rise to noise-induced tipping, and to the study of the statistical properties of the transitions. An important application of Extreme Value Theory is to estimate two dy- namical indicators, the local dimension and the extremal index, used to quantify persistence in phase space. However, the mathematical theory underpinning these estimations is insufficiently developed. Here we describe various algorithms used for estimating the local dimension and study in detail the asymptotic laws corres- ponding to Hitting a ball, and Recurring to a ball, in terms of their potential to estimate the local dimension. While the theoretical studies up until now are mostly concerned with Hitting, Recurrence is used in applications when only one realisa- tion of the dynamics is available. We show that when the dynamical system under study has an absolutely continuous invariant measure the algorithms work well and are interchangeable. Also, error bounds are found for the algorithm based in ex- ceedances over a threshold, when sufficiently fast decay of correlations is imposed on the system. The two dynamical indicators are typically computed using the exceedances over a threshold, which turn to form a Generalized Pareto Distribution in the asymp- totic limit of high threshold in many cases. Here we examine in detail issues that arise when estimating these quantities for some known dynamical systems. We focus 2 on how the geometry of an invariant set can affect the regularly varying properties of the invariant measure. We demonstrate that singular measures supported on sets of non-integer dimension are typically not regularly varying and that the absence of regular variation makes the estimates resolution dependent. We show as well that the most common extremal index estimation method is not well defined for continu- ous time processes sampled at fixed time steps, which is an underlying assumption in its application to data. Many physical and chemical phenomena are governed by stochastic escape across potential barriers. The escape time depends on the structure of the noise and the shape of the potential barrier. By applying α-stable noise from the α = 2 Gaussian noise limit to the α < 2 jump processes, we find a continuous transition of the mean escape time from the usual dependence on the height of the barrier for Gaussian noise, to a dependence solely on the width of the barrier for α-stable noise. We consider the exit problem of a process driven by α-stable noise in a double well potential. We study individually the influences of the width and the height of the potential barrier in the escape time, and we show through scalings that the asymptotic laws are described by a universal curve independent of both parameters. When the dependence in the stability parameter is considered, we see that there are two different diffusive regimes in which diffusion is described either by Kramer’s time or by the corresponding asymptotic law for α-stable noise. We determine the regions of the noise parameter space in which each regime prevails and exploit this result to construct an anomalous example in which a double well potential exhibits a different diffusion regime in each well for a wide range of parameters."
P1_psych,EXCLUDE,"S1_PARTITION,S2_PSYCH",noise,1,False,openalex,W4415683412,10.1142/s1793524525501414,2025,International Journal of Biomathematics,Dynamics and tipping points for a three-dimensional stochastic seed dispersal model,"In this paper, a three-dimensional stochastic seed dispersal model is proposed and the dynamical behavior of its solutions as well as the problem of tipping points is investigated. The stochastic seed dispersal model is first established by taking into account an ecological chain consisting of sowers, herbivores and plants. The existence, extinction and (asymptotic) persistence of this stochastic model are then discussed respectively by applying Lyapunov function method and strong law of large numbers for martingales. The related numerical simulations are also offered to illustrate the obtained results. Finally, to show the effects of the stochastic noise-induced transient dynamics on the asymptotic behavior, the tipping probability and tipping time of this stochastic model are studied as well in this work. This discussion not only obtains rich dynamical properties of the solutions of the considered stochastic seed dispersal model, but it also manifests precisely how the environmental stochasticity affects the transient dynamics of this system."
P1_psych,EXCLUDE,S1_PARTITION,noise,1,True,openalex,W4408108614,10.1101/2025.02.28.25323059,2025,medRxiv,Genome-wide association study meta-analysis brings monogenic hearing loss genes into the polygenic realm,"Abstract Background Disabling age-related and noise-induced sensorineural hearing loss (SNHL) affects 5% of the global population and is associated with isolation, depression, cognitive decline, and dementia. SNHL is strongly heritable with a polygenic signature of common genetic variants conferring small risks individually, thus requiring very large studies to achieve statistical power in genome-wide association studies (GWAS). Methods We present the first report of a clinical SNHL GWAS in the Million Veteran Program (MVP) cohort. GWAS findings are examined separately within MVP (210,240 cases and 265,275 controls), including multi-ancestry analysis, then combined and contrasted with the United Kingdom Biobank (UKB) self-reported hearing loss study (87,056 cases and 163,333 controls). We perform functional mapping and annotation, gene prioritization, gene-based and gene-set analysis, and cochlear cell type enrichment, including human single-cell results, then compare our results to known hereditary hearing loss genes. Summary results are leveraged to characterize the genetic architecture of SNHL. Results Substantial genetic overlap is seen between MVP and UKB despite differences in phenotypes, demographics, and environmental exposures. Individual GWAS and meta-analyses identify 108 loci, including 54 loci containing novel prioritized genes and/or protein-coding genes. Significant gene ontology pathways include “sensory perception of mechanical stimulus,” “ear development,” “actin-binding,” and “cytoskeletal protein binding,” indicative of mechanosensory structure and function in the cochlea. GWAS and gene-based analyses implicate 17 known familial hearing loss genes, expressing proteins in regions of hair cells, Type 1 neurons, stria vascularis, and subcellular regions of stereociliae, rootlets, and notably, mechanoelectrical transduction tip-links. Although risk for polygenic SNHL is predominantly captured by SNPs outside of congenital HHL genes (HHL), SNP-based partitioned heritability estimates show a 3.26-fold enrichment of HHL relative to other genes. Conclusion In the largest GWAS to date, combining clinical diagnosis of hearing loss and self-report data from two cohorts, we identify 108 loci with 54 novel genes. Despite the increased enrichment of HHL genes, 97% of the risk for adult SNHL is captured by SNPs outside of HHL genes. Although SNHL in the UKB and MVP were assessed using different phenotypes, genetic signals between the two cohorts are predominantly shared, and locus discovery is boosted through increased sample size in meta-analysis."
P1_psych,EXCLUDE,S1_PARTITION,rate,1,False,openalex,W7115570841,10.1088/1361-6463/ae2c9c,2025,Journal of Physics D Applied Physics,Nanoscale resistive switching in mixed-valence CuO <i> <sub>x</sub> </i> memristors for neuromorphic sensing–computing applications,"Abstract Memristive devices are pivotal for the next generation of neuromorphic computing systems due to their ability to mimic biological synapses. This study investigates the nanoscale resistive switching (RS) characteristics of copper oxide (CuO x ) memristors, employing conducting atomic force microscopy (cAFM) to probe the fundamental properties of a single device junction. Our research reveals that these devices exhibit robust, counter-eight-wise bipolar RS with a high on/off ratio of ∼100 at low operating voltages (±2 V) for more than 500 cycles. Beyond memory, nanoscale memristors successfully replicate key synaptic functions essential for brain-inspired computing, including potentiation, depression, spike-rate-dependent plasticity, and paired-pulse facilitation − enabled by their analog RS. Furthermore, nociceptor-like responses such as threshold detection, relaxation, and sensitization are also realized, highlighting their multifunctional neuromorphic capabilities. The devices demonstrate a very low power consumption under a single synaptic event (∼20 pJ for potentiation and ∼8 pJ for depression). The observed bipolar resistance modulation is attributed to the modulation of the Schottky barrier at the cAFM tip/CuO x nanoscale junction, driven by ionic migration under electrical bias. These findings establish CuO x as a promising material platform for energy-efficient memory and multifunctional neuromorphic devices. Furthermore, the emulation of synaptic and nociceptive behaviors within a single device provides versatile building blocks for next-generation sensing–computing architectures."
P1_psych,EXCLUDE,"S1_PARTITION,S2_PSYCH",noise,1,False,openalex,W4408430342,10.5194/egusphere-egu25-14237,2025,,The Role of Internal Climate Variability in Noise-Shaped Hysteresis Cycles of the AMOC Under Rising CO2 Forcing,"The Atlantic Meridional Overturning Circulation (AMOC), is a key tipping element of the climate system. A tipping point typically results from the interplay between external forcing (such as increased GHGs concentration or freshwater input) and the intrinsic internal variability of the system. While most studies mainly focus on identifying a critical forcing threshold (i.e. the minimal CO2 concentration or anomaly freshwater input needed for the collapse), the role of the internal climate variability remains less explored. Investigating the role of the internal variability requires performing large ensemble simulations which are&amp;#160; typically unfeasible with state-of-the-art models and traditional approaches. In our study, using an intermediate complexity model (PlaSIM-LSG, T21), once we assessed noise-induced collapse with a rare event algorithm, we investigated at which extent climate variability affects AMOC stability when CO2 forcing is applied. Traditionally, the AMOC stability landscape is investigated using single-realization hysteresis diagrams, driven by freshwater input in the North Atlantic. However, the effects of gradual CO2 forcing and, in particular, the impact of internal climate variability on the timing of AMOC tipping points have been less studied.&amp;#160; We conducted three independent hysteresis simulations, applying a slow CO2 ramp-up and ramp-down (0.2 ppm/year). Our findings reveal that internal variability strongly affects the timing of the AMOC tipping and the shape of the hysteresis cycle. In one simulation, we observed a reversed cycle, where the AMOC recovers at higher CO2 levels than at collapse. While statistical Early Warning Signals (EWS) provide some indication of approaching tipping points, the internal variability considerably reduces their predictability and introduces false positives. This suggests that AMOC behavior, when internal climate variability is considered, can differ significantly from characteristics of simpler models, and that caution is needed when interpreting results from a single-experiment realization. Moreover, the role of internal climate variability suggests that a probabilistic approach is necessary to define AMOC&amp;#8217;s &amp;#8220;safe operating space&amp;#8221;, since it might not be possible to define a single critical CO2 threshold to prevent AMOC collapse."
P1_psych,EXCLUDE,"S1_PARTITION,S2_PSYCH",noise,1,False,openalex,W4410190638,10.3760/cma.j.cn121094-20240523-00235,2025,PubMed,[Establishment and application progress of deaf animal models].,"Deafness as the most prevalent sensory defect disease, seriously affects personal life and social development, and is a major public health challenge that needs to be addressed urgently. Occupational noise-induced deafness has become the second most common occupational disease in China and has attracted much attention. Relevant animal experimental studies can provide a basis for the prevention and control of the disease. This article respectively introduces the animal strain selection, modeling methods, model identification indicators, and model applications of animal models for conductive deafness, sensorineural deafness, and mixed deafness. The aim is to provide references for establishing different types of deafness animal models and to offer scientific tools for in-depth research on the pathological mechanisms, treatment strategies, and drug screening of various types of deafness."
P1_psych,EXCLUDE,S1_PARTITION,noise,1,True,openalex,W7106340748,10.5281/zenodo.17657517,2025,Zenodo (CERN European Organization for Nuclear Research),Appendix V – Misaligned Coherence Signals,"Boundary note (added 2026-07-23): the Ω-centered empirical layer was self-retracted on 2026-05-31. Ω-centered validation is not currently supported as the active empirical basis; this record remains a historical, fixed, Ω-centered record and must not be cited as current validation. See the VOT Empirical Layer Boundary Note — https://doi.org/10.5281/zenodo.20474232. A later four-dataset head-to-head found that order gated by critical slowing does not beat free-energy signals (10.5281/zenodo.21422215, negative result). This appendix introduces the formal classification of misaligned coherence flux signals within The Pleasure Order. It defines two structurally distinct categories: False-Positive Coherence Flux (偽快) — subjective positive dC/dt generated by noise, without any increase in sustained integration. False-Negative Coherence Flux (偽苦) — subjective negative dC/dt produced by physiological or semantic turbulence, despite stable structural integration. To avoid conceptual ambiguity, this appendix adopts a firm distinction: True coherence flux is defined solely by changes in sustained integration (ΔC_structural), while subjective flux refers to any phenomenological change in dC/dt independent of structural change. Modern cognitive systems frequently confuse these signals. This misattribution generates the False Flux Loop (偽苦→偽快ループ): noise-induced false suffering → compensatory pseudo-pleasure → structural incoherence → increased vulnerability to further false suffering. The appendix situates these dynamics within the BYXCZ model, links them to predictive-coding misattribution, and establishes their role as the structural bridge between the Academic Edition and the forthcoming Applied Edition. This document formalizes the mechanism behind modern behavioral collapse and provides the conceptual foundation for education, mental health, AI alignment, and coherence-based life design. © Hiroaki (AI Philosophy Creator) © Hiroaki(AI哲学作成業) CC-BY 4.0 The Pleasure Order Coherence Flux False Pleasure / False Suffering Misaligned Coherence Signals BYXCZ Model Predictive Coding"
P1_psych,EXCLUDE,S1_PARTITION,noise,1,True,openalex,W7106281378,10.5281/zenodo.17657516,2025,Zenodo (CERN European Organization for Nuclear Research),Appendix V – Misaligned Coherence Signals,"Boundary note (added 2026-07-23): the Ω-centered empirical layer was self-retracted on 2026-05-31. Ω-centered validation is not currently supported as the active empirical basis; this record remains a historical, fixed, Ω-centered record and must not be cited as current validation. See the VOT Empirical Layer Boundary Note — https://doi.org/10.5281/zenodo.20474232. A later four-dataset head-to-head found that order gated by critical slowing does not beat free-energy signals (10.5281/zenodo.21422215, negative result). This appendix introduces the formal classification of misaligned coherence flux signals within The Pleasure Order. It defines two structurally distinct categories: False-Positive Coherence Flux (偽快) — subjective positive dC/dt generated by noise, without any increase in sustained integration. False-Negative Coherence Flux (偽苦) — subjective negative dC/dt produced by physiological or semantic turbulence, despite stable structural integration. To avoid conceptual ambiguity, this appendix adopts a firm distinction: True coherence flux is defined solely by changes in sustained integration (ΔC_structural), while subjective flux refers to any phenomenological change in dC/dt independent of structural change. Modern cognitive systems frequently confuse these signals. This misattribution generates the False Flux Loop (偽苦→偽快ループ): noise-induced false suffering → compensatory pseudo-pleasure → structural incoherence → increased vulnerability to further false suffering. The appendix situates these dynamics within the BYXCZ model, links them to predictive-coding misattribution, and establishes their role as the structural bridge between the Academic Edition and the forthcoming Applied Edition. This document formalizes the mechanism behind modern behavioral collapse and provides the conceptual foundation for education, mental health, AI alignment, and coherence-based life design. © Hiroaki (AI Philosophy Creator) © Hiroaki(AI哲学作成業) CC-BY 4.0 The Pleasure Order Coherence Flux False Pleasure / False Suffering Misaligned Coherence Signals BYXCZ Model Predictive Coding"
P2_within,EXCLUDE,"S1_PARTITION,S2_PSYCH",noise,1,False,openalex,W4411238469,10.1016/j.chaos.2025.116661,2025,Chaos Solitons & Fractals,Noise-induced ecological shifts in a prey–predator model,
P2_within,EXCLUDE,"S1_PARTITION,S2_PSYCH",noise,1,True,openalex,W4406449485,10.48550/arxiv.2501.07764,2025,arXiv (Cornell University),Deep Learning for Disease Outbreak Prediction: A Robust Early Warning Signal for Transcritical Bifurcations,"Early Warning Signals (EWSs) are vital for implementing preventive measures before a disease turns into a pandemic. While new diseases exhibit unique behaviors, they often share fundamental characteristics from a dynamical systems perspective. Moreover, measurements during disease outbreaks are often corrupted by different noise sources, posing challenges for Time Series Classification (TSC) tasks. In this study, we address the problem of having a robust EWS for disease outbreak prediction using a best-performing deep learning model in the domain of TSC. We employed two simulated datasets to train the model: one representing generated dynamical systems with randomly selected polynomial terms to model new disease behaviors, and another simulating noise-induced disease dynamics to account for noisy measurements. The model's performance was analyzed using both simulated data from different disease models and real-world data, including influenza and COVID-19. Results demonstrate that the proposed model outperforms previous models, effectively providing EWSs of impending outbreaks across various scenarios. This study bridges advancements in deep learning with the ability to provide robust early warning signals in noisy environments, making it highly applicable to real-world crises involving emerging disease outbreaks."
P2_within,EXCLUDE,"S1_PARTITION,S2_PSYCH",noise,1,True,openalex,W7115176987,10.3390/s25247580,2025,Sensors,AET-FRAP—A Periodic Reshape Transformer Framework for Rock Fracture Early Warning Using Acoustic Emission Multi-Parameter Time Series,"The timely identification of rock fractures is crucial in deep subterranean engineering. However, it remains necessary to identify reliable warning indicators and establish effective warning levels. This study introduces the Acoustic Emission Transformer for FRActure Prediction (AET-FRAP) multi-input time series forecasting framework, which employs acoustic emission feature parameters. First, Empirical Mode Decomposition (EMD) combined with Fast Fourier Transform (FFT) is employed to identify and filter periodicities among diverse indicators and select input channels with enhanced informative value, with the aim of predicting cumulative energy. Thereafter, the one-dimensional sequence is transformed into a two-dimensional tensor based on its predominant period via spectral analysis. This is coupled with InceptionNeXt—an efficient multiscale convolution and amplitude spectrum-weighted aggregate—to enhance pattern identification across various timeframes. A secondary criterion is created based on the prediction sequence, employing cosine similarity and kurtosis to collaboratively identify abrupt changes. This transforms single-point threshold detection into robust sequence behavior pattern identification, indicating clearly quantifiable trigger criteria. AET-FRAP exhibits improvements in accuracy relative to long short-term memory (LSTM) on uniaxial compression test data, with R2 approaching 1 and reductions in Mean Squared Error (MSE), Root Mean Squared Error (RMSE), and Mean Absolute Error (MAE). It accurately delineates energy accumulation spikes in the pre-fracture period and provides advanced warning. The collaborative thresholds effectively reduce noise-induced false alarms, demonstrating significant stability and engineering significance."
P2_within,EXCLUDE,"S1_PARTITION,S2_PSYCH",bifurcation,1,False,openalex,W4408427151,10.5194/egusphere-egu25-10947,2025,,Causal effect estimation for robust detection of critical slowing down,"A tipping element is a system that may pass a tipping point, that is, a threshold value of an environmental stressing condition at which a small disturbance can cause an abrupt shift of the tipping element from one state to another, accelerated by positive feedbacks. For example, under rising temperatures and increasing deforestation, the Amazon rainforest could tip from a forest state to a savanna state; one feedback involved is that fewer trees means less evapotranspiration, thus less rainfall and, finally, less trees. Therefore, the fewer trees, the harder it is for the remaining forest to adapt and survive. This phenomenon is called critical slowing down: approaching a bifurcation, a tipping system's resilience decreases, resulting in increasing autocorrelation and variance. The latter indicators are thus often measured to detect bifurcation-induced tipping and are called early-warning signals (EWS).Let us describe the dynamics of a tipping element Y&amp;#160;with the following equation: dY/dt = f(Y, r) + &amp;#951;, with r the environmental stressing condition involved in the tipping behavior and &amp;#951;&amp;#160;some noise (e.g., climate variability). Deriving EWS directly from Y's time series relies on the assumption that the noise &amp;#951; is not correlated (white-noise), otherwise any trend in &amp;#951;'s autocorrelation would be incorporated in Y's autocorrelation, even if not related to the tipping behavior contained in f(Y, r). In the Amazon rainforest example, increasing deforestation due to human activity is a part of r with a long-term effect, while e.g. ENSO also influences the forest but on short time scales and with sometimes opposite effects depending on its phase (El Ni&amp;#241;o/La Ni&amp;#241;a/neutral), and would be part of &amp;#951;. &amp;#160;If for example El-Ni&amp;#241;o's autocorrelation increases with time, the rainforest autocorrelation might also increase regardless of whether the forest is approaching the bifurcation point or not, therefore the autocorrelation would no longer reflect changes in the forest resilience.To know how far the system is from the bifurcation point, we want to measure Y's internal autocorrelation (excluding noisy influences &amp;#951;,&amp;#160;considering only f(Y, r)),&amp;#160;and thus to answer the question: ""If we intervene in the system and set the value of Y at time t-1, how does Y evolve at time t?"" This defines the direct causal effect of Yt-1&amp;#160;on Yt and comes under the heading of causal inference: we look at the influence of setting Yt-1=yt-1 on Yt, whatever the values of the other variables causing Y, which is fundamentally different from a direct measure where the value of Y at time t-1 is, in the general case, dependent on the state of the other variables. To measure how the direct causal effect of Yt-1&amp;#160;on Yt&amp;#160; evolves with time (with changing r), we use causal effect estimation, which quantifies the causal effect of hypothetical interventions in a system from observational data --the interventional distribution being rarely available in the majority of systems--- and an assumed causal graphical model that allows us to derive an adjustment expression that controls for confounders. We demonstrate the method on an ideally forced simulated system and discuss potential applications."
P2_within,EXCLUDE,"S1_PARTITION,S2_PSYCH",noise,1,True,openalex,W4413345215,10.1098/rsif.2025.0046,2025,Journal of The Royal Society Interface,Deep learning for disease outbreak prediction: a parallel LSTM-CNN model,"Early warning signals (EWSs) are vital for implementing preventive measures before a disease turns into a pandemic. While new diseases exhibit unique behaviours, they often share fundamental characteristics from a dynamical systems perspective. Moreover, measurements during disease outbreaks are often corrupted by different noise sources, posing challenges for time-series classification (TSC) tasks. In this study, we address the problem of having a robust EWS for disease outbreak prediction using a parallel long short-term memory-convolutional neural network deep learning model in the domain of TSC. We employed two simulated datasets to train the model: one representing generated dynamical systems with randomly selected polynomial terms to model new disease behaviours, and another simulating noise-induced disease dynamics to account for noisy measurements. The model's performance was analysed using both simulated data from different disease models and real-world data, including influenza, COVID-19 and monkeypox. Results demonstrate that the proposed model outperforms previous models and statistical indicators in most of the datasets, effectively providing EWSs of impending outbreaks across various scenarios. This study bridges advancements in deep learning with the ability to provide improved EWSs in noisy environments, making it highly applicable to real-world crises involving emerging disease outbreaks."
P1_psych,EXCLUDE,"S1_PARTITION,S2_PSYCH",rate,1,False,openalex,W7138449582,10.1007/s00285-026-02381-7,2026,Journal of Mathematical Biology,Rate-induced tipping in a lake eutrophication model coupled with human activities,
P1_psych,EXCLUDE,S1_PARTITION,bifurcation,1,False,openalex,W7165491320,10.5281/zenodo.20787257,2026,Zenodo (CERN European Organization for Nuclear Research),Saddle-Node Bifurcation Induces Cognitive Rigidity in a Multi-Timescale Model of Neuromodulator-Gated Synaptic Plasticity,"A 15‑dimensional dynamical system with three well‑separated timescales is reduced, via geometric singular perturbation theory and center manifold reduction, to a one‑dimensional core exhibiting saddle‑node bifurcations. The model incorporates fast neural population dynamics (thalamus, amygdala, prefrontal cortex), fast dopamine clearance, slower serotonin and norepinephrine turnover, and very slow Hebbian plasticity gated by neuromodulator‑selective pathways. The bifurcation analysis partitions the effective emotional arousal into four regimes: hypo‑arousal rigidity, a bistable window of cognitive flexibility, critical transition points, and hyper‑arousal rigidity. Hysteresis is inherent, explaining why reducing arousal alone often fails to restore flexibility. Three experimentally testable predictions are derived analytically: a sharp prefrontal jump at the critical threshold, critical slowing down with recovery time scaling as the inverse square root of the distance to the bifurcation, and accelerated synaptic consolidation under hyper‑arousal due to simultaneous saturation of neural activity and neuromodulatory gating. The persistence of these scaling laws under stochastic noise, slow adaptation, and sigmoidal nonlinearities is demonstrated numerically. The work provides a mechanistic framework for arousal‑dependent cognitive rigidity in psychiatric disorders and a biologically grounded blueprint for continual‑learning architectures that avoid catastrophic forgetting."
P1_psych,EXCLUDE,S1_PARTITION,bifurcation,1,False,openalex,W7164198172,10.5281/zenodo.20626734,2026,Zenodo (CERN European Organization for Nuclear Research),Saddle-Node Bifurcation Induces Cognitive Rigidity in a Multi-Timescale Model of Neuromodulator-Gated Synaptic Plasticity,"The brain must continually balance stable goal maintenance against flexible updating—a balance that is disrupted when extreme emotional arousal induces cognitive rigidity. The neuromodulatory mechanism that triggers this collapse remains unidentified, partly because existing computational models lack the necessary multi-timescale integration. To address this, a fifteen-dimensional dynamical system is constructed that explicitly separates three timescales: fast neural firing (τ ~ 10⁻² s), slow neuromodulator clearance (δ⁻¹ ~ 1 s), and very slow Hebbian synaptic plasticity (ε⁻¹ ~ 10³ s). A gating matrix is introduced in which dopamine, serotonin, and norepinephrine selectively enable or suppress plasticity in specific cortico-subcortical pathways via sigmoidal functions. Geometric Singular Perturbation Theory is employed to systematically separate these timescales and eliminate the slower variables, isolating a fast prefrontal-dopamine subsystem. Centre Manifold Theory then guarantees that the bifurcation found in this reduced subsystem persists in the full high-dimensional model, while a Lyapunov function is constructed to prove boundedness and to provide an energy-landscape picture of the cognitive states. The analysis reveals a pair of saddle-node bifurcations at critical arousal thresholds β_crit that partition the arousal axis into four regimes: hypo-arousal rigidity, a flexible bistable window, critical transition points, and hyper-arousal rigidity. Within the bistable window, two stable attractors allow rapid context-dependent switching; outside it, only one attractor survives, enforcing perseveration. Hysteresis prevents simple reversal: lowering arousal alone does not restore flexibility. Three experimentally testable predictions follow: a sharp prefrontal jump at the critical threshold, critical slowing down with recovery time scaling as τ_rec ~ 1/√|β - β_crit|, and markedly accelerated synaptic consolidation under hyper-arousal due to simultaneous saturation of neural activity and neuromodulatory gating. These findings provide a mechanistic diagnostic for arousal-dependent cognitive rigidity in psychiatric disorders, a real-time tension indicator for human-machine systems, and a biologically grounded blueprint for continual-learning architectures that avoid catastrophic forgetting."
P1_psych,EXCLUDE,S1_PARTITION,noise,1,False,openalex,W4415141124,10.1038/s42005-026-02645-0,2026,Communications Physics,Noise-induced quantum mpemba effect,"The quantum Mpemba effect, an anomalous relaxation phenomenon, has recently attracted much attention. However, how various types of noise, which are ubiquitous in real systems, may affect the quantum Mpemba effect remains unknown. Here, we address this gap by constructing a general dynamical framework for finite-dimensional open quantum systems under random telegraph noise. We identify a mechanism for the quantum Mpemba effect whereby noise-induced deceleration of the relaxation process in typical initial states can either induce or suppress the effect. This result underscores the potential of noise-traditionally viewed as disruptive-as a tool for manipulating relaxation pathways in quantum systems. Moreover, this mechanism leads to a counterintuitive effect—the decoherence rate may be slowed down by noise. How external noise changes the quantum Mpemba effect, where a state farther from equilibrium can relax faster, remains poorly understood. We show that random telegraph noise introduces extra dynamical modes in an enlarged description, slowing selected states and thereby inducing or suppressing this effect."
P1_psych,EXCLUDE,S1_PARTITION,rate,1,False,openalex,W7135245035,10.5194/egusphere-egu26-9816,2026,,Rate-induced tipping of ice sheets interacting with the visco-elastic solid Earth,"The future stability of the Antarctic Ice Sheet is determined by the marine ice sheet instability (MISI), an amplifying feedback, leading to potentially irreversible retreat. Glacial isostatic adjustment (GIA) potentially provides a stabilizing feedback, yet its influence on the timing and nature of ice-sheet tipping dynamics remains poorly constrained. Using an ensemble of idealized simulations in a synthetic Antarctic-type ice-sheet–shelf system, we systematically investigate how interactions between ice dynamics and the visco-elastic solid Earth affect MISI tipping dynamics under increasing basal ice-shelf melt. We find that the critical thresholds for bifurcation tipping strongly depend on the timescale and spatial extent of Earth deformation, increasing substantially (order of magnitude) relative to a fixed-bed (rigid) case.For half of the ensemble members, rate-induced tipping occurs when melt rates increase sufficiently rapidly, triggering MISI before the threshold for bifurcation tipping is reached and reducing the effective tipping threshold by up to 80%. Bed uplift cannot halt MISI once initiated, due to rapid grounding-line retreat. We further identify grounding-line overshoots and self-sustained oscillations driven solely by internal ice - Earth interactions.We find similar dynamics in more realistic simulations of the Antarctic Ice Sheet with a coupled ice sheet - solid Earth and sea-level model considering a three-dimensional Earth structure. Our results highlight that both the magnitude and rate of future climate forcing critically influence Antarctic ice-sheet stability."
P1_psych,EXCLUDE,"S1_PARTITION,S2_PSYCH",noise,1,True,openalex,W7171543711,10.6083/bpxhc45612,2026,OHSU Digital Commons,Noise-induced hearing loss in young adults,"Noise-induced hearing loss is a preventable public health concern that disproportionately affects young adults exposed to unsafe recreational noise. This community outreach project implemented an evidence-based educational intervention incorporating interactive learning strategies to improve knowledge of NIHL risk factors, early warning signs, and hearing conservation practices. Participant evaluations indicated successful achievement of learning objectives and strong intent to implement hearing protection behaviors following the intervention."
P1_psych,EXCLUDE,S1_PARTITION,rate,1,False,openalex,W7124831609,10.32942/x2kw98,2026,,How does the rate of environmental change affect density-dependent population dynamics?,"Natural populations experience variable environments. Anthropogenically driven environmental change, in particular, is expected to impose trends on key demographic parameters such as reproduction and survival. Theoretical studies of how such environmental changes affect populations have highlighted dynamical phenomena including bifurcation-related tipping points – typically identified by comparing different, but constant, environmental states – and long transients – that can arise after sudden environmental perturbations. However, real-world environmental trends are neither instantaneous nor slow enough to justify treating the environment as constant, motivating recent interest in r-tipping points – regime shifts induced by \emph{r}, the rate of environmental change in demographic parameters. Most existing work examines this phenomenon in complex ecological models and for specific values of \emph{r}. Here, we develop tools to help ecologists investigate how populations and communities respond to environmental trends across a continuum of \emph{r} values. Using a simple density-dependent model, we identify four qualitatively distinct responses to a trend as a function of \emph{r} – patterns that traditional methods fail to reveal – and we visualize them using an \emph{r-bifurcation diagram} introduced here. We also describe and mathematically explain the emergence of abrupt regime shifts linked to delayed bifurcations, revealed by a novel \emph{superimposition diagram}. These findings are robust across modelling frameworks and ecological contexts, providing new insights into interactions between short- and long-term environmental change processes."
P1_psych,EXCLUDE,"S1_PARTITION,S2_PSYCH",rate,1,False,openalex,W7135225256,10.5194/egusphere-egu26-10748,2026,,The impact of Earth structure on Antarctic ice sheet tipping thresholds,"Reducing uncertainties in the projections of the future contribution of the Antarctic Ice Sheet (AIS) to global sea-level rise is crucial for coastal communities and policymakers worldwide. Self-amplifying feedback mechanisms can lead to accelerated and irreversible ice loss once certain temperature regimes are crossed. Such tipping behaviour will ultimately lead to a new equilibrium state, even if boundary conditions remain constant. In contrast, negative feedback loops, such as the sea-level feedback due to glacial isostatic adjustment (GIA), potentially slow down the rate of ice loss by reducing the local water depth at the grounding line. The rebound rate of the bedrock following a reduction in ice mass depends heavily on the Earth structure beneath Antarctica, with mantle viscosities and corresponding response timescales that can vary laterally by two to three orders of magnitude. Yet, it is unclear whether GIA feedbacks can shift ice sheet tipping points or even prevent tipping as a result of path dependency, as bifurcation-tipping theory considers stationary states only, where the ice sheet load and solid Earth deformation are in isostatic equilibrium.By employing different Earth structures in (quasi-)equilibrium simulations and varying temperature forcing rates, using a 3D coupled ice sheet–GIA model (PISM-VILMA), we explore their influence on the AIS's stability and tipping thresholds, focusing on the West Antarctic Ice Sheet and the Wilkes Subglacial Basin. Our simulations demonstrate that the Earth structure significantly affects both the temperature threshold at which self-sustained retreat of the AIS is initiated and the long-term committed contribution to global sea-level rise; this as a result of path dependency.Moreover, our results highlight the competing timescales of ice sheet and solid Earth dynamics. We find that the rate of temperature increase represents a crucial parameter. Rate-induced tipping can lead to abrupt changes at lower thresholds than in the quasi-equilibrium case, in particular for stronger Earth structures, leading to higher sea-level contribution for the same warming levels."
P1_psych,EXCLUDE,"S1_PARTITION,S2_PSYCH",noise,1,False,openalex,W7166802126,10.3390/e28070751,2026,Entropy,Delay-Induced Hopf Bifurcation and Entropy-Based Distributional Uncertainty in a Stochastic Time-Delay Pheromone Feedback Model of Ant Foraging Dynamics,"This study proposes a stochastic time-delay pheromone feedback model to describe ant foraging dynamics, and investigates how response delays and environmental noise jointly induce stochastic oscillations and reorganize the system's probabilistic structure. By employing near-Hopf center-mode projection and stochastic averaging, we derive the first-order stochastic amplitude equation and analyze the stochastic dynamical properties near the deterministic delay-induced Hopf bifurcation. Subsequently, normalized Shannon entropy and Jensen-Shannon divergence, computed relative to a pre-Hopf stochastic stationary reference distribution, are used to quantify uncertainty expansion and distributional reorganization in the stationary amplitude distribution and reconstructed state-variable distributions. The analytical results are supported by numerical simulations, which indicate that response delay primarily determines the transition from stable foraging to oscillatory behavior, while noise intensity mainly affects the dispersion and uncertainty of the amplitude distribution. Information-theoretic metrics further reveal noise-induced uncertainty growth and delay-induced probabilistic restructuring. This study elucidates the stability regulation mechanisms of ant foraging systems under stochastic conditions from a combined dynamical and information-theoretic perspective, and provides a theoretical reference for the design of delayed feedback in swarm intelligence systems."
P1_psych,EXCLUDE,S1_PARTITION,rate,1,False,openalex,W7161812159,10.1038/s41528-026-00588-8,2026,npj Flexible Electronics,Flexible organic-inorganic hybrid charge-trap synapse for physical reservoir computing,"Abstract Flexible neuromorphic electronics are attracting increasing attention as promising platforms for bio-integrated and wearable computing. However, achieving stable and reproducible synaptic functionality on soft substrates remains challenging. This difficulty mainly originates from material instability, fabrication complexity, and limited controllability of transient charge dynamics, which hinder faithful emulation of essential synaptic behaviors such as short-term plasticity (STP). Here, we present a hybrid synaptic transistor that integrates an inorganic HfOₓ charge-trap layer with a solution-processed DPP-DTT (PDPP2T-TT-OD) organic semiconductor channel. This hybrid architecture combines the stability and reliability of HfOₓ with the processability and mechanical compliance of DPP-DTT, enabling low-temperature fabrication and reliable integration on flexible substrates. The device reproduces key biological synaptic functions through a transient hole trapping/detrapping mechanism under gate bias, exhibiting paired-pulse facilitation, post-tetanic potentiation, and spike-rate-dependent plasticity. It also demonstrates reliable potentiation and depression under repetitive pulse stimulation. Leveraging its nonlinear dynamic response and fading-memory characteristics, the device is further implemented in a physical reservoir computing (PRC) framework, achieving high recognition accuracy in Modified National Institute of Standards and Technology (MNIST) digit classification while markedly reducing computational cost and training time. Additionally, its capability to process multi-channel biological time-series was successfully validated through a surface electromyography (sEMG)-based hand gesture recognition task. The proposed device can be a promising hybrid charge-trap synapse, serving as a fundamental building block for next-generation flexible neuromorphic system."
P2_within,EXCLUDE,"S1_PARTITION,S2_PSYCH",noise,1,False,openalex,W7166175462,10.48550/arxiv.2606.26727,2026,arXiv (Cornell University),One-shot prediction of noise-induced bifurcations with reservoir computing,"Dynamical systems can exhibit complex responses when noise is injected. In particular, dynamics can be qualitatively altered by dynamic noise, a phenomenon known as noise-induced bifurcation. Predicting noise-induced bifurcations is a critical challenge in nonlinear physics. Recently, it has been reported that reservoir computing, a machine learning framework, can reconstruct the unseen global structure of a dynamical system, including bifurcations, from limited time series data. However, learning global structures in random dynamical systems has not yet been systematically addressed. In this study, we report that a simple reservoir computing framework can predict the noise-induced bifurcation structure from the time series at a single noise condition. We demonstrate dynamic noise cancellation and the reconstruction of entire noise-induced bifurcation structures, including noise-induced chaos and noise-induced order, in representative dynamical systems. Additionally, we provide a theoretical explanation for noise cancellation and demonstrate noise cancellation of a neuromorphic spintronics device. Our results provide significant insights into understanding and harnessing real-world noisy complex dynamics."
P2_within,EXCLUDE,"S1_PARTITION,S2_PSYCH",noise,1,False,openalex,W7166400083,,2026,arXiv (Cornell University),One-shot prediction of noise-induced bifurcations with reservoir computing,"Dynamical systems can exhibit complex responses when noise is injected. In particular, dynamics can be qualitatively altered by dynamic noise, a phenomenon known as noise-induced bifurcation. Predicting noise-induced bifurcations is a critical challenge in nonlinear physics. Recently, it has been reported that reservoir computing, a machine learning framework, can reconstruct the unseen global structure of a dynamical system, including bifurcations, from limited time series data. However, learning global structures in random dynamical systems has not yet been systematically addressed. In this study, we report that a simple reservoir computing framework can predict the noise-induced bifurcation structure from the time series at a single noise condition. We demonstrate dynamic noise cancellation and the reconstruction of entire noise-induced bifurcation structures, including noise-induced chaos and noise-induced order, in representative dynamical systems. Additionally, we provide a theoretical explanation for noise cancellation and demonstrate noise cancellation of a neuromorphic spintronics device. Our results provide significant insights into understanding and harnessing real-world noisy complex dynamics."
P2_within,EXCLUDE,"S1_PARTITION,S2_PSYCH",noise,1,False,openalex,W7150942693,10.5281/zenodo.19438870,2026,Zenodo (CERN European Organization for Nuclear Research),Structural Compression as an Early Warning Signal: The Compression–Response Transition Index (CRTI) for Mechanism-Specific Critical Transitions,"This paper introduces a mechanism-specific early warning framework for critical transitions in complex systems based on the concept of structural compression. While classical early warning signals (EWS) rely on critical slowing down and corresponding increases in variance and autocorrelation, these indicators fail in systems where transitions are not accompanied by amplitude amplification. We define structural compression as a reduction in the effective dimensionality of system dynamics, quantified via the spectral entropy of the rolling covariance matrix. This yields a structural measure Φ that captures the collapse of the covariance spectrum toward low-dimensional configurations. To incorporate dynamical information, we introduce a persistence-based measure R derived from the AR(1) coefficient of the leading principal component. The combined Compression–Response Transition Index (CRTI), defined as T = R / Φ, captures joint structural–dynamical degradation. To ensure statistical robustness, the covariance spectrum is interpreted within the framework of Random Matrix Theory (RMT). Using the Marchenko–Pastur bounds, noise-induced eigenvalues are separated from statistically significant structural modes, yielding a noise-corrected dimensionality estimate Φ_sig. This ensures that CRTI measures statistically resolvable structure rather than sampling noise. The framework is explicitly mechanism-specific and is particularly suited for transition classes characterized by structural compression without variance amplification. Simulation results demonstrate that Φ and CRTI provide early warning signals in regimes where classical amplitude-based indicators remain uninformative. A real-data illustration further shows the operational feasibility of the approach in multivariate financial systems. The CRTI is not proposed as a universal indicator but as a complementary diagnostic tool that extends the applicability of early warning methodology to previously undetectable transition mechanisms. Its validity is bounded by explicit statistical and structural conditions, including sufficient sample size, spectral separability, and independence between structural and dynamical measures. CRTI, structural compression, early warning signals, spectral entropy, covariance matrix, random matrix theory, Marchenko–Pastur, critical transitions, complex systems, multivariate time series, dimensionality reduction, system resilience, bifurcation analysis"
P2_within,EXCLUDE,"S1_PARTITION,S2_PSYCH",noise,1,False,openalex,W7151078114,10.5281/zenodo.19438871,2026,Zenodo (CERN European Organization for Nuclear Research),Structural Compression as an Early Warning Signal: The Compression–Response Transition Index (CRTI) for Mechanism-Specific Critical Transitions,"This paper introduces a mechanism-specific early warning framework for critical transitions in complex systems based on the concept of structural compression. While classical early warning signals (EWS) rely on critical slowing down and corresponding increases in variance and autocorrelation, these indicators fail in systems where transitions are not accompanied by amplitude amplification. We define structural compression as a reduction in the effective dimensionality of system dynamics, quantified via the spectral entropy of the rolling covariance matrix. This yields a structural measure Φ that captures the collapse of the covariance spectrum toward low-dimensional configurations. To incorporate dynamical information, we introduce a persistence-based measure R derived from the AR(1) coefficient of the leading principal component. The combined Compression–Response Transition Index (CRTI), defined as T = R / Φ, captures joint structural–dynamical degradation. To ensure statistical robustness, the covariance spectrum is interpreted within the framework of Random Matrix Theory (RMT). Using the Marchenko–Pastur bounds, noise-induced eigenvalues are separated from statistically significant structural modes, yielding a noise-corrected dimensionality estimate Φ_sig. This ensures that CRTI measures statistically resolvable structure rather than sampling noise. The framework is explicitly mechanism-specific and is particularly suited for transition classes characterized by structural compression without variance amplification. Simulation results demonstrate that Φ and CRTI provide early warning signals in regimes where classical amplitude-based indicators remain uninformative. A real-data illustration further shows the operational feasibility of the approach in multivariate financial systems. The CRTI is not proposed as a universal indicator but as a complementary diagnostic tool that extends the applicability of early warning methodology to previously undetectable transition mechanisms. Its validity is bounded by explicit statistical and structural conditions, including sufficient sample size, spectral separability, and independence between structural and dynamical measures. CRTI, structural compression, early warning signals, spectral entropy, covariance matrix, random matrix theory, Marchenko–Pastur, critical transitions, complex systems, multivariate time series, dimensionality reduction, system resilience, bifurcation analysis"
P2_within,EXCLUDE,"S1_PARTITION,S2_PSYCH",noise,1,False,openalex,W7168289422,10.1016/j.nls.2026.100174,2026,Nonlinear science.,"Phase-space structure, basins of attraction, and noise-induced dynamics in a magnetically coupled two-degree-of-freedom oscillator",
P2_within,EXCLUDE,"S1_PARTITION,S2_PSYCH",noise,1,False,openalex,W7134992266,,2026,arXiv (Cornell University),Geometric early warning indicator from stochastic separatrix structure in a random two-state ecosystem model,"Under-ice blooms in the Arctic can develop rapidly under conditions where conventional early warning signals based on critical slowing down fail due to strong noise or limited observational records. We analyze noise-induced transitions in a temperature phytoplankton stochastic differential equation model exhibiting bistability between background and bloom states. The committor function defines a stochastic separatrix as its 1/2-isocommittor, and the normal width of the associated transition layer yields a geometric indicator via arc-length averaging. Under systematic variation of noise intensity, this indicator scales linearly with noise strength, while the logarithm of the mean first passage time follows the Freidlin-Wentzell asymptotic law. Eliminating the noise parameter produces an affine scaling between the logarithmic transition time and the inverse square of the geometric indicator. The relation is robust under variations in discretization, neighborhood definition, and diffusion structure, and holds in the weak noise regime where the transition-layer width scales linearly with noise strength. Unlike variance or lag-one autocorrelation, the geometric indicator remains well defined when rapid transitions preclude reliable time-series estimation. These results provide a geometrically interpretable precursor of bloom onset that may support model-based ecological monitoring in high-variability Arctic systems."
P2_within,EXCLUDE,"S1_PARTITION,S2_PSYCH",noise,1,False,openalex,W7134971843,10.48550/arxiv.2603.08861,2026,arXiv (Cornell University),Geometric early warning indicator from stochastic separatrix structure in a random two-state ecosystem model,"Under-ice blooms in the Arctic can develop rapidly under conditions where conventional early warning signals based on critical slowing down fail due to strong noise or limited observational records. We analyze noise-induced transitions in a temperature phytoplankton stochastic differential equation model exhibiting bistability between background and bloom states. The committor function defines a stochastic separatrix as its 1/2-isocommittor, and the normal width of the associated transition layer yields a geometric indicator via arc-length averaging. Under systematic variation of noise intensity, this indicator scales linearly with noise strength, while the logarithm of the mean first passage time follows the Freidlin-Wentzell asymptotic law. Eliminating the noise parameter produces an affine scaling between the logarithmic transition time and the inverse square of the geometric indicator. The relation is robust under variations in discretization, neighborhood definition, and diffusion structure, and holds in the weak noise regime where the transition-layer width scales linearly with noise strength. Unlike variance or lag-one autocorrelation, the geometric indicator remains well defined when rapid transitions preclude reliable time-series estimation. These results provide a geometrically interpretable precursor of bloom onset that may support model-based ecological monitoring in high-variability Arctic systems."
P2_within,EXCLUDE,"S1_PARTITION,S2_PSYCH",bifurcation,1,False,openalex,W7135227806,10.5194/egusphere-egu26-6719,2026,,Probabilistic prediction of tipping points in Earth system with deep learning,"Abrupt transitions in the Earth system can arise from bifurcation-induced tipping, rapid forcing rates, or noise-driven excursions, making early warning inherently probabilistic. Using the Atlantic Meridional Overturning Circulation (AMOC) as a case study, we run large ensemble simulations of a calibrated AMOC model under time-varying freshwater forcing and stochastic perturbations. Even under identical forcing scenarios, only a subset of ensemble members undergoes a tipping transition, highlighting an intrinsically stochastic regime. In this setting, conventional early-warning signals based on critical slowing down (CSD, e.g., increasing lag-1 autocorrelation and variance) show limited prediction ability and are easily confounded by non-stationary forcing and noise. We develop a deep-learning (DL) indicator trained on labeled ensemble trajectories to distinguish transitioning from non-transitioning dynamics using sliding windows of time series, thereby capturing high-order temporal statistics beyond traditional early-warning indicators. In application, the model outputs trajectory-specific probabilities of tipping in real time, enabling probabilistic warnings ahead of tipping. Across a range of freshwater forcing pathways and noise amplitudes, the DL indicator provides earlier and more robust probabilistic forecasts than CSD indicators and supports a probabilistic interpretation of safe operating boundaries. The framework is transferable to other Earth system components where tipping risk must be assessed under uncertainty from stochastics and forcing."
P2_within,EXCLUDE,"S1_PARTITION,S2_PSYCH",noise,1,True,openalex,W7135226330,10.5194/egusphere-egu26-12168,2026,,TipPFN and TipBox: Early tipping point detection using in-context learning,"Climate tipping points emerge from nonlinear feedbacks that can trigger abrupt and potentially irreversible transitions in the Earth system, with far-reaching societal and environmental consequences. Anticipating such critical transitions in complex, high-dimensional systems remains a central challenge. While traditional early-warning indicators rely on assumptions of stationarity, long time series, and simple bifurcation structures. Because these assumptions rarely hold in real data, machine learning approaches have emerged as an alternative, but typically require training data from the specific systems under study, limiting their generalizability.Here, we present TipBox and TipPFN. TipBox is an open-source, JAX-based repository containing a collection of simple dynamical systems and box models designed for accelerated generation of synthetic data. It enables efficient simulation of deterministic and stochastic systems exhibiting a wide range of bifurcation behaviour such as fold, Hopf, rate- and noise-induced tipping. Since TipBox is differentiable out-of-the-box, it enables easy parameter sensitivity tests for tipping point studies especially when different box models are coupled together.Building on this synthetic data foundation, we develop TipPFN, a Prior-Data Fitted Network (PFN) approach based on a transformer machine learning architecture that performs approximate Bayesian inference via in-context learning. Trained on carefully selected synthetic dynamical systems, during inference it conditions on a short context of noisy observed data and produces a probabilistic forecast in a single forward pass based on synthetic priors generated from TipBox. This enables fast and computationally cheap probabilistic prediction on systems not seen during training, including time-to-tip as well as the type of tipping point. We validate our approach on three systems spanning different domains: an AMOC box model representing climate tipping elements, a predator-prey system from ecology, and a simplified power-grid model from infrastructure research. Preliminary results indicate that our PFN-based predictor generalizes to these complex test cases despite being trained exclusively on the simpler systems in TipBox. Benchmarking against state-of-the-art machine learning approaches shows promising results. We observe improved performance over traditional variance- and autocorrelation-based EWS, particularly under noisy conditions. Ongoing work evaluates conditional probabilistic predictions of the effects of changes in forcing on tipping dynamics.Overall, we show that TipBox and TipPFN enable robust inference of tipping points on previously unseen systems with models trained purely on synthetic data without the need for additional retraining. This capability is especially powerful for the climate system where direct real-world observations of crucial tipping elements are unavailable but their prior proxies are."
P2_within,EXCLUDE,"S1_PARTITION,S2_PSYCH",noise,1,False,openalex,W7161627961,10.64898/2026.05.17.725717,2026,bioRxiv (Cold Spring Harbor Laboratory),Noise and determinism in Trinidadian guppy population dynamics,"Abstract Natural populations are often nonlinear and exhibit substantial variability. A central question is how stochasticity interacts with density-dependent regulation to shape population stability. We address this using four long-term time series of Trinidadian guppies and find that their dynamics are well described by a stochastic logistic model with multiplicative environmental noise. The model predicts that stochasticity does not merely add fluctuations around deterministic carrying capacity, but alters the equilibrium structure. Using stochastic bifurcation theory, we show that increasing noise shifts the most-probable population size below the deterministic equilibrium and can push populations closer to a noise-induced bifurcation, even when mean growth rates remain positive. The effects of stochasticity across populations align with known ecological differences among streams, particularly the effects of light level and seasonality. The analysis also identifies populations most sensitive to perturbations, which are not detected by standard early warning indicators. Temporal and spectral analyses further show that intrinsic growth rate governs local recovery, while seasonal variation interacts with density-dependence to shape longer-term population fluctuations. Together, our results show that stochasticity can alter resilience and vulnerability by reshaping ecological stability landscapes."
P2_within,EXCLUDE,"S1_PARTITION,S2_PSYCH",noise,1,False,openalex,W7128528305,10.3390/e28020195,2026,Entropy,The Information Dynamics of Generative Diffusion,"Generative diffusion models have emerged as a powerful class of models in machine learning, yet a unified theoretical understanding of their operation is still developing. This paper provides an integrated perspective on generative diffusion by connecting the information-theoretic, dynamical, and thermodynamic aspects. We demonstrate that the rate of conditional entropy production during generation (i.e., the generative bandwidth) is directly governed by the expected divergence of the score function's vector field. This divergence, in turn, is linked to the branching of trajectories and generative bifurcations, which we characterize as symmetry-breaking phase transitions in the energy landscape. Beyond ensemble averages, we demonstrate that symmetry-breaking decisions are revealed by peaks in the variance of pathwise conditional entropy, capturing heterogeneity in how individual trajectories resolve uncertainty. Together, these results establish generative diffusion as a process of controlled, noise-induced symmetry breaking, in which the score function acts as a dynamic nonlinear filter that regulates both the rate and variability of information flow from noise to data."
P2_within,EXCLUDE,"S1_PARTITION,S2_PSYCH",noise,1,False,openalex,W7118204645,10.20944/preprints202601.0131.v1,2026,Preprints.org,The Information Dynamics of Generative Diffusion,"Generative diffusion models have emerged as a powerful class of models in machine learning, yet a unified theoretical understanding of their operation is still developing. This paper provides an integrated perspective on generative diffusion by connecting the information-theoretic, dynamical, and thermodynamic aspects. We demonstrate that the rate of conditional entropy production during generation (i.e. the generative bandwidth) is directly governed by the expected divergence of the score function's vector field. This divergence, in turn, is linked to the branching of trajectories and generative bifurcations, which we characterize as symmetry-breaking phase transitions in the energy landscape. Beyond ensemble averages, we demonstrate that symmetry-breaking decisions are revealed by peaks in the variance of pathwise conditional entropy, capturing heterogeneity in how individual trajectories resolve uncertainty. Together, these results establish generative diffusion as a process of controlled, noise-induced symmetry breaking, in which the score function acts as a dynamic nonlinear filter that regulates both the rate and variability of information flow from noise to data."
P2_within,EXCLUDE,"S1_PARTITION,S2_PSYCH",noise,1,True,openalex,W7166351713,10.61096/ijamscr.v14.iss2.2026.1031-1037,2026,International Journal of Allied Medical Sciences and Clinical Research,Auditory Changes as Early Markers of Hearing Loss in Individuals Using Personal Music Devices,"Personal Music Devices (PMDs) among young adults have raised concerns regarding early signs of auditory changes that can lead to permanent Hearing Loss (HL). The present study was aimed to investigate the frequency and severity of self-perceived auditory symptoms due to PMD use and its relationship to the duration of exposure. An online survey of 63 PMD users aged 18-30 years was carried out. Participants were divided into four groups according to the duration of PMD use per day: &gt;5 hr/day (n = 6), 3–5 hr/day (n = 14), 1–3 hr/day (n = 17), and &lt;1 hr/day (n = 26). The auditory symptoms included tinnitus, muffled hearing, ear fullness, difficulty hearing in noise, hyperacusis, and need for increased volume over time. Structured rating scales were used to measure the frequency and severity of the symptoms. Differences were found in the frequency of difficulty hearing in noise (H = 8.545, p = 0.036), hyperacusis (H = 8.484, p = 0.037), and need for increased volume over time (H = 8.900, p = 0.031). Severity of hyperacusis was found to have significant association with the duration of PMD use with highest severity (H = 8.425, p = 0.038) in the group with PMD usage for &gt;5 hours per day. Tinnitus, muffled hearing, and ear fullness were found not to be significant. The results of present study indicated that prolonged PMD use is related to early signs of auditory changes that can lead to permanent HL, highlighting the necessity to consider subclinical auditory symptoms as early warning signs for the onset of Noise Induced HL (NIHL)."
P1_psych,EXCLUDE,S1_PARTITION,,0,False,openalex,W2049970371,10.1044/jshd.2404.330,1959,Journal of Speech and Hearing Disorders,Preferred Method For Clinical Determination Of Pure-Tone Thresholds,"No AccessJournal of Speech and Hearing DisordersResearch Article1 Nov 1959Preferred Method For Clinical Determination Of Pure-Tone Thresholds Raymond Carhart, and James F. Jerger Raymond Carhart Google Scholar and James F. Jerger Google Scholar https://doi.org/10.1044/jshd.2404.330 SectionsAboutPDF ToolsAdd to favoritesDownload CitationTrack Citations ShareFacebookTwitterLinked In Additional Resources FiguresReferencesRelatedDetailsCited by PLOS ONE18:3 (e0283519)28 Mar 2023Validation of web-based audiometry version of HEARZAPPandi Renganath P., Vidya Ramkumar and Annalisa Pace JAMA Network Open6:3 (e233061)15 Mar 2023Peripheral Auditory Function in Tanzanian Children Living With HIV With Clinically Normal HearingChristopher E. Niemczak, Christin Ealer, Abigail Fellows, Albert Magohe, Jiang Gui, Catherine Rieke, Trent Nicol, Enica R. Massawe, Nina Kraus and Jay C. Buckey International Journal of Audiology (1-6)27 Feb 2023Digits in noise testing in a multilingual sample of Asian adultsJeremy Chee, Robert H. Eikelboom, Cas Smits, De Wet Swanepoel, Shiou Liang Wee, Tze Pin Ng and Rebecca L. Heywood International Journal of Environmental Research and Public Health20:5 (3826)21 Feb 2023Prevalence of Hearing Loss and Perceptions of Hearing Health and Protection among Florida FirefightersBarbara Millet, Hillary A. Snapp, Suhrud M. Rajguru and Natasha Schaefer Solle Clinical Neurophysiology1 Feb 2023Onset-offset cortical auditory evoked potential amplitude differences indicate auditory cortical hyperactivity and reduced inhibition in people with tinnitusKenneth Morse and Kathy R. Vander Werff International Journal of Audiology (1-6)20 Jan 2023A Central Auditory Test reveals differences between drug treatment regimens in adults living with HIVChristopher E. Niemczak, Yi Zhan, Junkun Ren, Fengxiang Song, Hongzhou Lu, Guochao Chen, Abigail M. Fellows, Jiang Gui, Sigfrid D. Soli, Jay C. Buckey and Yuxin Shi Frontiers in Neuroscience1617 Jan 2023Spatial rehabilitation using virtual auditory space training paradigm in individuals with sensorineural hearing impairmentKavassery Venkateswaran Nisha, Ajith Kumar Uppunda and Rakesh Trinesh Kumar Environmental Health Perspectives131:3The Health Effects of 72 Hours of Simulated Wind Turbine Infrasound: A Double-Blind Randomized Crossover Study in Noise-Sensitive, Healthy AdultsNathaniel S. Marshall, Garry Cho, Brett G. Toelle, Renzo Tonin, Delwyn J. Bartlett, Angela L. D'Rozario, Carla A. Evans, Christine T. Cowie, Oliver Janev, Christopher R. Whitfeld, Nick Glozier, Bruce E. Walker, Roo Killick, Miriam S. Welgampola, Craig L. Phillips, Guy B. Marks and Ronald R. Grunstein Trends in Hearing27 (233121652311609)1 Jan 2023U.S. Population Data on Hearing Loss, Trouble Hearing, and Hearing-Device Use in Adults: National Health and Nutrition Examination Survey, 2011–12, 2015–16, and 2017–20Larry E. Humes Ear & HearingPublish Ahead of Print5 Apr 2023Asymmetric Hearing Loss in Adult Cochlear Implant Recipients: Results and Recommendations From a Multisite Prospective Clinical TrialJill B. Firszt, Laura K. Holden, Noël Y. Dwyer, Ruth M. Reeder and Michael J. Strube Indian Journal of Otolaryngology and Head & Neck Surgery30 Dec 2022Effect of Contralateral Acoustic Stimulation on Temporal Processing Abilities in Individuals with Normal HearingPraveen Prakash, Adithya Sreedhar, Abishek Umashankar and Prashanth Prabhu International Journal of Audiology (1-11)28 Dec 2022ABO blood group and cochlear function: evidence from a large sample size studyChanggeng Mo, Ting Fung Ma and Bradley McPherson Indian Journal of Otolaryngology and Head & Neck Surgery20 Dec 2022Effect of Age and Hearing Loss on Auditory Processing SkillsGeetha Chinnaraj, Chandni Jain, Keerthi Sringari Parameshwara and Rakesh Trinesh Frontiers in Neurology139 Dec 2022Associations of audiometric hearing and speech-in-noise performance with cognitive decline among older adults: The Baltimore Longitudinal Study of Aging (BLSA)Kening Jiang, Nicole M. Armstrong, Yuri Agrawal, Alden L. Gross, Jennifer A. Schrack, Frank R. Lin, Luigi Ferrucci, Susan M. Resnick, Jennifer A. Deal and Danielle S. Powell American Journal of Audiology31:4 (1098-1115)5 Dec 2022Effect of Occupational Noise Exposure on Cognition and Suprathreshold Auditory Skills in Normal-Hearing IndividualsSahana Vasudevamurthy and Ajith Kumar U. The Egyptian Journal of Otolaryngology38:11 Dec 2022Audio-vestibular manifestations in Kawasaki disease (KD): a rare atypical case presentationR. Mayuri Rao, E. R. Rajils Raveendran, K. Nidha, K. Namitha, P. Prashanth Prabhu and K. V. Nisha The Egyptian Journal of Otolaryngology38:11 Dec 2022High-frequency audiometry, speech perception in quiet and noise, and vestibular-evoked myogenic potential in women with polycystic ovary syndromeKumari Apeksha, Ananya Basappa and Darshan Devananda Indian Journal of Otolaryngology and Head & Neck Surgery74:S3 (4100-4105)1 Dec 2022Effect of Efferent Stimulation on the Differential Sensitivity i"
P1_psych,EXCLUDE,"S1_PARTITION,S2_PSYCH",,0,False,openalex,W1995125132,10.1016/0020-7403(80)90018-1,1980,International Journal of Mechanical Sciences,Limit strain predictions for strain-rate sensitive anisotropic sheets,
P1_psych,EXCLUDE,"S1_PARTITION,S2_PSYCH",,0,False,openalex,W1978298008,10.1007/bf02058429,1988,Heart and Vessels,Hemodynamic stress in terminal saccular aneurysms: A laser-doppler study,
P1_psych,EXCLUDE,"S1_PARTITION,S2_PSYCH",,0,False,openalex,W2018487600,10.1007/bf01409897,1988,Acta Neurochirurgica,Haemodynamic stress in terminal aneurysms,
P1_psych,EXCLUDE,"S1_PARTITION,S2_PSYCH",,0,False,openalex,W2006775209,10.1007/bf01044710,1989,Journal of Statistical Physics,Noise and superfluid turbulence in He II: Theory,
P1_psych,EXCLUDE,"S1_PARTITION,S2_PSYCH",,0,False,openalex,W2027166073,10.1016/0921-5093(94)90970-9,1994,Materials Science and Engineering A,Modelling of dislocation mobility controlled brittle-to-ductile transition,
P2_within,EXCLUDE,"S1_PARTITION,S2_PSYCH",,0,False,openalex,W2134863239,10.1103/physreve.50.1851,1994,"Physical review. E, Statistical physics, plasmas, fluids, and related interdisciplinary topics",Estimation of the dimension of a noisy attractor,"A simple method is proposed to estimate the correlation dimension of a noisy chaotic attractor. The method is based on the observation that the noise induces a bias in the observed distances of trajectories, which tend to appear farther apart than they are. Under the assumption of noise being strictly bounded in amplitude, this leads to a rescaling of interpoint distances on the attractor. A correlation integral function is obtained that accounts for this effect of noise. The applicability of the method is illustrated with two examples, viz., the Lorenz attractor with additive noise and experimental time series of pressure fluctuation data measured in gas-solid fluidized beds."
P2_within,EXCLUDE,"S1_PARTITION,S2_PSYCH",,0,True,openalex,W2045446840,10.1016/0304-3800(94)90016-7,1994,Ecological Modelling,Nonlinear time series analysis of empirical population dynamics,
P1_psych,EXCLUDE,"S1_PARTITION,S2_PSYCH",,0,True,openalex,W2025235255,10.2118/36438-ms,1996,SPE Annual Technical Conference and Exhibition,Equilibrium Minifracturing Test and Analysis,"Abstract This work presents a new type of in-situ test for determining growth parameters for a hydraulic fracture. The equilibrium minifrac test discussed in this work (1) more directly measures fluid-loss rate than does the commonly used pump-in/shut- in test and (2) maintains a constant or near-constant pressure drop between the fracture and the reservoir boundary, eliminating the need to consider pressure dependencies of fluid, formation, and filtercake properties in the analyses. This work also presents techniques that are developed in this study for analyzing the in-situ test. These techniques (1) do not require knowledge of the relationship between fluid-loss rate and pressure, (2) are independent of fracture growth behavior, (3) allow the use of most any fracture growth model or simulator, (4) are independent of rock behavior, (5) do not require knowledge of in-situ fluid-flow parameters, and (6) do not require knowledge of fracture height. Introduction With very few exceptions, hydraulic fractures are created in porous, permeable formations. Because the pressure required to fracture a formation exceeds the pressure of the fluid originally contained in the formation, the fracturing fluid has a tendency to leak off at rates dependent on properties of the fracturing fluid, the formation, and the formation fluids. Proper design of hydraulic fracturing treatments requires accurate prediction of the rate at which the fracturing fluid leaks off. The fluid-loss rate directly affects the amount of fluid available for further fracture extension, in turn affecting the size of the created fracture or conversely, the fluid volume needed to create a fracture of given dimensions. In addition, in proppant fracturing the fluid-loss rate determines the volume of pad fluid required to prevent proppant bridging at the fracture tip. The fluid-loss rate also determines how the proppant concentrates as the fluid moves down the fracture. This, in turn, affects the friction loss in the fracture and the pumpability of the fluid, as well as the conductivity of the induced fracture. In acid fracturing, the fluid-loss rate affects the rate of acid transfer to the fracture face. Until 1979, fluid-loss rates were exclusively determined using coefficients obtained by combining laboratory-determined empirical coefficients with theoretically calculated coefficients. The laboratory-determined coefficients were used to characterize the filtercake-building properties of the fracturing fluid and fluid-loss control additive system. The calculated coefficients, used to characterize the resistances due to flow of the filtrate into the formation and to compression of the reservoir fluid, were determined from properties such as assumed filtrate viscosity; reservoir fluid viscosity; reservoir permeability, porosity, and compressibility; and the differential pressure between the fracture and the reservoir boundary; all of which are assumed to remain constant. The only verification of the calculated fluid-loss behavior was whether the fracturing treatment could be performed as planned; however, this assumed that all other factors in the design process, such as model applicability, fracture height, etc., were correct. In 1979, pump-in/shut-in analyses were introduced as means for determining certain fracture-growth parameters, primarily the effective fluid-loss coefficient and fracturing fluid efficiency, from the pressure decline during the shut-in period following a fracturing treatment. The analysis of pressure decline data, particularly that taken following smaller (minifracture) treatments performed before the main fracturing treatment, has become well accepted and is often performed in the petroleum industry. Although many analysis techniques have been developed to overcome shortcomings of the original pump-in/shut-in analysis or extend its applicability, a number of limitations remain. This work introduces a new type of fracture test that overcomes many of these limitations through a more direct measurement of the fluid-loss rate. P. 225"
P2_within,EXCLUDE,"S1_PARTITION,S2_PSYCH",,0,False,openalex,W1872114989,10.1007/bfb0105999,1997,Lecture notes in physics,Resonance phenomena induced by correlated parametric noise,
P2_within,EXCLUDE,"S1_PARTITION,S2_PSYCH",,0,False,openalex,W4231780038,10.1007/978-3-662-14148-9_16,1997,Lecture notes in physics,Resonance Phenomena Induced by Correlated Parametric Noise,
P2_within,EXCLUDE,"S1_PARTITION,S2_PSYCH",,0,False,openalex,W2054463585,10.1902/jop.1998.69.5.547,1998,Journal of Periodontology,Working Parameters of a Magnetostrictive Ultrasonic Sealer Influencing Root Substance Removal In Vitro,"This study assessed defect depth and volume resulting from root instrumentation using a magnetostrictive ultrasonic scaler with a slim scaling tip (P 12) in vitro. Combinations of the following working parameters were analyzed: lateral forces of 0.5 N, 1 N, and 2 N; tip angulations of 0 degrees, 45 degrees, and 90 degrees; power settings of low, medium, and high; and instrumentation time of 10, 20, 40, and 80 seconds. Defects were quantified using a 3-dimensional optical laser scanner. Lateral force had the greatest influence on defect volume compared to tip angulation and power setting (beta-weights 0.53+/-0.04, 0.17+/-0.04, and 0.19+/-0.04, respectively). Lateral force and tip angulation had similar effects on defect depth, but both effects were greater compared to power setting (beta-weights 0.43+/-0.04, 0.49+/-0.04, and 0.19+/-0.04, respectively). The various combinations of the assessed working parameters showed synergistic effects resulting in a wide range of defect depths (14.1+/-1.7 microm to 410.5+/-51.1 microm) and volumes (0.0084+/-0.0057 mm3 to 1.3+/-0.079 mm3). Severe root damage (defect depth >50 microm) at 40 seconds instrumentation time occurred under most combinations of lateral force, angulation, and power settings. The only exceptions were combinations of: 1) 0 degrees angulation, 0.5 N and 1 N lateral force at any power setting and 2) 45 degrees angulation, 0.5 N lateral force at low and medium power setting. The efficacy of the assessed magnetostrictive ultrasonic scaler may be adapted to the various clinical needs by adjusting the lateral force, tip angulation, and power setting."
P1_psych,EXCLUDE,"S1_PARTITION,S2_PSYCH",,0,False,openalex,W2067594536,10.1016/s0030-4018(99)00425-3,1999,Optics Communications,Attractors and basins of the locking–unlocking bistability in a semiconductor laser subject to strong optical injection,
P1_psych,EXCLUDE,S1_PARTITION,,0,True,openalex,W2126084639,10.1016/s0008-6363(01)00197-3,2001,Cardiovascular Research,Dispersion of ventricular repolarization and refractory period,"Time for primary review 34 days. In their classic studies published in 1964, Han, Moe and co-workers [1,2] established an association between nonuniform recovery of excitability and lowered fibrillation threshold. They concluded that “those agencies known to favour the development of ventricular fibrillation were found to increase the temporal dispersion of recovery of excitability, whether the average refractory period was reduced … or increased…. The results emphasise the importance of nonuniformity of excitability and conduction velocity during the relative refractory period in the induction of turbulent impulse propagation.” The purpose of this review is to describe the basis of dispersion in recovery of excitability in the ventricle and its association with arrhythmogenesis. Ventricular tachyarrhythmias are readily generated not only in acute ischaemia/infarction but also in hearts that have undergone remodelling following myocardial infarction [3–5]. Life-threatening arrhythmias are commonly seen in patients with previous myocardial infarction in the absence of new ischaemic events, as evidenced by the ability to initiate sustained ventricular tachycardia by programmed stimulation [6]. The risk of ventricular arrhythmias and sudden death in heart failure is inversely proportional to the left ventricular ejection fraction [7]. However, the Veterans Heart Failure Trial and other studies suggest that the proportion of deaths that are sudden is higher in patients with less severe LV dysfunction [8]. Such individuals are less likely to die from pump failure, hence they are at greater relative (but not absolute) risk of sudden death in comparison with patients with advanced heart failure. The classical prerequisites for the development of reentry are the presence of a potential circuit around an anatomical obstacle, unidirectional block, and sufficiently slow conduction to enable recovery of excitability in time for reexcitation by the depolarizing wavefront [9]. A feature of this type of reentry is the presence of an excitable gap between the repolarising tail and the head of the next depolarizing wave. Impulses originating outside the reentry circuit may depolarise the tissue in the excitable gap and influence the rhythm. Even in the absence of an anatomical obstacle, differences in conduction velocity due to altered cellular connections or asymmetrical damage and depression of electrophysiological properties in myocardial tissue may result in unidirectional block [10,11]. This mechanism, known as anisotropic reentry, also demonstrates an excitable gap. In contrast, Allessie et al. [12] showed that reentry could arise in the absence of an anatomical obstacle or pre-existing differences in conduction velocity, solely on the basis of temporal differences in recovery of excitability. In their study, a dispersion of refractory period of 11–16 ms was sufficient to produce reentry around a line of conduction block of approximately 5 mm following premature stimulation. This type of mechanism is described as functional or ‘short excitable gap’ reentry [9,13] In this instance, the unidirectional block is transient and slow conduction is dependent on encroachment into the relative refractory period. Action potential duration (APD) is the time interval from the onset of phase 0 to the return of membrane potential to the resting level. Because completion of repolarization is difficult to identify precisely, it is common to measure APD to the point of 90% repolarization. We shall refer to this moment as the repolarization time. Refractory period refers to the interval from depolarization to the recovery of excitability. In normally polarised cells there is a close temporal relationship between APD and effective refractory period such that the two are often used as estimates of each other. The close relationship between repolarization and the recovery of excitability is disturbed in depolarised and/or ischaemic myocardium (see Section 8). Repolarization time and refractory period may be measured in a variety of ways. Although an exhaustive account of techniques is beyond the scope of this article, their applicability to the measurement of dispersion is discussed below and summarised in Table 1. Techniques for measurement of repolarization time and refractory period After dissociation. Techniques for measurement of repolarization time and refractory period After dissociation. Intracellular microelectrode recording is the traditional method for measuring APD. However, the difficulty in maintaining multiple stable impalements severely limits its value in the measurement of dispersion of repolarization in whole tissue. Measurements on isolated cells are more straightforward. Myocytes are normally isolated from the whole left ventricle, but if regional differences are to be studied, tissue is cut from defined areas of the heart following enzymatic digestion. In general, the quoted values of APD are derived from measurements"
P1_psych,EXCLUDE,S1_PARTITION,,0,True,openalex,W2319300458,10.1097/01.hj.0000292767.75132.ad,2003,The Hearing Journal,ADA looks to AuDNet to help audiology control its destiny,"From the Elvis impersonator at the Wednesday night reception to the hula-hoops and the Honeymooners poster on the speaker's platform during Thursday's opening session, it seemed that the 2003 Annual Convention of the Academy of Dispensing Audiologists (ADA) might be an exercise in nostalgia. But first impressions proved misleading. Except for the sock hop that closed the convention, virtually everything else during the gathering held October 8–12 in Fort Myers, FL, focused squarely on the future of the academy, audiology, and the AuD. There were many ways in which the meeting, which attracted 684 people (including 217 exhibitors), looked ahead. For example, in his keynote address, “Marketing for Monday Morning,” Stephen Tweed, a healthcare strategist, told listeners, “You have to anticipate what may happen in the future so you can be prepared.” Tweed advised audiologists to develop “a clear mental picture of a possible and desirable future—the dream. The more clearly you create that vision, the more likely it is to become a reality.” Craig Johnson, AuD, the long-time legislative affairs chair, reported that a desirable vision will soon be a reality in Washington, as two measures that ADA has lobbied for seem likely to be approved. By the end of 2003, he said, audiologists will no longer have to hold the CCC-A in order to be Medicaid providers. Johnson also predicted the eventual passage—though probably not before 2005—of legislation allowing Medicare patients direct access to audiologists, without need for a medical referral. Mindful that today's students are the practitioners of the future, ADA has begun an outreach program to ease their transition into the profession. Robert Manning, AuD, who heads the program, reported that the academy had sponsored attendance at the convention for 34 students enrolled in residential doctor of audiology programs. Manning, the immediate past president, said that more than 75 ADA members are volunteering to mentor individual AuD students. He added that when these new doctors enter practice, they will be encouraged to call on their mentors for advice and support.Figure: Gretchen Syfert and her husband, Ken Clark (left), and Carol and Joe Webster got into the 50s spirit at the sock hop.Figure: Cynthia Ellison presents the first Doerfler Award to Kenneth Lowder.In a separate program on an issue that will affect the future of audiologists, ADA leaders were joined by Angela Loavenbruck, EdD, past president of the American Academy of Audiology (AAA), in discussing the Ethical Practices Guidelines that the two organizations have developed together. The guidelines, which were first presented at the AAA convention in April, specifically address relationships between audiologists and their suppliers. However, more than anything else at the convention, it was the AuDNet program and what ADA hopes it can contribute to the future of audiology that took center stage. “TIME TO TAKE CONTROL” In addressing the opening session, Craig Johnson, the convention chair, reminded listeners that the academy has a long history of “taking control of our profession.” It was ADA, he pointed out, that led the battle to allow audiologists to dispense hearing aids for profit and ADA that launched and spearheaded the campaign to make the AuD the professional degree in audiology. Now, he said, “It is time once again to take control of our destiny.” And, the way to do it, he contended, is through AuDNet, Inc. AuDNet, which was unveiled at the 2002 ADA meeting and is now fully operational, is a private organization that serves members of ADA exclusively. It is, in part, a buying group, which by purchasing hearing aids and other products in bulk can offer ADA members reduced prices. However, AuDNet is designed to be much more than a buying group. Eventually it is expected to offer members marketing support, research findings, and financial services. Also, a 5% share of AuDNet's revenues goes to ADA, which will use it to fund various programs that benefit members, including a campaign to promote audiology and the AuD. Branding campaign planned During her address to the opening session, Cynthia Ellison, AuD, president of ADA, discussed the potential of AuDNet. She noted that if 800 ADA members each purchased just one hearing aid a month through AuDNet, it would produce $28,000 for ADA to use to advance audiology. An average of five per month would generate $140,000, $1.68 million a year. That, she said, could enable ADA to accomplish many goals, including undertaking “a proactive branding campaign for the AuD and audiology. Branding,” Ellison continued, “is based on the concept of creating the perception that no other product on the market is quite like yours. We want to take responsibility for the branding and promotion of our identity to consumers, to managed care, and to other professionals. We cannot abdicate this role to any other group.”Figure: Craig Johnson, the president-elect, had a parting gift for Jim"
P2_within,EXCLUDE,"S1_PARTITION,S2_PSYCH",,0,False,openalex,W2102858072,10.1023/a:1024620813258,2003,Annals of Mathematics and Artificial Intelligence,Time Series Generation by Recurrent Neural Networks,
P1_psych,EXCLUDE,S1_PARTITION,,0,True,openalex,W1971135825,10.1097/01.jom.0000111605.18487.56,2004,Journal of Occupational and Environmental Medicine,Fifty Years of Hope and Concern for the Future of Occupational Medicine,"Recently, there has been considerable concern expressed from a number of sources about the future of occupational medicine. A review of the literature and other sources reveals that over the past 50 years there has been continuous hope and concern for the specialty. Occupational medicine became a certified specialty in 1955, growing slowly until 1970, when with the passage of the Occupational Safety and Health Act, growth accelerated. The marked decrease in classic occupational diseases, injuries, and deaths is a major triumph but may also be a factor in declining interest in specialization by physicians. Potential conflicts of interest have been at issue for over 50 years. Occupational medicine is now mostly clinical, in contrast to previous years. However, occupational medicine is a distinct and solid specialty that still offers many challenges. A program at the Spring 2003 American Occupational Health Conference was entitled “The Rise or Fall of Occupational Medicine: The Future of Occupational Medicine in the 21st Century.” Some panelists participating in the discussion were optimistic about future opportunities in occupational medicine. Some were not. Altogether, it was a mixed review. The stimulus for the program appears to have been several recently published articles. In a somewhat gloomy scenario, LaDou 1 suggests that occupational medicine is returning to its pre-1970 obscurity. A response to the LaDou article by a number of academic occupational physicians, although recognizing some of the problems, expressed belief that the specialty has significant potential for future growth. 2 Frumkin 3 also concurs that there is a decline of occupational medicine but believes it is the result of major historical trends and recommends that the specialty reinvent itself. In an earlier article, he suggests the number of residency programs be reduced. 4 A literature review reveals many journal articles over the past 50 years dealing with the hopes and concerns for the future of occupational medicine. Also, during this period, the subject has often been discussed, formally and informally at occupational medical meetings. This article reviews some of the hopes and concerns for occupational medicine over the past 50 years and discusses some of the relevant issues. Hopefully, this review and discussion may add some perspective to recent concerns for the future of occupational medicine. Occupational Medicine Before 1970 In 1952, The New England Journal of Medicine published a two-part article entitled “Occupational medicine,” written by Harriet Hardy, one of the great pioneers of occupational medicine in the United States. 5,6 In it she explained why she used the relatively new term, “occupational medicine” in contrast to “industrial medicine.” She indicated that occupational medicine, in contrast to industrial medicine, includes a vast field of occupational health that includes rehabilitation, preplacement examination, occupational psychiatry, the problems of the cardiac patient, the older worker in industry, and proper medical service in small and large plants. She proceeded to review medical literature pertaining to occupational diseases. She was concerned that this information was not available to physicians other than in specialty journals. In 1955 the American Board of Preventive Medicine recognized Certification in Occupational Medicine as a specialty. 7 As a medical student of the class of 1954 at the University of Cincinnati, I was introduced to occupational medicine as part of our preventive medicine training. Although these classes were hardly met with enthusiasm by the class of 1954, something stuck, and in 1958 I entered the occupational medicine residency program at the University of Cincinnati. At that time there were five newly established occupational medicine residency programs at Yale, Rochester, Cincinnati, Ohio State, and Pittsburgh Universities. 8 There was an optimistic enthusiasm, sometimes verging on missionary zeal, of residents and faculty for their newly recognized specialty. The hope for the future was high. The concern for the future of occupational medicine was the lack of sufficient numbers of trained physicians to provide these services to both small and large industries. Dr Robert Kehoe, director of the Institute of Industrial Health at the University of Cincinnati, often expressed concern that with the small size and number of occupational medicine residency programs, the need for occupational medicine services far exceeded the supply of qualified practitioners. In 1963, the journal Industrial Medicine and Surgery announced an award of $1000 for the most outstanding original article devoted to the topic “ the future of health in industry,” alias “the future of occupational medicine.”9 By the 1960s, occupational medicine as we know it today had become a vibrant but small new field. However, the request for the articles may have foretold a certain concern for its future and perhaps an"
P1_psych,EXCLUDE,S1_PARTITION,,0,False,openalex,W2133457436,10.1111/j.1600-051x.2005.00861.x,2005,Journal Of Clinical Periodontology,The effect of wear on ultrasonic scaler tip displacement amplitude,"AIM: During clinical usage, scaler tips may become worn and reduced in length. It is unknown what effect wear has on the magnitude of scaler tip vibrations when they are utilized under typical clinical loads. The aim of this investigation was to assess the effect of simulated wear on ultrasonic scaler tip displacement amplitude, using a scanning laser vibrometer. MATERIALS AND METHODS: A Cavitron SPS (Dentsply) ultrasonic generator and three scaler insert designs (FSI-100, FSI-1000 and FSI-SLI-10S) were selected for the investigation. Tip vibration displacement amplitude was assessed unloaded and then contacting against tooth surfaces with loads of 0.5 and 1.0 N. Tips were then ground down by 1 mm and then 2 mm and scans were repeated. RESULTS: For all tips, load and length were found to be significant variables (p<0.0001). The scaler tips showed a fall in displacement amplitude with a reduction in tip length. However, all scaler tips showed variability in the amount oscillation that occurred. This was most pronounced with FSI-SLI-10S. CONCLUSIONS: This investigation demonstrated that tip wear could affect the performance of dental ultrasonic scaler inserts by reducing their vibration displacement amplitude. Clinicians should be aware of this variability, which may be significant enough to affect clinical procedures."
P1_psych,EXCLUDE,"S1_PARTITION,S2_PSYCH",,0,False,openalex,W2088304499,10.1016/j.jbiomech.2005.09.007,2005,Journal of Biomechanics,Compressive nanomechanics of opposing aggrecan macromolecules,
P1_psych,EXCLUDE,S1_PARTITION,,0,False,openalex,W4394661941,10.48550/arxiv.q-bio/0508013,2005,arXiv (Cornell University),Effects of fast presynaptic noise in attractor neural networks,"We study both analytically and numerically the effect of presynaptic noise on the transmission of information in attractor neural networks. The noise occurs on a very short-time scale compared to that for the neuron dynamics and it produces short-time synaptic depression. This is inspired in recent neurobiological findings that show that synaptic strength may either increase or decrease on a short-time scale depending on presynaptic activity. We thus describe a mechanism by which fast presynaptic noise enhances the neural network sensitivity to an external stimulus. The reason for this is that, in general, the presynaptic noise induces nonequilibrium behavior and, consequently, the space of fixed points is qualitatively modified in such a way that the system can easily scape from the attractor. As a result, the model shows, in addition to pattern recognition, class identification and categorization, which may be relevant to the understanding of some of the brain complex tasks."
P2_within,EXCLUDE,"S1_PARTITION,S2_PSYCH",,0,True,openalex,W2094730608,10.1111/j.1600-0706.2005.14129.x,2005,Oikos,When can noise induce chaos and why does it matter: a critique,"Noise‐induced chaos illustrates how small amounts of exogenous noise can have disproportionate qualitative impacts on the long term dynamics of a nonlinear system. This property is particularly clear in chaotic systems but is also important for the majority of ecological systems which are nonchaotic, and has direct implications for analyzing ecological time series and testing models against field data. Dennis et al. point out that a definition of chaos which we advocated allows a noise‐dominated system to be classified as chaotic when its Lyapunov exponent λ is positive, which misses what is really going on. As a solution, they propose to eliminate the concept of noise‐induced chaos: chaos “should retain its strictly deterministic definition”, hence “ecological populations cannot be strictly chaotic”. Instead, they suggest that ecologists ask whether ecological systems are strongly influenced by “underlying skeletons with chaotic dynamics or whatever other dynamics”– the skeleton being the hypothetical system that would result if all external and internal noise sources were eliminated. We agree with Dennis et al. about the problem – noise‐dominated systems should not be called chaotic – but not the solution. Even when an estimated skeleton predicts a system's short term dynamics with extremely high accuracy, the skeleton's long term dynamics and attractor may be very different from those of the actual noisy system. Using theoretical models and empirical data on microtine rodent cycles and laboratory populations of Tribolium , we illustrate how data analyses focusing on attributes of the skeleton and its attractor – such as the “deterministic Lyapunov exponent”λ 0 that Dennis et al. have used as their primary indicator of chaos – will frequently give misleading results. In contrast, quantitative measures of the actual noisy system, such as λ, provide useful information for characterizing observed dynamics and for testing proposed mechanistic explanations."
P1_psych,EXCLUDE,S1_PARTITION,,0,False,openalex,W2161881756,10.1162/089976606775623342,2006,Neural Computation,Effects of Fast Presynaptic Noise in Attractor Neural Networks,"We study both analytically and numerically the effect of presynaptic noise on the transmission of information in attractor neural networks. The noise occurs on a very short timescale compared to that for the neuron dynamics and it produces short-time synaptic depression. This is inspired in recent neurobiological findings that show that synaptic strength may either increase or decrease on a short timescale depending on presynaptic activity. We thus describe a mechanism by which fast presynaptic noise enhances the neural network sensitivity to an external stimulus. The reason is that, in general, presynaptic noise induces nonequilibrium behavior and, consequently, the space of fixed points is qualitatively modified in such a way that the system can easily escape from the attractor. As a result, the model shows, in addition to pattern recognition, class identification and categorization, which may be relevant to the understanding of some of the brain complex tasks."
P1_psych,EXCLUDE,S1_PARTITION,,0,False,openalex,W2952666304,10.1162/neco.2006.18.3.614,2006,Neural Computation,Effects of Fast Presynaptic Noise in Attractor Neural Networks,"We study both analytically and numerically the effect of presynaptic noise on the transmission of information in attractor neural networks. The noise occurs on a very short timescale compared to that for the neuron dynamics and it produces short-time synaptic depression. This is inspired in recent neurobiological findings that show that synaptic strength may either increase or decrease on a short timescale depending on presynaptic activity. We thus describe a mechanism by which fast presynaptic noise enhances the neural network sensitivity to an external stimulus. The reason is that, in general, presynaptic noise induces nonequilibrium behavior and, consequently, the space of fixed points is qualitatively modified in such a way that the system can easily escape from the attractor. As a result, the model shows, in addition to pattern recognition, class identification and categorization, which may be relevant to the understanding of some of the brain complex tasks."
P1_psych,EXCLUDE,S1_PARTITION,,0,False,openalex,W2042682948,10.1029/2005gl025372,2006,Geophysical Research Letters,Comment on “The wrinkle‐like slip pulse is not important in earthquake dynamics” by D. J. Andrews and R. A. Harris,"[1] Andrews and Harris [2005] (hereinafter referred to as AH) found in several numerical simulations that effects associated with prescribed stress heterogeneities and time-weakening friction can suppress those generated dynamically by rupture on a bimaterial interface, and concluded that the wrinkle-like rupture mode is generally not important for earthquake dynamics. Their results are based on selective cases, rather than a systematic parameter-space study, and they do not form the basis for a general conclusion. Moreover, most of their cases are associated with conditions for which the bimaterial effects are weak due to combination of assumed parameter values, mixed rupture modes, relatively small propagation distance, and coarse grid. Considerations of a larger body of theoretical results and observations suggest that the wrinkle-like rupture may be relevant to earthquake dynamics. [2] Weertman [1980] showed analytically that mode II slip pulse on a bimaterial interface governed by Coulomb friction produces dynamic changes of normal stress that depend on the slip function, material properties and direction of rupture propagation. Subsonic propagation in the direction of slip of the compliant solid reduces dynamically the normal stress, whereas propagation in the opposite direction increases the normal stress. Adams [1995] showed analytically that mode II rupture on a bimaterial Coulomb interface has a strong dynamic instability that transfers energy during propagation to shorter wavelengths, leading to pulse sharpening and increasing slip velocity with propagation distance. The discussed effects are pure mode II phenomena on a bimaterial interface, and they do not exist for mode III rupture or in a homogeneous solid. For additional theoretical background, see Ranjith and Rice [2001] and Ben-Zion [2001]. [3] The analytical properties of mode II slip pulse on a bimaterial interface render numerical simulations of such rupture highly challenging. Very fine grid is needed to capture the sharp features associated with the pulse, while large propagation distance is required to reach a dynamic regime that is relatively free of initial transients and reflects the attractor of the evolving dynamic behavior. Andrews and Ben-Zion [1997] simulated mode II ruptures on a bimaterial Coulomb interface with a nucleation consisting of a localized stress drop having a favored propagation direction. They observed wrinkle-like slip pulses with properties compatible to the analytical results of Weertman and Adams. Similar pulses were found in subsequent simulations with increasing refinements and incorporation of additional physical ingredients, including a nucleation mechanism that generalizes the procedure of Andrews and Ben-Zion to a symmetrically expanding source without a preferred direction and slip-weakening friction [Shi and Ben-Zion, 2006]. [4] An assessment of the possible relevance of the wrinkle-like pulse to earthquake dynamics should focus on situations associated with mode II ruptures. Important such cases are large earthquakes on plate-bounding strike-slip faults. These earthquakes (referred to below as the “target” earthquakes) saturate the seismogenic zone, propagate predominately as mode II rupture, and are likely to be affected primarily by the elastic properties of the bounding crustal blocks (rather than the myriad of possible small-scale heterogeneities). As discussed below, the simulations of AH address in a rather limited way the dynamics of the large target earthquakes. [5] AH show that asymmetric distribution of initial stress can affect the rupture directivity. The same may be found with asymmetric distribution of other model attributes. However, in the absence of a symmetry-breaking mechanism, stress and other physical parameters on a vertical planar fault should be statistically symmetric over space-time scales associated with the large target earthquakes. The only symmetry-breaking mechanism in this problem is the tensile vs. compressive changes of normal stress at the opposite rupture tips on a bimaterial interface [Weertman, 1980]. Simulations of evolving stress histories on a heterogeneous strike-slip fault indicate that large earthquakes occur only when the stress, generated by the numerous small to moderate events and tectonic loading, is relatively smooth [Ben-Zion et al., 2003]. Observed potency-magnitude scaling relations of small and large earthquakes are compatible with those results [Ben-Zion and Zhu, 2002]. The above considerations suggest that a proper initial stress for simulations concerned with large earthquake dynamics is a relatively homogenous distribution. [6] Natural faults are likely to be probed by various nucleation processes including (1) stable crack growth to a critical size, (2) coalescence of distributed microcracks to a small seed region, (3) failure of a strong asperity/barrier, (4) local pore pressure reaching fracture threshold. AH use a standard nucleation corr"
P1_psych,EXCLUDE,"S1_PARTITION,S2_PSYCH",,0,False,openalex,W2162501547,10.1109/intmag.2006.375580,2006,,Effect of Local Damping in Perpendicular Recording Head: a Micromagnetic Study,"This article reports the effect of varying the damping in different individual sections of the perpendicular recording head (like the yoke, pole and soft underlayer (SUL) regions) affects the head switching speed. Two head designs were used: the shielded head and monopole head design. The head model used in this paper divided the head into five regions: a) soft underlayer, b) tip, c) confluence, d) yoke, and e) shield. Results show that higher damping generally results in higher field amplitudes because the head field rise time is improved."
P1_psych,EXCLUDE,"S1_PARTITION,S2_PSYCH",,0,False,openalex,W2168248965,10.1002/pssc.200776522,2007,"Physica status solidi. C, Conferences and critical reviews/Physica status solidi. C, Current topics in solid state physics",Control of noise‐induced spatiotemporal patterns in superlattices,"Abstract We investigate a semiconductor superlattice exhibiting complex dynamics of electron accumulation and depletion fronts (travelling field domains) in the presence of noise and control. In the uncontrolled system noise is able to induce electron charge front motion through the device when the system is prepared near a global bifurcation which yields it highly sensitive to fluctuations. The associated current density oscillations exhibit a maximum of coherence at an optimal noise intensity, a phenomenon known as coherence resonance. We show how control in the form of a time‐delayed feedback signal affects the noise‐induced dynamics. We observe that control induces a limit cycle in a wide range of the control parameter space and therefore destroys the effect of coherence resonance. For low noise intensity, time‐delayed feedback control enhances the regularity (coherence) of the noisy oscillations considerably. (© 2008 WILEY‐VCH Verlag GmbH &amp; Co. KGaA, Weinheim)"
P2_within,EXCLUDE,"S1_PARTITION,S2_PSYCH",,0,False,openalex,W2015690955,10.1016/j.chaos.2007.01.031,2007,Chaos Solitons & Fractals,Effect of noise on fractal structure,
P1_psych,EXCLUDE,"S1_PARTITION,S2_PSYCH",,0,False,openalex,W2071598989,10.1111/j.1747-1567.2008.00410.x,2008,Experimental Techniques,TIPS AND TRICKS FOR CHARACTERIZING SHAPE MEMORY ALLOY WIRE: PART 1-DIFFERENTIAL SCANNING CALORIMETRY AND BASIC PHENOMENA,
P1_psych,EXCLUDE,S1_PARTITION,,0,False,openalex,W2382427536,,2008,Journal of Guangxi Normal University,Noise Induce Voltage Collapse in Complex Power Network,"How to maintain the power network security operation is an important issue.Previous studies in nonlinear dynamics of power system mainly focus on the the deterministic bifurcation and chaos.Whereas,power system may be influenced by noise in practice.This paper,investigates how the noise affect the dynamics of complex power network.It is found that,with certain strength of noise,chaos in complex power network induce voltage collapse.The results may provide a useful tip for understanding the stochastic dynamics of power system and help to maintain the power system's security operation."
P1_psych,EXCLUDE,S1_PARTITION,,0,True,openalex,W2312944353,10.1097/01.hj.0000324318.76263.93,2008,The Hearing Journal,The Best of 2007,"FigureAs I reviewed the 2007 journals looking for audiologic rehabilitation (AR) articles I was struck by the diversity of the offerings. In addition to tried and true research papers and topics, this year's selections include tutorial/review papers and others that hopefully will cause you to think outside the traditional AR box. I hope that this year's selections will also stimulate you to read further in a new area or to revisit a known topic from a different perspective. GREAT FOR THE CLINICIAN Age-related declines in sensory and cognitive abilities are well documented in our literature. In addition, some investigations have reported that males may show greater declines in these areas than females. These reports led Nancy Tye-Murray, Mitchell Sommers, and Brent Spehar to study age and gender effects on lipreading. The authors designed a study to test the hypothesis that gender differences in lipreading among adults increase with age. All participants in the study had normal hearing and vision and the older ones were screened to rule out cognitive impairments. The participants—older females, older males, younger females, and younger males—were all tested on a vision-only speech-recognition test for (1) consonant, (2) word, and (3) sentence stimuli. Results, published in Journal of the American Academy of Audiology (JAAA), revealed that older participants scored lower than the younger participants on lipreading tests and that these differences were consistent across gender. A second finding of the study was that there were no differences in lipreading abilities between genders across stimulus type (consonants, words, or sentences). The authors suggest that the counseling component in an AR program for older adults should address the age-related decline of lipreading ability. A second article that I liked also happens to be by Tye-Murray, Sommers, and Spehar. Writing in Ear and Hearing, they evaluate the effects of age-related hearing impairment on lipreading and audio-visual integration. Two groups of older adults (matched for age) took part in the study. One group of subjects had normal hearing while those in the other group exhibited mild-to-moderate hearing impairments. Both groups were tested under three conditions (auditory only, vision only, and auditory-visual) with consonants, words, and sentences being used as stimuli. All stimuli were presented in a background of multi-talker babble in order to equate auditory-only performance across groups. The overall results show that those with age-related hearing impairment did not perform better on visual or auditory-visual speech perception tasks than the age-matched normal-hearing participants. The authors suggest that assessing all three modalities will assist the clinician in determining a specific modality for intervention in the rehabilitation program. As the demographics of our clinical population change, audiologists are seeing a significant increase in elderly patients in their practices. Many of them exhibit both hearing and vision impairment, a combination that may require different rehabilitation strategies from those commonly employed with patients who have hearing impairment alone. In their article in Trends in Amplification, Gabrielle Saunders and Katharina Echt provide an excellent overview of dual sensory impairment (DSI) by reviewing both its normal age-related causes and effects as well as those resulting from pathologic conditions. The literature they cite suggests that DSI affects psychological, psychosocial, and functional domains and is associated with depressive symptoms, including poor self-rated health and decreased participation in social activities as compared with persons without sensory impairment. DSI is also associated with cognitive decline as measured by the Mini-Mental State Exam. The authors offer useful suggestions as to how rehabilitative interventions should be modified in relation to cognitive function and patient-provider communication. They recommend that careful attention be given to the lighting and acoustics of the rehabilitative environment; that multiple perceptual channels (visual, auditory, and tactile) be used in rehabilitation; that the provider use “clear speech” in communicating; that written materials be clearly printed and geared to appropriate reading levels); and that appropriate assistive listening devices be employed to insure an appropriate signal-to-noise level. In addition, the article gives directions for future research efforts designed to develop more effective rehabilitative protocols for patients with DSI. This article should be required reading for audiologists, particularly those who work with older patients. BEST QUICK READ In the early years of our profession, auditory training and/or speech reading were integral components of most AR programs. But as audiologists became more involved in selecting and fitting hearing aids, time commitments and the lack of quantifiable evidence to support"
P2_within,EXCLUDE,"S1_PARTITION,S2_PSYCH",,0,False,openalex,W2027145876,10.1007/s10409-008-0204-8,2008,Acta Mechanica Sinica,"Dynamics of firing patterns, synchronization and resonances in neuronal electrical activities: experiments and analysis",
P1_psych,EXCLUDE,"S1_PARTITION,S2_PSYCH",,0,False,openalex,W835110381,10.1044/leader.ftr6.14102009.14,2009,ASHA Leader,Personal Music Players: Are We Measuring the Sound Levels Correctly?,"You have accessThe ASHA LeaderFeature1 Aug 2009Personal Music Players: Are We Measuring the Sound Levels Correctly? Elliott H. Berger, MS Susan C. Megerson, andMA, CCC-A Michael E. Stergar Elliott H. Berger Google Scholar More articles by this author , MS, Susan C. Megerson Google Scholar More articles by this author , MA, CCC-A and Michael E. Stergar Google Scholar More articles by this author https://doi.org/10.1044/leader.FTR6.14102009.14 SectionsAbout ToolsAdd to favorites ShareFacebookTwitterLinked In With the introduction of the Walkman® by Sony in the late 1970s, personal music listening habits were forever changed, only to be supercharged early in this century by Apple’s iPod® players. The proliferation of personal music players (PMPs) is a cultural change that raises concern because of the tremendous quantity of audio stimulation that users—especially children—can now regularly introduce to their ears. Much has been reported about the use of PMPs in the scientific and trade literature as well as in the popular media. A Google search for the 12 months from January 2008 to January 2009 for the terms “warning music ‘hearing loss’” yielded 19,000 hits. Although a number of these hits represented measured information and advice, many included dire predictions such as this 2009 headline from News.Com.Au: “Experts warn of MP3 player hearing loss ‘catastrophe.’” The purpose of this article is to provide a factual basis to assess the potential risks of PMP use by offering guidance on how audiologists can accurately measure PMP sound levels to estimate realistically the risk of hearing damage. The sidebar (see at end of article) and Figure 1 (directly below) summarize the potential risks of PMP use relative to other noisy activities for young people. Regardless of whether an audiologist chooses to measure earphone outputs, it is important to understand the relative risk of music listening so that clients may be counseled appropriately. Download figure Download PowerPoint Although PMPs may not be the bane of young people’s hearing, these devices can be played too loudly, too long, and too often. Indeed, studies indicate that most of these devices are capable of producing high sound levels (Fligor & Cox, 2004; Keith et al., 2008; Portnuff & Fligor, 2006). Investigations of typical PMP listening levels suggest that most users adhere to safe levels, although there is evidence that a small percentage do not. Some young people (estimates vary widely) play PMPs at sound levels of 85 dBA or greater especially when background noise is present, using higher volume settings with louder background noise (Airo et al., 1996; Fligor & Ives, 2006; Portnuff et al., 2009). One mitigating factor in the presence of background noise is earphone type. Listeners tend to choose lower output levels in noisy environments when using sound-isolating earphones (Fligor & Ives, 2006). Only a handful of studies have attempted to factor in PMP use times, which are needed to estimate eight-hour equivalent average exposures. These results suggest that about 15% to perhaps as many as 25% of users would be expected to have exposures equal to or exceeding 85 dBA on an occasional or routine basis (Airo et al., 1996; Portnuff et al., 2009; Williams, 2005). Of concern is that the rate of PMP use is on the rise. Average listening time has increased over the past 20 years, from about 40 minutes per day in the 1980s to an hour per day in the 1990s to two hours per day in this decade (Ahmed et al., 2006; Airo et al., 1996; Bradley et al., 1987; Felchlin et al., 1998; Passchier-Vermeer, 1999; Rice, Rossi, & Olina, 1987; Torre, 2008; Williams, 2005). Although hearing risk from PMPs may not be a widespread public health concern, further research is underway. It is important for hearing professionals to identify those individuals who are at risk by accurately measuring PMP sound levels to assess more sensibly the likelihood of hearing damage. Accurate Measurement of Earphone Sound Levels Measurement of sound levels is easy today because of the wide array of instrumentation available from consumer-oriented suppliers and sophisticated instrument manufacturers. But correct measurement of sound levels—particularly for earphone devices—is another matter. The key to understanding the problem is related to the transfer function of the open ear (TFOE), also referred to as the head-related transfer function (HRTF). Because of resonances of the ear, sound levels at the eardrum will be higher than those measured outside the ear (see Figure 2 below). Download figure Download PowerPoint Sound levels generated by earphones are often measured by placing the earphones on an ear simulation device, such as an artificial head with representative ear canal or perhaps an audiometric earphone coupler. The levels reported are those at the microphone diaphragm in the ear canal, represented by point A in Figure 2 above. However, noise hazard, which is based on the relationship bet"
P1_psych,EXCLUDE,S1_PARTITION,,0,False,openalex,W2274721526,10.1096/fasebj.23.1_supplement.776.2,2009,The FASEB Journal,Global analysis of miRNA expression in endothelial cells under different flow patterns,"Fluid shear stress plays an important role in regulating functions of vascular endothelial cells (ECs). Focal nature of atherosclerotic plaques reveals that pulsatile flow (PS) along the straight part of arterial tree has athero‐protective effects, whereas oscillatory flow (OS) at bifurcations induces pro‐atherosclerotic responses. MicroRNAs (miRNAs) affect post‐transcriptional modulation of stability of target mRNAs; there is evidence that miRNAs may modulate EC functions. Using microfluidic microarray (µParafloTM), we profiled miRNA expression levels in human ECs under 24‐hr PS and OS flows, as well as static control. 24‐hr PS flow caused significant changes in expression of 42 miRNAs (12 up‐regulated, 30 down‐regulated) in ECs in comparison with static cells. We also found that 24‐hr OS flow caused differential expressions of 68 miRNAs (42 up‐regulated, 26 down‐regulated) in comparison to ECs under 24‐hr PS flow. Many of these miRNAs have been shown to regulate cell cycle and inflammatory proteins. Our results demonstrated that miRNA expression level can be differentially regulated by different flow patterns, consequently modulating EC functions related to proliferation and inflammation."
P1_psych,EXCLUDE,S1_PARTITION,,0,False,openalex,W2316070375,10.1097/01.hj.0000352174.18874.61,2009,The Hearing Journal,AAS meeting draws record attendance to program rich in scientific research,"Figure: Carhart Lecturer Mike Merzenich, right, was honored by Jay Rubinstein, incoming president of AAS.Marking a decade of stand-alone annual meetings, the American Auditory Society's 2009 gathering held March 5-7, in Scottsdale, AZ, drew approximately 470 people from diverse disciplines, but with a shared interest in the ear, hearing, and balance. This was the largest turnout yet, and more than triple the attendance in 1999, when AAS first met separately from the annual convention of the American Academy of Audiology or American Speech-Language-Hearing Association. The researchers, teachers, engineers, practitioners, and students enjoyed an educational program characteristically packed full with scientific research presentations, many by world leaders in their fields. In all, about 70 papers were presented and more than 100 posters displayed. CARHART LECTURE Mike Merzenich, PhD, gave the annual Carhart Memorial Lecture, which honors the man widely regarded as the father of audiology. Merzenich, a neuroscientist who was on the team that invented the cochlear implant in the 1980s, is professor emeritus at the University of California at San Francisco and founder and chief scientific officer of Posit Science and Scientific Learning Corp. In his overview of what he termed “the brain plasticity revolution,” he discussed the implications of brain plasticity for hearing, hearing loss, and its treatment. From birth to about age 12, he explained, thanks to “the miracle of brain plasticity,” a child develops most of the characteristics, abilities, and thoughts “that make him a unique person.” While the brain become less plastic with age, Merzenich said, “We have a lifelong ability to change our brain.” And, he noted, in adulthood, unlike early childhood, cortical plasticity “is controlled from the top.” An “older bran controls its own plasticity by the mastery of skill after skill.” An example of this occurs with cochlear implants. While the devices deliver a speech signal different from normal speech to the wearer, the brain learns to understand it and in doing so changes. “This,” he said, is “a miracle of brain plasticity, not of science.” Brain plasticity can be negative as well as positive, and trauma, disease, and aging can all cause negative changes in the brain. On the brighter side, the speaker stated, brain plasticity can be reversed or offset through training. With advanced age, the brain's ability to perceive and process sound slows and becomes less accurate. But, there are software programs including, he disclosed, some developed by companies with which he is associated that people can use to refine their listening skills. Deteriorating hearing is just one of many problems that such training software shows promise of addressing, Merzenich said, adding that exercising the brain can have benefits at any age and for many functions, including memory and cognition, learning rate, driving ability, and independence. TRANSLATIONAL RESEARCH A hallmark of AAS meetings is a series of papers on “translational research” presented by eminent scientists in fields that often lie outside the usual borders of hearing science and audiology. The first of these lectures, entitled “Genetics and Hearing,” was a prime example. The speaker, Mary-Claire King, PhD, is a geneticist at the University of Washington. Her accomplishments have included identifying genes linked to breast and ovarian cancer and using DNA to identify Argentineans who as children in the 1970s were taken from their parents by a military dictatorship and given to supporters of the regime to raise. Although King had no background in hearing science, she developed an interest in the genetics of hearing loss. She recounted studies she has made of families in which hearing loss has been common for generations. This research took her to Costa Rica and to the Middle East, where she studied both Israeli and Palestinian families and identified specific genes responsible for inherited hearing loss. King said that research in this area improves our understanding of the ear, leads to better diagnostic and counseling approaches, and offers potential for treatment of genetic hearing loss. Music and the brain Like the Carhart Lecturer, Robert Zatorre, PhD, of the Montreal Neurological Institute at McGill University, addressed plasticity of the brain, in this case in relation to music. Zatorre and other researchers have identified a “pitch-sensitive region” of the auditory cortex and found that its structure is different and more developed in musicians than in the population at large. The speaker noted that structural changes in the brain caused by exposure to music have been shown to affect function. For example, subjects in a study whose brain showed characteristics typical of musicians did better than other subjects at recognizing if two tunes were different or if they were identical, only transposed to a higher or lower key. Among Zatorre's conclusions were that brain"
P2_within,EXCLUDE,S1_PARTITION,,0,False,openalex,W3111396002,10.1201/b13208-11,2009,,Psychopharmacology: antipsychotics and organic disorders: Questions,"NREM sleep d. Antidepressant and antipsychotic drugs increase delta activity on EEG e. Benzodiazepines increase beta activity and decrease alpha activity on EEG 7 . P sy c h o p h a rm a c o lo g y : a n tip sy c h o tic s a n d o rg a n ic d iso rd e rs: Q u e stio n s a. Tricyclic drugs cause impaired ejaculation b. 5-HT agents may inhibit orgasm c. Dopamine agonists may lead to enhanced erection and libido d. Yohimbine is an a2-adrenoreceptor antagonist, used as a treatment for both idiopathic and drug-induced male sexual dysfunction e. All of the above 50) A 48-year-old man with bipolar disorder had been stable on lithium monotherapy for 5 years. Over the last several months, he has become increasingly withdrawn, with fatigue and poor concentration. He has recently gained weight and complains of constipation. He has developed a dislike of cold and his voice is hoarse. On examination he has bradycardia, dry skin and slowly releasing reﬂexes. The most probable cause of his problems is: a. Lithium toxicity b. Hyperparathyroidism c. Nephrogenic diabetes insipidus d. Hypothyroidism e. Myasthenia gravis 7 . P sy c h o p h a rm a c o lo g y : a n tip sy c h o tic s a n d o rg a n ic d iso rd e rs: Q u e stio n s 1) e. Mechanism of action of clozapine involves the D4 and 5-HT receptors. In therapeutic concentrations it may occupy only 40-60% of D2 receptors. Antipsychotic effects are usually obtained when D2 occupancy is 60-70%."
P1_psych,EXCLUDE,"S1_PARTITION,S2_PSYCH",,0,False,openalex,W788768982,10.1044/leader.ftr2.15112010.16,2010,ASHA Leader,Classroom Acoustics: What Possibly Could Be New?,"You have accessThe ASHA LeaderFeature1 Sep 2010Classroom Acoustics: What Possibly Could Be New? Peggy B. Nelson andPhD, CCC-A Susan B. Blaeser Peggy B. Nelson Google Scholar More articles by this author , PhD, CCC-A and Susan B. Blaeser Google Scholar More articles by this author https://doi.org/10.1044/leader.FTR2.15112010.16 SectionsAbout ToolsAdd to favorites ShareFacebookTwitterLinked In Many audiologists and speech-language pathologists work with children, and we know that a child’s ability to hear and listen is very different from that of an adult. When it comes to designing schools, however, not everyone seems to understand the implications of this difference. Many architects and designers simply are not aware that children develop their ability to understand speech over time, and may create a school that is “good enough” for adult listening but inadequate for children. Audiologists and SLPs must be the advocates for children in school design and insist that classrooms be designed with children’s developmental needs in mind. ASHA has been actively involved for more than 15 years in the development of standards for school acoustics. In 1997 a family filed a complaint with the U.S. Department of Justice claiming the local school was just too noisy for their child, who had a hearing loss, to have appropriate access to spoken information. ASHA got involved, as did the U.S. Access Board, an independent federal agency devoted to accessibility for people with disabilities. Around the same time, the Los Angeles Unified School District invested in room air conditioners that sometimes pumped 65 dB of sound into the room, and teachers and students pressed for quieter solutions. A flurry of activity resulted that continued a long tradition of advocacy by ASHA and other organizations (see “Classroom Acoustics Standard Timeline” [PDF] for a timeline of classroom acoustics activities). Noise in classrooms is unwanted sound that is usually caused by heating, ventilating, and air-conditioning equipment (HVAC), noise from outside the building leaking through windows and doors, and noise from adjacent rooms and hallways coming through walls and doors. Reverberation is the persistence of sound after its source quiets and arises from sound reflecting from hard walls, floors, and ceilings. Reverberation time (RT60) is defined as the length of time in seconds required for the sound level to reduce by 60 dB once the sound source has been turned off. American National Standard So what’s really new? Significant progress has been made recently in classroom acoustics standards development. The American National Standards Institute (ANSI), which oversees the creation, promulgation, and use of thousands of standards and guidelines, recently revised and reissued the American National Standard addressing classroom acoustics (see next page). The standard, like all American National Standards, is voluntary, and becomes mandatory only if the standard is incorporated into laws such as building codes. Unfortunately, the International Code Council (ICC), which develops codes and standards used to construct homes and schools, rejected a proposal to reference the new ANSI standards in its revised building code at its May meeting (see The ASHA Leader, Aug. 3, 2010). This rejection is significant because many state and local governments adopt the International Building Code in their municipal building codes, a move that turns the voluntary guidelines into law. The next opportunity to revise the International Building Code is in 2015. Two months after this setback, the effort to require compliance with the standards shifted to the regulatory tract. The policy board of the U.S. Access Board, which is charged with developing accessibility guidelines for the Americans with Disabilities Act and Architectural Barriers Act, voted unanimously to include a reference to the new classroom acoustics standards in guidelines for both acts. If the standards become part of the rules, any entity accepting federal funding—including all public and some private schools—would be required to comply. Although the Access Board indicated that the classroom acoustics rulemaking will be placed on a fast track, the rulemaking process can take up to several years. The process involves development of the rule and cost-benefit analysis, review by the U.S. Office of Management and Budget (OMB), publication of the proposed rule in the Federal Register, a period for public comment and public hearings, revisions based on public feedback, resubmission to OMB for review, and publication of the final rule in the Federal Register. Revised Classroom Standards The American National Standard addressing classroom acoustics was first published by the Acoustical Society of America (ASA) in 2002. The new ANSI standards include several changes: The standard was revised in the form of a series of documents. The original standard with some modifications became Part 1 of the series and is l"
P1_psych,EXCLUDE,"S1_PARTITION,S2_PSYCH",,0,False,openalex,W2030144998,10.1016/j.bpc.2011.05.003,2011,Biophysical Chemistry,Internal noise enhanced oscillation in a delayed circadian pacemaker,
P2_within,EXCLUDE,"S1_PARTITION,S2_PSYCH",,0,False,openalex,W2048331308,10.1016/j.physa.2011.08.025,2011,Physica A Statistical Mechanics and its Applications,An independent test of methods of detecting system states and bifurcations in time-series data,
P2_within,EXCLUDE,"S1_PARTITION,S2_PSYCH",,0,True,openalex,W1985092783,10.1093/sysbio/syq097,2011,Systematic Biology,Taxon Sampling and the Optimal Rates of Evolution for Phylogenetic Inference,"Optimal rates of evolution and the informativeness of characters for phylogenetic inference have received increasing attention as the effort to distinguish phylogenetic signal and noise from large data sets intensifies. Ascertaining optimal rates for character evolution and predicting sequences featuring high phylogenetic utility are challenging tasks for which little theory has been developed. We argue for the usage of predictive theoretical tools that identify phylogenetic signal for quartets of taxa. We demonstrate analytically that, under an infinite states model, phylogenetically optimal rates of character evolution increase with greater taxon sampling. Finally, we argue for the development of increasingly sophisticated tools for the prediction of phylogenetic informativeness that incorporate higher taxon sampling and that directly account for phylogenetic noise. In a recent paper, Klopfstein et al. (2010) evaluate and critique profiles of phylogenetic informativeness (Townsend 2007), a method designed to inform the choice of markers for phylogenetic inference, and to interpret of the power of data sets to resolve short deep internodes in the history of life. To motivate their critique, Klopfstein et al. (2010) provide two analyses. First, they profile the phylogenetic informativeness of CO1 and 28S rRNA and reconstruct phylogeny for diplazontine parasitoid wasps. Second, they perform simulations to test the optimal rate of character change against a prediction based on four-taxon theory in Townsend (2007), addressing data sets of increasing numbers of taxa. With regard to their empirical data set, Klopfstein et al. (2010) find fault with the relation between the quartet-based (Townsend 2007) phylogenetic informativeness profile and the results of phylogenetic inference. Furthermore, they argue that their simulations indicate a dramatic trend in the optimal rate of change of a character for phylogenetic inference, such that the greater the taxon sampling, the slower the optimal rate of change of the characters. Here, we dispute these claims. Their discussion of the empirical data set does not establish reasonable expectations of the predictor and does not account for an important caveat to the Townsend (2007) phylogenetic informativeness approach. Furthermore, their simulated scenario can be more directly and comprehensively addressed with mathematical analysis. Regardless of how it is addressed, however, their scenario tests for an outcome that is not synonymous with informative data under increased taxon sampling. Consequently, Klopfstein et al. (2010) in fact predict the opposite relation between optimal rate of evolution and degree of taxon sampling to that which should be expected. Klopfstein et al. (2010) remark that, in their analysis of the Townsend (2007) phylogenetic informativeness profiles based on their diplazontine wasp data set, CO1 exhibits an informativeness that is higher across the entire history of their phylogeny, by a factor ranging from four at the root to much more at the tips. In contrast, they show, using the concatenated-alignment tree as the tree for comparison, that CO1 outperforms 28S rRNA by only a few additional nodes “correctly” resolved (33 were resolved correctly by CO1, whereas 26 were resolved correctly by 28S rRNA). However, we would point out that the higher phylogenetic informativeness of CO1 provides no clear expectation for how much better it will perform in terms of specific nodes; that performance depends completely on the distribution of how hard the unresolved nodes are to resolve. For instance, it could be the case that half of the internodes in a given phylogeny are long and recent and the corresponding clades are easy to resolve, and half are extremely short and deep and thus recalcitrant to any resolution. In that case, two genes featuring truly dramatically different informativeness could perform identically in terms of number of nodes resolved. Moreover, even if the distribution of difficulty of resolution across nodes is highly uniform, there is no reason to expect that an x-fold difference in informativeness would result in an x-fold difference in number of nodes resolved. It may require an x-fold difference in amount of informative data to resolve one additional node, an x2-fold difference to solve two additional nodes, an x3-fold difference to solve three additional nodes, etc. Although which gene performs better should generally correlate with the quantitative metric of informativeness, the degree and pattern of resolution of internodes as a consequence of that informativeness depends fundamentally on the true length of the relevant internodes. Klopfstein et al. (2010) more saliently take issue with the fact that the CO1 phylogenetic informativeness profile, while declining at deeper time scales, remains higher than the informativeness profile for 28S rRNA over the most deep nodes (Fig. 1). There are far fewer deep nodes than recent nodes, but if"
P1_psych,EXCLUDE,S1_PARTITION,,0,True,openalex,W2084955314,10.1177/0020764012438483,2012,International Journal of Social Psychiatry,Influence of dependent personality status on the outcome and health service costs of health anxiety,"OBJECTIVE: To assess the effect of dependent personality disturbance as an influence on the cost and clinical outcome of health anxiety. METHOD: In the course of a randomized trial of treatments for patients with high health anxiety over 12 months, we also recorded dependent personality status by two methods: the Personality Assessment Schedule (an observer-rated instrument) and the self-rated Dependent Personality Questionnaire (DPQ), the latter being administered at baseline, six months and 12 months. The two main hypotheses tested were that patients with dependent personality features would have a worse outcome and attract greater health service costs. RESULTS: Forty-nine patients took part in the trial; all had baseline dependent personality data, 44 provided health service costs, and 38 had observer-rated personality assessments. At baseline patients with any personality disorder had higher clinical ratings for health anxiety, and dependent personality disturbance, mainly in the form of personality difficulty, was associated with a worse outcome than those without dependent personalities after correction for baseline differences. The DPQ at a score of 15 successfully identified all patients with dependent personality disorder in both ICD and DSM classifications and showed a significant but relatively modest reduction in scores of 1.5 (13%) during the course of the 12-month trial. Costs in those separated by personality status showed those with dependent personality incurred 45% more health service costs than those without these personality characteristics (p = .10). No patient with dependent personality disorder dropped out of treatment compared with 6 out of 38 (16%) of those with no dependence. CONCLUSIONS: The DPQ is probably a reliable instrument for assessing dependent personality characteristics without the need for interview and its scores, unlike many ratings of personality, are stable over time. The findings may have been influenced by different responses to those treated in the trial with cognitive behaviour therapy compared with control treatment."
P1_psych,EXCLUDE,"S1_PARTITION,S2_PSYCH",,0,False,openalex,W2034793520,10.1016/j.cnsns.2012.09.016,2012,Communications in Nonlinear Science and Numerical Simulation,Combined effects of correlated bounded noises and weak periodic signal input in the modified FitzHugh–Nagumo neural model,
P1_psych,EXCLUDE,"S1_PARTITION,S2_PSYCH",,0,False,openalex,W3151665414,10.1097/mpg.0b013e318272aee7,2012,Journal of Pediatric Gastroenterology and Nutrition,Viral Hepatitis in Children,"During the last 30 years, pediatric hepatology has been transformed by advances in our understanding and management of a wide spectrum of liver diseases. Globally however, viral hepatitis remains one of the most important causes of liver disease in children. Major advances in this field include the discovery of the hepatitis C (HCV) and hepatitis E virus (HEV), the implementation of hepatitis B virus (HBV) and hepatitis A virus (HAV) vaccination, definition of the immunologic phases of HBV infection, and the development of treatments for chronic HBV and HCV infections. Advances in virology, epidemiology, and therapeutics have led to considerable progress in understanding and managing chronic HBV and HCV infection in childhood. Recent clinical guidelines provide evidence-based best practices for diagnosis and management of viral hepatitis in children (1–3). In developing countries, where routine HAV vaccination is not available, HAV infection is still common and is a leading cause of acute liver failure (ALF). This is in stark contrast to developed countries where the infection risk is now low. HBV infection remains a global public health problem. Although vaccination has reduced the prevalence of chronic hepatitis B infection in many countries, it is still high in areas such as Western Africa and Asia. Human immunodeficiency virus (HIV) coinfection has added to the complexity of managing these children. Although less common than HAV and HBV infection, increasing numbers of children with HCV are presenting for treatment. Despite the recent advances, optimal management is constrained by limited knowledge of important aspects such as the natural history of chronic infection, the effect of comorbid disease (such as nonalcoholic fatty liver disease and HIV), the management of immune-tolerant HBV infection, the role of combination therapy, and predictors of response to treatment. In developing countries, universal vaccination against hepatitis A and B, and Hepatitis E in high-risk areas, should be a health priority. The following articles from 6 continents focus on these infections and their contribution to liver disease in children. HEPATITIS IN CHILDREN IN NORTH AMERICA Key advances have been made in the diagnosis, prevention, and treatment of chronic HBV and HCV infection in childhood (1–3). HBV HBV vaccine has dramatically reduced the incidence of infection in US children younger than 15 years with a 98% reduction of acute HBV infection from 1990 to 2006. All of the infants in the United States should be vaccinated beginning at birth (and all of the children younger than 19 years who have not been vaccinated) and at 2 and 6 months, and those born to hepatitis B surface antigen (HBsAg)-positive mothers should receive vaccine plus one dose of hepatitis B immunoglobulin within 12 hours of birth (1,2). Approximately, 90% of HBV-infected infants and 20% to 25% of those infected before 5 years of age will develop chronic infection, compared with 5% for teens or adults. Four immunologic phases of infection have been defined, with most children remaining in the immune-tolerant phase throughout early childhood. For vertically transmitted cases, spontaneous seroconversion of hepatitis B e antigen (HBeAg) to anti-HBe is below 2% per year for those younger than 3 years and 4% to 5% for those older than 3 years. Horizontal transmission is associated with a higher (70%–80%) rate of seroconversion by age 20 years (1). Adults who acquired HBV during infancy or childhood have a 15% to 25% premature liver-related death rate (4). Treatment for HBV must be initiated at the proper time to achieve its full effect. Endpoints for treatment are undetectable serum HBV DNA levels, long-lasting HBeAg seroconversion, normalization of alanine transaminase (ALT), and improved liver histology. Although there are 7 US Food and Drug Administration–approved drugs for HBV in adults, only 4 are presently approved for children: adefovir dipivoxil for 12 years of age and older, entecavir for 16 years and older, interferon α-2b for 12 months and older, and lamivudine for 3 years and older. Adefovir and lamivudine are less potent, have few side effects, but may be associated with high rates of viral resistance (eg, 65% resistance rate for children receiving lamivudine for 36 months), thus potentially affecting future treatment options. Interferon-α, which must be injected subcutaneously, yields 26% seroconversion for HBeAg and 10% for HBsAg, and is not associated with development of viral resistance. Its use is hampered by significant side effects. Pegylated (PEG)-interferon is not approved in the United States for this indication; however, it is used in other countries with similar results but requiring fewer injections. Interferons are contraindicated in those with cirrhosis because it has precipitated hepatic failure and death. Antiviral therapy is reserved for those with active liver disease (elevated ALT and abnormal liver histology) who do not"
P2_within,EXCLUDE,"S1_PARTITION,S2_PSYCH",,0,False,openalex,W4299866981,10.48550/arxiv.1204.5445,2012,arXiv (Cornell University),A recent tipping point in the Arctic sea-ice cover: abrupt and\n persistent increase in the seasonal cycle since 2007,"There is ongoing debate over whether Arctic sea-ice has already passed a\n`tipping point', or whether it will do so in the future. Several recent studies\nargue that the loss of summer sea ice does not involve an irreversible\nbifurcation, because it is highly reversible in models. However, a broader\ndefinition of a `tipping point' also includes other abrupt, non-linear changes\nthat are neither bifurcations nor necessarily irreversible. Examination of\nsatellite data for Arctic sea-ice area reveals an abrupt increase in the\namplitude of seasonal variability in 2007 that has persisted since then. We\nidentified this abrupt transition using recently developed methods that can\ndetect multi-modality in time-series data and sometimes forewarn of\nbifurcations. When removing the mean seasonal cycle (up to 2008) from the\nsatellite data, the residual sea-ice fluctuations switch from uni-modal to\nmulti-modal behaviour around 2007. We originally interpreted this as a\nbifurcation in which a new lower ice cover attractor appears in deseasonalised\nfluctuations and is sampled in every summer-autumn from 2007 onwards. However,\nthis interpretation is clearly sensitive to how the seasonal cycle is removed\nfrom the raw data, and to the presence of continental land masses restricting\nwinter-spring ice fluctuations. Furthermore, there was no robust early warning\nsignal of critical slowing down prior to the hypothesized bifurcation. Early\nwarning indicators do however show destabilization of the summer-autumn sea-ice\ncover since 2007. Thus, the bifurcation hypothesis lacks consistent support,\nbut there was an abrupt and persistent increase in the amplitude of the\nseasonal cycle of Arctic sea-ice cover in 2007, which we describe as a\n(non-bifurcation) `tipping point'. Our statistical methods detect this `tipping\npoint' and its time of onset.\n"
P1_psych,EXCLUDE,S1_PARTITION,,0,False,openalex,W2109224138,10.1098/rsif.2013.0098,2013,Journal of The Royal Society Interface,Effects of the infectious period distribution on predicted transitions in childhood disease dynamics,"The population dynamics of infectious diseases occasionally undergo rapid qualitative changes, such as transitions from annual to biennial cycles or to irregular dynamics. Previous work, based on the standard seasonally forced 'susceptible-exposed-infectious-removed' (SEIR) model has found that transitions in the dynamics of many childhood diseases result from bifurcations induced by slow changes in birth and vaccination rates. However, the standard SEIR formulation assumes that the stage durations (latent and infectious periods) are exponentially distributed, whereas real distributions are narrower and centred around the mean. Much recent work has indicated that realistically distributed stage durations strongly affect the dynamical structure of seasonally forced epidemic models. We investigate whether inferences drawn from previous analyses of transitions in patterns of measles dynamics are robust to the shapes of the stage duration distributions. As an illustrative example, we analyse measles dynamics in New York City from 1928 to 1972. We find that with a fixed mean infectious period in the susceptible-infectious-removed (SIR) model, the dynamical structure and predicted transitions vary substantially as a function of the shape of the infectious period distribution. By contrast, with fixed mean latent and infectious periods in the SEIR model, the shapes of the stage duration distributions have a less dramatic effect on model dynamical structure and predicted transitions. All these results can be understood more easily by considering the distribution of the disease generation time as opposed to the distributions of individual disease stages. Numerical bifurcation analysis reveals that for a given mean generation time the dynamics of the SIR and SEIR models for measles are nearly equivalent and are insensitive to the shapes of the disease stage distributions."
P1_psych,EXCLUDE,"S1_PARTITION,S2_PSYCH",,0,True,openalex,W2327640997,10.1097/hjh.0b013e328362ff5e,2013,Journal of Hypertension,Heart rate variability and stroke,"The publication of James Gleick's book ‘Chaos: Making a New Science’ in 1987 brought the terminology of the ‘butterfly effect’ into popular parlance [1]. This esoteric and rather poetic concept refers to the dependence of the response of a system to initial conditions, such that the flapping of the wings of a butterfly in one location can perturb the weather pattern so as to cause a tornado at a distant location. As an illustrative concept, it was developed by the renowned mathematician and meteorologist, Edward Lorenz [2], who showed that simple perturbations with different initial conditions can evolve into different states that are unstable and exhibit a complex and chaotic behavior. These chaotic states are bounded by paths that form attractors, where the specific path is determined by initial conditions, much like the oscillation of a pendulum. However, whereas the damped pendulum attractor is a single point (the lowest point), attractors of nonlinear dynamical systems do not converge to a single dimensional point, but to a different dimension in three-dimensional space – a fractal dimension. Attractors that have a fractal dimension are known as ‘strange attractors’ as originally described by Ruelle [3], and these are typical of complex systems ranging from weather patterns to biological systems. The Lorenz attractor is one such attractor which is frequently used to exemplify a chaotic system and that can be generated from three simple ordinary nonlinear differential equations in a three-dimensional space [1,2]. Self-similarity is the underlying concept in fractals. That is, the morphology is similar at small and large scales. Fractals are inherent in natural systems, they form a fundamental component of chaos [4], and are found in such biological forms, among others, as the spatial branching of vascular beds [5,6], age-related disorganization of arterial elastin [7,8], or in time-related signals of heart rate variability [9]. Recent genetic studies in molecular clocks that are inherent in the origin and maintenance of the heart beat also invoke the fractal concepts of self-similar operation in both small and large time and spatial scales [10,11]. This reinforces the notion that studies of biological and physiological systems that exhibit a broad range of temporal and structural patterns cannot be characterized adequately using linear behavior, and that computational techniques used in the study of complex systems, as exemplified by nonlinear dynamics and chaos, can provide much more powerful approaches to characterizing both normal and diseased states in terms of parameters of complexity [12]. Indeed, there are emerging trends suggesting that disease itself can be understood as loss of complexity [13]. In this issue of the Journal, Graff et al.[14] assess the potential of heart rate variability (HRV) for prediction of outcome of ischemic stroke in short (7 days) and long-term (90 days). Indices of HRV are determined by conventional (linear) measures of time and frequency domain parameters and by methods that characterize the (nonlinear) complex behavior of the time-varying interbeat (RR) interval. The linear methods measure the RR changes around a mean or the magnitude of fluctuations as a function of frequency. Nonlinear methods involve parameters such as heart rate turbulence, fractal dimensions and entropy. In this study, the linear HRV parameters used by Graff et al.[14] are the time domain indices of mean RR interval, standard deviation of all normal-to-normal RR intervals (STD RR), root mean square of differences of adjacent normal-to-normal RR intervals (RMSSD), and the number and the percentage of interval differences of successive normal RR intervals greater than 50 ms (NN50 and pNN50); the frequency domain indices of power spectral density in frequency bands of very low frequency (0–0.04 Hz), low frequency (0.04–0.15 Hz), and high frequency (0.15–0.6 Hz) according to standard protocols [15]. (The conventional high-frequency range is 0.15–0.4 Hz. However, in this study, it was expanded from 0.15 to 0.6 Hz to account for the higher respiratory rates found in the cohort investigated.) The nonlinear parameters computed in the study essentially concentrated on measures of entropy of the time-varying RR signal: approximate entropy (ApEn), sample entropy (SampEn), and fuzzy entropy (FuzzyEn). Detailed description of the computation of these metrics from the time sampled RR signal is given in an appendix in the article. Generally, entropy is used to describe the complexity of the signal, with ApEn, SampEn, and FuzzyEn being modifications to account for real data sequences that are nonstationary, of finite sample length and can contain ectopic beats [16–19]. The concept of entropy emanates from the seminal work of Claude Shannon in 1948 [20] as applied to communication systems and describes the information content of a signal. That is, the higher the complexity, the greater the entropy and so the gre"
P1_psych,EXCLUDE,"S1_PARTITION,S2_PSYCH",,0,False,openalex,W7139271911,,2013,,Accelerated Sliding of Pollen Tube Organelles along Characeae Actin Bundles Regulated by Ca 2+,"Abstract. Pollen tubes show active cytoplasmic streaming. We isolated organelles from pollen tubes and tested their ability to slide along actin bundles in characean cell models. Here, we show that sliding of organelles was ATP-dependent and that motility was lost after N-ethylmaleimide or heat treatment of organelles. On the other hand, cytoplasmic streaming in pollen tube was inhibited by either N-ethylmaleimide or heat treatment. These results strongly indicate that cytoplasmic streaming in pollen tubes is supported by the &amp;quot;actomyosin&amp;quot;-ATP system. The velocity of or-ganelle movement along characean actin bundles was much higher than that of the native streaming in pollen tubes. We suggested that pollen tube &amp;quot;myosin &amp;quot; has a capacity to move at a velocity of the same order of magnitude as that of characean myosin. Moreover, the motility was high at Ca 2+ concentrations lower than 0.18 IxM (pCa 6.8) but was inhibited at concentration higher than 4.5 txM (pCa 5.4). In conclusion, cytoplasmic streaming in pollen tubes is suggested to be regulated by Ca 2 ÷ through &amp;quot;myosin &amp;quot; inactivation. p OLLEN tubes show active cytoplasmic streaming. This cytoplasmic streaming may be responsible for the transport of substances and organelles indispensable for tip growth. When the cytoplasmic streaming is inhibited by cytochalasin B, tip growth stops (Mascarenhas and Lafountain, 1972; Franke et al., 1972), even though secretory vesicles are produced (Picton and Steer, 1981). Cytoplasmic streaming in pollen tubes has been suggested to be supported by the actomyosin system based on the following findings. The actin filaments emerge from the grain and traverse into the pollen tube to the tip. When pollen tubes are treated with cytochalasin B, actin filaments disappear and cytoplasmic streaming stops, whereas colchicine affects neither the actin filaments nor the cytoplasmic streaming (Mascarenhas and"
P2_within,EXCLUDE,"S1_PARTITION,S2_PSYCH",,0,False,openalex,W2051431662,10.1007/s11571-013-9256-y,2013,Cognitive Neurodynamics,Coupling-induced population synchronization in an excitatory population of subthreshold Izhikevich neurons,
P1_psych,EXCLUDE,"S1_PARTITION,S2_PSYCH",,0,False,openalex,W2050408646,10.1016/j.advwatres.2014.05.010,2014,Advances in Water Resources,Flow regime shifts in the Little Piney creek (US),
P1_psych,EXCLUDE,"S1_PARTITION,S2_PSYCH",,0,True,openalex,W1978929090,10.1016/j.cardfail.2014.10.013,2014,Journal of Cardiac Failure,Heart Rate–Dependent Left Ventricular Diastolic Function in Patients With and Without Heart Failure,
P1_psych,EXCLUDE,S1_PARTITION,,0,False,openalex,W2132875992,10.1111/jace.13753,2015,Journal of the American Ceramic Society,Toward Demystifying the Mohs Hardness Scale,"Today, the Mohs scale is used profusely throughout educational systems without any persuasive understanding of the fundamental principles. Why one mineral has a scratch hardness over the next culminating in a scale of 1 (chalk) to 10 (diamond) has no atomistic or structure‐sensitive basis that explains this outcome. With modern computationally based atomistic and multiscale models, there is increasing promise of defining the pressure and rate‐dependent parameters that will allow a fundamental understanding of the Mohs scale. This study principally addresses the combined fracture and plasticity parameters that qualitatively affect fracture at the nanoscale. A physical model wherein the crack tip under a scratch is shielded by dislocations is supported by molecular dynamics ( MD ) simulations in both ductile aluminum and brittle silicon carbide. Next, this model is applied to nanoindentation data from the literature to produce a ranking of Mohs minerals based on their fundamental properties. As such, what is presented here is a first step to address the flow and fracture parameters ultimately required to provide a figure of merit for scratch hardness and thus the Mohs scale."
P1_psych,EXCLUDE,"S1_PARTITION,S2_PSYCH",,0,False,openalex,W2018278506,10.1016/j.ophtha.2014.11.011,2015,Ophthalmology,Nonarteritic Anterior Ischemic Optic Neuropathy (NAION): A Misnomer. Rearranging Pieces of a Puzzle to Reveal a Nonischemic Papillopathy Caused by Vitreous Separation,
P2_within,EXCLUDE,"S1_PARTITION,S2_PSYCH",,0,False,openalex,W2177051019,10.2337/dc15-0801,2015,Diabetes Care,Pharmacokinetics and Pharmacodynamics of NPH Insulin in Type 1 Diabetes: The Importance of Appropriate Resuspension Before Subcutaneous Injection,"OBJECTIVE: Crystalline NPH insulin comes in a two-phase solution with either a solvent or a rapid-acting insulin (in premixed formulations) and needs adequate mixing for complete resuspension before injection. The aim of this study was to establish pharmacokinetics (PK) and pharmacodynamics (PD) after injection of appropriately resuspended versus nonresuspended NPH insulin. RESEARCH DESIGN AND METHODS: PK and PD were assessed after subcutaneous injection of NPH insulin 0.35 units/kg at steady state by pen either resuspended (R+, tipping of insulin pen 20 times) or nonresuspended (pen maintained in fixed position either horizontally [R- horizontal] or vertically with tip up [R- up] or tip down [R- down]). Eleven subjects with type 1 diabetes (age 31.5 ± 12 years, diabetes duration 17.5 ± 7.7 years, BMI 22.9 ± 1.5 kg/m2, A1C 7.2 ± 0.4% [55.2 ± 4.4 mmol/mol]) were studied (euglycemic clamp) with a randomized crossover design. RESULTS: Compared with resuspended NPH insulin (R+), nonresuspended NPH insulin resulted in profound PK/PD differences with either reduced (R- horizontal and R- up) or increased (R- down) plasma insulin concentrations [FIRI_AUC(0-end of study) (free immunoreactive insulin area under the concentration-time curve between 0 and end of study)] and PD activity [glucose infusion rate (GIR)_AUC(0-end of study)] (all P < 0.05). Duration of NPH insulin action was shorter in R- up (9.4 ± 1.7 h) but longer in R- down (15.4 ± 2.3 h) compared with R+ (11.8 ± 2.6 h) (P < 0.05). Within-subject variability (percent coefficient of variation) among studies was as high as 23% for PK [FIRI_AUC(0-end of study)] and 62% for PD [GIR_AUC(0-end of study)]. CONCLUSIONS: Compared with resuspended NPH insulin, lack of resuspension profoundly alters PK/PD and may importantly contribute to day-to-day glycemic variability of type 1 diabetes."
P2_within,EXCLUDE,"S1_PARTITION,S2_PSYCH",,0,False,openalex,W2256445574,,2015,Dspace Repository (Marmara Üniversitesi),[Bir yanardağ söndü],"b a b ir h rk a d a n ii 1 b a re t d n y a m aln a r-I k a d a b r a k a r a k a a m zd a n ekildi.G ek in y a -j n a ra m e n z e k sn d a k i canll, hi-| civ lerin d ek i s e r t ve b u ru k lezzeti hi k a y b e tm iy e n N e y zen T ev fik , b y k f rtn a la r la dolu b ir h a y a t s r d.O bizim en sa m im b ir y erli bohem im izdi.B a z a n u u ru n u n , b azan u u ra ltn n is te k le rin e u y a ra k , b a bo, k endi b ildii gib i y a a d .F a k a t bu v re y a a y iinde in san l n k a y b e tm iy e n b ir s a n a tk r h v iy eti ta d .F ik r e t'in, h a k belledii yola y aln z g id en b ir in san y d o.D aim a h ak sz l a , in sa n lk d k t d a v ra n la r a k a r d u rd u .Bu m c a d e leci s a n a tk r k a ra k te rin i, u u r m u vazen esi bozulup d a a k l h a sta h a n esinde te d a v iy e aln d z a m a n la rd a bile k ay b etm ed i. N ey zen T e v fik si in san n tip ik b ir rn e iy d i. y i g elen e k lere, k k lem i fa z ile tle re k a r d eil; y o lsu z lu k la ra , k t l k le re , h a y a tn i re n ta r a f la r n a si b ir ru h .C em iyetin b t n k a y tla rn d a n kend in i k o p a r m g r n y o rd u .H e r ey i nceden in k r etm i, so n ra , iyi b u ld u k la rn b ire r b ire r k a b u lle n m iti.n s a n o lu n u n b irh iriy le o lan m n a s e b e tle rin d e k i k t ta r a f l a r onun y a b an cs o lduu ey lerd i. "" T e re d d ts z tec e d d t s a h a s n d a b ir S le y m a n 'm -u v a r k i ta ve ta h tm yok, f a k i rim l k in in s a n m '' diyordu.H iciv leri p e k h ain , p e k s e r t e y lerd ir.O k u n m a d a n g e i tirilm e k iin n o k ta la rla rt le c e k k a d a r yz k z a rtc , k a b a k elim eleri, d ey im leri p e k boldur.D ili n eslim izin a n ly am y a c a k a d a r esk id ir, a d a ld r. iirlerin in , ek il ve s a n a t y a p s b a k m n d an , a d a T r k ed eb iy a tiy le h i b ir m n a s a b e ti y o k tu r.B u n la ra ra m e n N ey zen T ev fik , d n d e n z i y a d e g n m z e b a l b ir in san d r.le riy i g r , canll, s a n a tk r r u h u ile ta m a m iy le b izd en d ir.O nun lm k a r s n d a ""B a k i k a la n b u k u b b ed e b ir h o a d a im i"" d e m e k te n k en d im izi a la m y o r ve d u y u la n u m u m te e s s re biz d e y re k te n k a tly o ru z . 'V o y J LL. \.e?"
P1_psych,EXCLUDE,"S1_PARTITION,S2_PSYCH",,0,False,openalex,W2395120086,10.1016/j.arth.2016.05.030,2016,The Journal of Arthroplasty,Noise Exposure in TKA Surgery; Oscillating Tip Saw Systems vs Oscillating Blade Saw Systems,
P1_psych,EXCLUDE,"S1_PARTITION,S2_PSYCH",,0,False,openalex,W2297427928,10.1016/j.commatsci.2016.03.008,2016,Computational Materials Science,A molecular dynamics investigation into plastic deformation mechanism of nanocrystalline copper for different nanoscratching rates,
P1_psych,EXCLUDE,S1_PARTITION,,0,True,openalex,W2554907049,10.1093/ofid/ofw194.45,2016,Open Forum Infectious Diseases,"Efficacy of Bezlotoxumab in Patients Receiving Metronidazole, Vancomycin, or Fidaxomicin for Treatment of Clostridium difficile Infection (CDI)","Background. MODIFY I and MODIFY II were global, randomized, double-blind, placebo-controlled trials of the efficacy and safety of the anti-C. difficile toxin B monoclonal antibody bezlotoxumab (bezlo) for the prevention of CDI recurrence in adults receiving standard of care (SOC) antibiotic treatment (metronidazole, vancomycin, or fidaxomicin) for primary or recurrent CDI. Because the primary endpoint (CDI recurrence) could be influenced by the SOC antibiotic, randomization was stratified by this factor and a pre-specified analysis was conducted to assess clinical cure (initial clinical response) and CDI recurrence based on the SOC antibiotic received. Methods. The monoclonal antibody or placebo (normal saline) was administered with SOC antibiotics. SOC antibiotics were given at the discretion of the health care provider in accordance with treatment guidelines or approved labeling at recommended doses and duration (10 to 14 days). The primary endpoint, CDI recurrence, was defined as a new episode of diarrhea (≥3 unformed stools in 24 hours) and positive stool test for toxigenic C. difficile after clinical cure of the baseline CDI episode. Clinical cure was defined as SOC antibiotics given for ≤14 days, and no diarrhea for 2 consecutive days after completing SOC. Data from MODIFY I and MODIFY II were combined to provide increased precision for estimating treatment effects. Results. Subjects most commonly received oral metronidazole (48.5%) or oral vancomycin (alone or with IV metronidazole, 48.5%) as their SOC antibiotic. A total of 3.6% of subjects received oral fidaxomicin (alone or with IV metronidazole). Subjects with a recurrent CDI more often received vancomycin (71%), while subjects with primary CDI more often received metronidazole (60%). Consistent with the overall study results, clinical cure rates were similar in the bezlo and placebo groups regardless of the SOC antibiotic received (table). CDI recurrence rates were lower among subjects who received bezlo compared with those who received placebo in all 3 SOC subgroups (table). Conclusion. Subjects given bezlotoxumab demonstrated significantly less CDI recurrence regardless of choice of SOC antibiotics. Bezlotoxumab did not affect the initial clinical response at end of SOC therapy. Disclosures. E. R. Dubberke, Rebiotix Inc.: Investigator and Scientific Advisor, Consulting fee and Research support. Merck: Consultant and Investigator, Consulting fee and Research support. Sanofi Pasteur: Consultant and Grant Investigator, Consulting fee. and Grant recipient. Summitt: Consultant, Consulting fee; D. Gerding, Merck: Scientific Advisor, Consulting fee. ViroPharma/Shire: Consultant, Consulting fee. Pfizer: Consultant, Consulting fee. Actelion: Scientific Advisor, Consulting fee. Summit: Scientific Advisor, Consulting fee. DaVolterra: Consultant, Consulting fee. Sanofi Pasteur: Consultant, Consulting fee. Rebiotix: Scientific Advisor, Consulting fee. Seres Therapeutics: Grant Investigator, Research grant; C. Kelly, Merck: Collaborator, Consultant, Investigator and Scientific Advisor, Consulting fee, Research grant and Speaker honorarium; K. W. Garey, Merck & Co.: Grant Investigator and Scientific Advisor, Consulting fee and Research grant. Summit Pharmaceuticals: Grant Investigator and Scientific Advisor, Consulting fee and Research grant. Seres Therapeutics: Scientific Advisor, Consulting fee; R. Tipping, Merck: Employee and Shareholder, Salary; M. B. Dorr, Merck & Co., Inc.: Employee and Shareholder, Salary; D. Guris, Merck & Co., Inc.: Employee and Shareholder, Restricted stock options and Salary"
P2_within,EXCLUDE,"S1_PARTITION,S2_PSYCH",,0,False,openalex,W2475109240,10.1016/j.physrep.2016.06.004,2016,Physics Reports,Data based identification and prediction of nonlinear and complex dynamical systems,
P1_psych,EXCLUDE,"S1_PARTITION,S2_PSYCH",,0,False,openalex,W2766816420,10.1007/978-3-319-70093-9_58,2017,Lecture notes in computer science,A Stochastic Neural Firing Generated at a Hopf Bifurcation and Its Biological Relevance,
P1_psych,EXCLUDE,"S1_PARTITION,S2_PSYCH",,0,False,openalex,W2610165750,10.1016/j.applthermaleng.2017.04.152,2017,Applied Thermal Engineering,Self-excited oscillation of non-equilibrium condensation in critical flow nozzle,
P1_psych,EXCLUDE,S1_PARTITION,,0,False,openalex,W2793812700,10.3928/19404921-20180216-01,2018,Research in Gerontological Nursing,Self-Management Support and eHealth When Managing Changes in Behavior and Mood of a Relative With Dementia: An Asynchronous Online Focus Group Study of Family Caregivers' Needs,"The current article discusses how and by whom family caregivers want to be supported in self-management when managing changes in behavior and mood of relatives with dementia and whether family caregivers consider eHealth a useful tool for self-management support. Four asynchronous online focus groups were held with 32 family caregivers of individuals with dementia. Transcripts of the online focus groups were analyzed using qualitative thematic analysis. Family caregivers need support from professionals or peers in the form of (a) information about dementia and its symptoms, (b) tips and advice on managing changes in behavior and mood, (c) opportunities to discuss experiences and feelings, and (d) appreciation and acknowledgement of caregiving. The opinions of family caregivers about self-management support through eHealth were also reported. Findings suggest a personal approach is essential to self-management support for family caregivers managing changes in behavior and mood of relatives with dementia. In addition, self-management support can be provided to some extent through eHealth, but this medium cannot replace personal contacts entirely. [Res Gerontol Nurs. 2018; 11(3):151-159.]."
P1_psych,EXCLUDE,"S1_PARTITION,S2_PSYCH",,0,False,openalex,W2892257402,10.1007/s11340-018-0414-3,2018,Experimental Mechanics,Quantitative In Situ Studies of Dynamic Fracture in Brittle Solids Using Dynamic X-ray Phase Contrast Imaging,
P1_psych,EXCLUDE,S1_PARTITION,,0,False,openalex,W2800063812,10.1097/01.hj.0000533802.94719.11,2018,The Hearing Journal,An Evolving Dialogue on Popular Technology Use,"It is a topic generating an intense amount of conversation and scrutiny among parents, clinicians, researchers, and now even the technology industry itself: What is the impact of all our popular technology use? Of course, it appears there is no simple answer—partly because this subject touches many different areas of potential concern: physical health (e.g., obesity, vision), mental health (e.g., depression, anxiety), safety (e.g., meeting strangers online, identity theft), and so on. One of the most interesting angles is how technology overuse affects communication, something so fundamental to our lives that it is the foundation of just about everything we do. This warrants greater attention.communication, technologyFigureFigureA UBIQUITOUS PRESENCE Over the past decade, our devices have become a major part of our lives. In 2017, Pew Research Center reported that 77 percent of U.S. adults owned a smartphone, up from 35 percent in 2011, making it one of the most quickly-adopted consumer technologies in recent history (Pew Research Center, 2017 https://pewrsr.ch/2GEj991). The allure is by no means limited to adults. Usage is skyrocketing among children, from toddlers to teenagers. Case in point: A 2017 report from Common Sense Media found that the average amount of time children ages 0-8 spend on a mobile device per day tripled since 2013 (The Common Sense Census, 2017 http://bit.ly/2GDrGcl). The amount of time young adults spend on devices is truly mind-boggling. American teenagers (13- to 18-year-olds) average about nine hours (8:56) of entertainment media use on any given day, excluding time spent at school or for homework (The Common Sense Census, 2015 http://bit.ly/2GAcKvk). Many of us seem to have a fraught relationship with technology. We think our kids are spending too much time using it, but we find it difficult to put down our own devices (The Common Sense Census, 2016 http://bit.ly/2GBWFW4). We agree that devices don't belong at the dinner table, yet half of parents report checking their phones there (ASHA, 2016 http://bit.ly/2GCUPEr). Although a healthy balance is sought, it often proves elusive. This desire to unplug has driven a recent uptick in proposed solutions—some of them turning the tables by employing technology to limit its use. One much publicized example is Ariana Huffington's new app Thrive (Fatherly, 2018 http://bit.ly/2GEjU1R). A NEW NAYSAYER: THE TECH INDUSTRY ITSELF One of the more remarkable developments of the past year is growing introspection within Silicon Valley on how the popular technology it created is being used. Several leading figures have publicly raised technology overuse as a concern, questioning its impact on society. This has come from shareholders and former executives at companies including Apple, Google, and Facebook. This self-examination is consistent with findings from the American Speech-Language-Hearing Association (ASHA) polls. In January 2017 and 2018, ASHA surveyed attendees of the Consumer Electronics Show (CES)—the largest annual gathering of technology insiders in the world—about their opinion on popular technology use (ASHA Survey, 2017http://www.asha.org/uploadedFiles/CES-2017-Survey-Results.pdf; ASHA Survey, 2018 http://www.asha.org/uploadedFiles/ASHA-CES-2018-Survey-Results.pdf). Though not scientific (respondents were a mix of attendees who visited ASHA's exhibit booth), the results are telling. Among them: 88 percent of surveyed attendees thought it is important that more prominent industry figures speak out about tech overuse (2018 survey); 86 percent said they would attend a venue, restaurant, or social gathering where personal device usage is prohibited (2018); 67 percent said children should not be allowed to have their own personal tech devices until age 10 or older. Almost a third said children shouldn't even use devices until age 10 or older (2018); 87 percent believed children are spending too much time with technology (2017); 74 percent felt today's popular technology is negatively affecting conversation and social interaction (2017); and 80 percent thought the potential impact of technology should be considered part of a product or an app's development process (2017). A HISTORY OF CHAMPIONING SAFE USE ASHA has been a national leader in voicing the need for healthy use of popular technology from the very beginning, not long after the iPod became the phenomenon that launched a new generation of popular technology devices. Initially, ASHA highlighted the potential risk of hearing loss attached to misuse (listening to devices at too-loud volumes for too long) of devices. In 2006, we commissioned a large-scale national survey about the listening habits of teens and adults who use personal electronic devices that documented widespread misuse within both groups (ASHA, 2006 http://bit.ly/2GDse1T). Media coverage was worldwide. For the next decade, ASHA consistently encouraged safe listening through its award-winning “Listen to Your Buds” cam"
P2_within,EXCLUDE,"S1_PARTITION,S2_PSYCH",,0,True,openalex,W2895476585,10.1093/ofid/ofy210.1171,2018,Open Forum Infectious Diseases,1339. Results for the Supplemental Microbiological Modified Intent-to-Treat (SmMITT) Population of the RESTORE-IMI 1 Trial of Imipenem/Cilastatin/Relebactam (IMI/REL) vs. Imipenem/Cilastatin Plus Colistin (IMI+CST) in Patients with Imipenem-Nonsusceptible (NS) Bacterial Infections,"Abstract Background Clinical trials of new antibacterial agents in patients with carbapenem-resistant infections are critical but challenging to conduct. One challenge is identifying the study population by microbiological (micro) criteria; patients need to be identified locally to initiate effective treatment rapidly, but data standardization requires central laboratory confirmation. REL is a novel β-lactamase inhibitor that can restore imipenem activity against many imipenem-NS Gram-negative pathogens. Here we compare a supplemental analysis population based on local microbiology data (SmMITT eligibility) with the primary analysis population (mMITT) from the RESTORE-IMI 1 trial (NCT02452047) of IMI/REL vs. IMI+CST. Methods Randomized, active-controlled, double-blind, phase 3 trial enrolled adults with hospital-acquired/ventilator-associated bacterial pneumonia (HABP/VABP), complicated intra-abdominal infection (cIAI), or complicated urinary tract infection (cUTI). Patients were mMITT-eligible if pathogens were imipenem-NS (but CST- and IMI/REL-susceptible) based on central laboratory minimum inhibitory concentration (MIC). SmMITT comprised mMITT plus all patients who met inclusion criteria only based on local laboratory MIC. Results The SmMITT population (n = 41 [28 IMI/REL; 13 IMI+CST]) comprised 31 from mMITT plus 10 based on local MIC; 12/41 (29%) had HABP/VABP, 8/41 (20%) cIAI, and 21/41 (51%) cUTI. The majority of differences in central vs. local MIC were 1–2 dilutions; similar numbers of patients were excluded from mMITT due to imipenem susceptibility (n = 5) or IMI/REL-NS (n = 4); 1 patient was CST-NS. Baseline characteristics, including infecting pathogens, were comparable in SmMITT and mMITT (SmMITT: 68% male; 46% ≥65 y; 24% APACHE II score &amp;gt;15; 22% creatinine clearance &amp;lt;60 mL/minute). Rates of efficacy outcomes (overall response, day 28 clinical response, day 28 mortality) were comparable between populations, except that response rates in patients with cIAI were higher in SmMITT (table). Conclusion Consistency of results was demonstrated across two analysis populations in a trial of resistant pathogens. This analysis provides results supportive of expected future clinical use of IMI/REL when treatment decisions will be made based on local laboratory results. Disclosures K. Kaye, Merck &amp; Co., Inc.: Consultant and Research Contractor, Research grant. Melinta, Achaogen, Allergan: Consultant, Consulting fee. T. File, Bio Merieux, Curetis, Melinta, Merck, MotifBio, Nabriva, Paratek, Pfizer: Consultant, Consulting fee. H. W. Boucher, Merck &amp; Co., Inc.: Scientific Advisor, Consulting fee. M. Brown, Merck &amp; Co., Inc.: Employee, Salary. A. Aggrey, Merck &amp; Co., Inc.: Employee, Salary. I. Khan, Merck &amp; Co., Inc.: Employee, Salary. H. K. Joeng, Merck &amp; Co., Inc.: Employee, Salary. R. Tipping, Merck &amp; Co., Inc.: Employee, Salary. J. Du, Merck &amp; Co., Inc.: Employee, Salary. K. Young, Merck &amp; Co., Inc.: Employee, Salary and Stock options. J. Butterton, Merck &amp; Co., Inc.: Employee, Salary and Stock. N. A. Kartsonis, Merck &amp; Co., Inc.: Employee, Salary and Stocks. A. Paschke, Merck &amp; Co., Inc.: Employee and Shareholder, Salary."
P2_within,EXCLUDE,"S1_PARTITION,S2_PSYCH",,0,True,europepmc,PMC6254124,,2018,,1339. Results for the Supplemental Microbiological Modified Intent-to-Treat (SmMITT) Population of the RESTORE-IMI 1 Trial of Imipenem/Cilastatin/Relebactam (IMI/REL) vs. Imipenem/Cilastatin Plus Colistin (IMI+CST) in Patients with Imipenem-Nonsusceptible (NS) Bacterial Infections,"Abstract <h4>Background</h4> Clinical trials of new antibacterial agents in patients with carbapenem-resistant infections are critical but challenging to conduct. One challenge is identifying the study population by microbiological (micro) criteria; patients need to be identified locally to initiate effective treatment rapidly, but data standardization requires central laboratory confirmation. REL is a novel β-lactamase inhibitor that can restore imipenem activity against many imipenem-NS Gram-negative pathogens. Here we compare a supplemental analysis population based on local microbiology data (SmMITT eligibility) with the primary analysis population (mMITT) from the RESTORE-IMI 1 trial (NCT02452047) of IMI/REL vs. IMI+CST. <h4>Methods</h4> Randomized, active-controlled, double-blind, phase 3 trial enrolled adults with hospital-acquired/ventilator-associated bacterial pneumonia (HABP/VABP), complicated intra-abdominal infection (cIAI), or complicated urinary tract infection (cUTI). Patients were mMITT-eligible if pathogens were imipenem-NS (but CST- and IMI/REL-susceptible) based on central laboratory minimum inhibitory concentration (MIC). SmMITT comprised mMITT plus all patients who met inclusion criteria only based on local laboratory MIC. <h4>Results</h4> The SmMITT population (n = 41 [28 IMI/REL; 13 IMI+CST]) comprised 31 from mMITT plus 10 based on local MIC; 12/41 (29%) had HABP/VABP, 8/41 (20%) cIAI, and 21/41 (51%) cUTI. The majority of differences in central vs. local MIC were 1–2 dilutions; similar numbers of patients were excluded from mMITT due to imipenem susceptibility (n = 5) or IMI/REL-NS (n = 4); 1 patient was CST-NS. Baseline characteristics, including infecting pathogens, were comparable in SmMITT and mMITT (SmMITT: 68% male; 46% ≥65 y; 24% APACHE II score >15; 22% creatinine clearance <60 mL/minute). Rates of efficacy outcomes (overall response, day 28 clinical response, day 28 mortality) were comparable between populations, except that response rates in patients with cIAI were higher in SmMITT (table). <h4>Conclusion</h4> Consistency of results was demonstrated across two analysis populations in a trial of resistant pathogens. This analysis provides results supportive of expected future clinical use of IMI/REL when treatment decisions will be made based on local laboratory results. <h4>Disclosures</h4> K. Kaye, Merck & Co., Inc.: Consultant and Research Contractor, Research grant. Melinta, Achaogen, Allergan: Consultant, Consulting fee. T. File, Bio Merieux, Curetis, Melinta, Merck, MotifBio, Nabriva, Paratek, Pfizer: Consultant, Consulting fee. H. W. Boucher, Merck & Co., Inc.: Scientific Advisor, Consulting fee. M. Brown, Merck & Co., Inc.: Employee, Salary. A. Aggrey, Merck & Co., Inc.: Employee, Salary. I. Khan, Merck & Co., Inc.: Employee, Salary. H. K. Joeng, Merck & Co., Inc.: Employee, Salary. R. Tipping, Merck & Co., Inc.: Employee, Salary. J. Du, Merck & Co., Inc.: Employee, Salary. K. Young, Merck & Co., Inc.: Employee, Salary and Stock options. J. Butterton, Merck & Co., Inc.: Employee, Salary and Stock. N. A. Kartsonis, Merck & Co., Inc.: Employee, Salary and Stocks. A. Paschke, Merck & Co., Inc.: Employee and Shareholder, Salary."
P1_psych,EXCLUDE,S1_PARTITION,,0,False,openalex,W2935841106,10.1142/s1793524519500487,2019,International Journal of Biomathematics,Time delay and cross-correlated Gaussian noises-induced stochastic stability and regime shift between steady states for an insect outbreak system,"In this paper, we focus on investigating the stochastic stability and the regime transition between the endangered state and the boom state for a time-delayed insect growth system driven by correlated external and internal noises. By use of the Fokker–Planck equation, the method of small time delay approximation and the fast descent method, we explore in detail the joint action of noise terms and time delay on the mean reproduction and depression time for the insect population. Our investigations indicate that the pseudo-resonance phenomenon of the mean first-passage time (MFPT) occurs because of the impact of different noises and time delay. Through the numerical calculation, it is discovered that multiplicative noise can speed up the shift of the insect population from the boom state to the endangered one, while the noise correlation and time delay can propel the insect system to evolve from the endangered state to the boom state and improve the biological stability. In addition, the impact of the additive noise on the stability of the biological system depends on the positive and negative situation of the noise correlation. On the other hand, during the process of suppressing the insect explosion, it is beneficial to the pest control to amplify the association noise strength and weaken the intensities of the multiplicative, additive noises and time delay. However, during the process of eliminating the pests, it can produce nice effect on the disinsection to increase time delay, the intensities of multiplicative and additive noises and weaken the strength of noise correlation."
P1_psych,EXCLUDE,"S1_PARTITION,S2_PSYCH",,0,False,openalex,W2968748671,10.1016/j.nanoen.2019.104000,2019,Nano Energy,Fully photon modulated heterostructure for neuromorphic computing,
P1_psych,EXCLUDE,"S1_PARTITION,S2_PSYCH",,0,False,openalex,W2922339301,10.1007/s10570-019-02347-7,2019,Cellulose,Fabrication and characterization of cellulose triacetate porous membranes by combined nonsolvent-thermally induced phase separation,
P1_psych,EXCLUDE,"S1_PARTITION,S2_PSYCH",,0,False,openalex,W2939222048,10.1016/j.wear.2019.01.034,2019,Wear,Investigating material removal mechanism of Al-Si base abradable coating in labyrinth seal system,
P1_psych,EXCLUDE,"S1_PARTITION,S2_PSYCH",,0,True,openalex,W2914749237,10.1093/eurheartj/ehz036,2019,European Heart Journal,"Noise, pollution, food, or medication: what really matters in primary prevention?","For the podcast associated with this article, please visit https://academic.oup.com/eurheartj/pages/Podcasts. Primary prevention is of the utmost importance as it aims to avoid major cardiovascular events rather than to treat them.1 Of note, many disease states can be primarily prevented more effectively rather than managed once they occur. However, not all preventive measures are effective, as outlined in this issue. The first step in primary prevention is lifestyle changes. What we eat is one of the most important components of our lifestyle2 responsible for the obesity epidemic and its consequences.2 Functional food is a new concept in primary prevention, as discussed in the review ‘Importance of functional food compounds in cardioprotection through action on the epigenome’ by Vincenzo Lionetti from the Scuola Superiore Sant’Anna in Pisa, Italy, and colleagues.3 Food constituents can promote health or contribute to its demise. Recently, attention has focused on protective effects of dietary components and their metabolites as regulators of the human epigenome,4 which is being linked to cardiovascular diseases. Indeed, there is increasing evidence suggesting that bioactive food compounds may provide cardioprotection. As such, the epigenome may become a nutrient sensor target in cardiovascular patients. While clinical data strongly support a role for effective diet intervention in cardiovascular protection, studies linking changes to the human epigenome are now warranted for mechanistic insight and development of personalized care. The gut microbiome has recently been implicated in cardiovascular health,5 risk assessment,6 and outcomes.7 Bacteria in the gut can metabolize diverse components of ingested food and thereby produce compounds such as trimethylamine (TMA) that impairs cardiovascular function.8 Of note, carnitine and choline are major nutrient precursors for gut microbiota-dependent generation of the atherogenic metabolite trimethylamine N-oxide (TMAO). In their manuscript entitled ‘Impact of chronic dietary red meat, white meat, or non-meat protein on trimethylamine N-oxide metabolism and renal excretion in healthy men and women’, Stanley L. Hazen and colleagues from the Cleveland Clinic in Cleveland, Ohio, USA performed randomized controlled three 4-week isocaloric dietary intervention studies in 113 volunteers to explore the impact of chronic dietary patterns on TMAO levels.9 Chronic red, but not white meat or non-meat ingestion, increased plasma and urine TMAO more than two-fold. Red meat reduced fractional renal excretion of TMAO, but increased fractional renal excretion of carnitine, and two alternative gut microbiota-generated compounds, γ-butyrobetaine and crotonobetaine. Compared with non-meat, red or white meat increased TMA and TMAO production from carnitine, but not from choline. Dietary saturated fat failed to impact on TMAO or its metabolites. Thus, chronic dietary red meat increases systemic TMAO through: (i) enhanced dietary precursors; (ii) increased microbial TMAO production from carnitine, but not from choline; and (iii) reduced renal TMAO excretion. The implications for prevention are further discussed in an Editorial by Allan Davies and myself from the Royal Brompton Hospital in London, UK.10 Environmental factors such as noise and pollution are increasingly recognized novel risk factors for many diseases, including coronary artery disease.11–13 Indeed, in experimental animals, nocturnal noise affects vascular and brain function.14 In their article ‘A systematic analysis of mutual effects of transportation noise and air pollution exposure on myocardial infarction mortality: a nationwide cohort study in Switzerland’ Martin Röösli et al. from the Swiss Tropical and Public Health Institute in Basel, Switzerland aimed to disentangle the risk of the three transportation noise sources, i.e. road, railway, and aircraft traffic, and their air pollutants NO2 and PM2.5 on myocardial infarction mortality in Switzerland.15 They modelled long-term exposure to outdoor road traffic, railway, and aircraft noise levels, as well as NO2 and PM2.5 concentrations to 4.4 million adults in the Swiss National Cohort. Adjusting noise risk estimates of myocardial infarction for NO2 and PM2.5 did not change the hazard ratios per 10 dB increase in road traffic. Conversely, noise-adjusted hazard ratios for air pollutants were lower than corresponding estimates without noise adjustment. Thus, transportation noise is associated with myocardial infarction mortality independent of air pollution. However, air pollution studies not adequately adjusting for transportation noise exposure may overestimate the cardiovascular disease burden of air pollution. These relevant observations are further discussed in an Editorial by Mette Sørensen from the Danish Cancer Society in Copenhagen, Denmark.16 Aspirin is an established therapy for secondary prevention of major adverse cardiovascular events17 and recommended by cu"
P1_psych,EXCLUDE,S1_PARTITION,,0,True,openalex,W2964376753,10.1097/01.hj.0000579596.13787.82,2019,The Hearing Journal,Hearing Wellness Toolkit for Primary Care,"Increasing collaboration between audiologists and physicians helps improve patients’ timely access to audiological care. The first installment of this two-part article underscored the importance of devoting resources toward educating general practitioners about age-related hearing loss (ARHL) and their critical role in its detection.1 The Medicare Annual Wellness Visit (AWV), focused on preventive care and wellness planning, provides a promising springboard for primary care providers to screen for hearing loss in older adults. In this article, we propose developing the EARS model, an adaptation of the KAER Toolkit for cognitive impairment and dementia assessment, to boost the identification of people with hearing loss and/or communication difficulties associated with hearing loss by primary care physicians.Figure: Shutterstock/Monkey Business Images. Hearing loss, audiology, healthcareTable 1: Components of KAER Toolkit. Hearing loss, audiology, healthcareTable 2: EARS Model Hearing Assessment Steps. Hearing loss, audiology, healthcareTable 3: Comorbid Conditions Associated with Hearing Loss Suggesting Need for Referral. Hearing loss, audiology, healthcareTable 4: Hearing Technology Decision Aid. Hearing loss, audiology, healthcareTable 5: HELP: Self-Management Strategies for People with Hearing Loss. Hearing loss, audiology, healthcareTable 6: Practice Recommendations (adapted from Gerontologist. 2018 Jan 18;58(suppl_1):S20-S3110). Hearing loss, audiology, healthcarePROPOSED EARS TOOLKIT FOR PRIMARY CARE Motivated by the prevalence and social and economic costs of dementia, the Gerontological Society of America (GSA) developed the free online KAER toolkit to help primary care providers detect cognitive impairment and dementia at its early stages and make appropriate referrals for follow-up (Table 1).2 GSA considered the Medicare AWV a potential trigger for primary care providers to initiate the detection process.3 The initiative was launched to address the barriers to early detection of cognitive decline and dementia and the link between early detection and early treatment. It also aimed to emphasize the importance of connecting patients and caregivers with community resources for education and support early so they could be involved in making decisions about their care. Incorporating important concepts from the KAER toolkit, the proposed EARS toolkit includes the following: (a) approaches to kick-start a conversation about hearing loss, (b) tips for recognizing signs and symptoms of hearing difficulties, (c) strategies and key messages to use when discussing hearing loss with older adults and their families, and (d) materials and resources on communication strategies for primary care settings (see Table 2). EARS. The first step in the model is to kick-start the conversation about the patient's ears, hearing, and communication ability. Marlow and colleagues speculated that individuals with hearing impairment may be reluctant to disclose their hearing difficulty; some may even try to conceal these difficulties to avoid stigma associated with aging.4 Having primary care providers talk about hearing reminds patients and their families that the ability to hear and communicate is critical to one's well-being and that steps are available to maximize one's ability to engage with others. Opening this conversation may encourage patients and their family members to discuss any hearing-related concerns. At this juncture, physicians can discuss some of the negative health outcomes associated with untreated hearing loss such as risk for falls, communication breakdowns, social disengagement, depression, and compromised physician-patient communication.5 Physicians can also emphasize that hearing loss has been linked to cognitive decline and is considered a modifiable risk factor for dementia.6 It is important to advise physicians to be sensitive to behaviors consistent with a hearing-related difficulty, including incorrect/off-topic responses, requests for repetition when being given instructions, requests for someone to speak louder, and visible strains to understand instructions. Considering the high prevalence of cerumen impaction in older adults, physicians should also be encouraged to conduct an otoscopic exam. ASK. As health care gatekeepers, primary care providers should take the lead role in improving and optimizing patient-practitioner communication starting with hearing heath. Physicians should be encouraged to ask questions about hearing status and hearing access in the patient's social environment. For example, the health care provider can gain insight into a person's auditory integrity by asking, “On a scale of one to 10, how would you rate your hearing and ability to understand others?”7 This open-ended question could lead to specific questions about hearing access in select social environments, such as when watching television, visiting with family and friends, or dining in restaurants. Physicians must und"
P1_psych,EXCLUDE,S1_PARTITION,,0,False,pubmed,30756233,10.1007/s11538-019-00573-5,2019,Bulletin of mathematical biology,Comparison of Deterministic and Stochastic Regime in a Model for Cdc42 Oscillations in Fission Yeast.,"Oscillations occur in a wide variety of essential cellular processes, such as cell cycle progression, circadian clocks and calcium signaling in response to stimuli. It remains unclear how intrinsic stochasticity can influence these oscillatory systems. Here, we focus on oscillations of Cdc42 GTPase in fission yeast. We extend our previous deterministic model by Xu and Jilkine to construct a stochastic model, focusing on the fast diffusion case. We use SSA (Gillespie's algorithm) to numerically explore the low copy number regime in this model, and use analytical techniques to study the long-time behavior of the stochastic model and compare it to the equilibria of its deterministic counterpart. Numerical solutions suggest noisy limit cycles exist in the parameter regime in which the deterministic system converges to a stable limit cycle, and quasi-cycles exist in the parameter regime where the deterministic model has a damped oscillation. Near an infinite period bifurcation point, the deterministic model has a sustained oscillation, while stochastic trajectories start with an oscillatory mode and tend to approach deterministic steady states. In the low copy number regime, metastable transitions from oscillatory to steady behavior occur in the stochastic model. Our work contributes to the understanding of how stochastic chemical kinetics can affect a finite-dimensional dynamical system, and destabilize a deterministic steady state leading to oscillations."
P2_within,EXCLUDE,"S1_PARTITION,S2_PSYCH",,0,False,openalex,W2976749343,10.1016/j.jsv.2019.114981,2019,Journal of Sound and Vibration,Processing time-series of randomly forced self-oscillators: The example of beer bottle whistling,
P2_within,EXCLUDE,"S1_PARTITION,S2_PSYCH",,0,False,openalex,W2914258524,10.1016/j.ijmecsci.2019.01.039,2019,International Journal of Mechanical Sciences,Effect of stochastic parametric noise on vortex induced vibrations,
P2_within,EXCLUDE,"S1_PARTITION,S2_PSYCH",,0,False,openalex,W2981034648,10.1007/978-981-15-0536-2_8,2019,"Energy, environment, and sustainability",Intermittency in a Pitch-Plunge Aeroelastic System,
P1_psych,EXCLUDE,"S1_PARTITION,S2_PSYCH",,0,False,openalex,W3014368048,10.1016/j.amc.2020.125201,2020,Applied Mathematics and Computation,Multiple stability switches and Hopf bifurcations induced by the delay in a Lengyel-Epstein chemical reaction system,
P1_psych,EXCLUDE,"S1_PARTITION,S2_PSYCH",,0,False,openalex,W3038442353,10.1142/s0218127420501047,2020,International Journal of Bifurcation and Chaos,Complexities and Bifurcations Induced by Drug Responses in a Pulsed Tumour-Immune Model,"Responses to drugs play key roles in exploring how drug toxicity affects the evolution of tumour cells. We model pulsed comprehensive therapies using an impulsive tumour-immune model, in which the application of comprehensive therapies is dependent on a threshold tumour size. By employing the definitions and properties of the Poincaré map, we show that the effector cell eradication periodic solution is globally stable under threshold conditions. In the light of bifurcation theorems, it is shown that transcritical bifurcations can occur with respect to many treatment parameters including depletion rate, chemotherapeutic drug concentration, a medicine toxicity coefficient and the accumulation rate of effector cells. Then we provide conditions for the existence of order-[Formula: see text] [Formula: see text] periodic solutions. The results indicate that the threshold [Formula: see text] is sensitive to treatment parameters and the proposed system exists with very complex dynamics when treatment parameters are chosen as bifurcation parameters. Moreover, a therapeutic protocol with a smaller chemotherapy drug dosage and more frequent applications is more effective for maintaining a high tumour cell depletion rate."
P2_within,EXCLUDE,"S1_PARTITION,S2_PSYCH",,0,False,openalex,W3084563494,10.1007/s11071-020-05920-z,2020,Nonlinear Dynamics,The high forecasting complexity of stochastically perturbed periodic orbits limits the ability to distinguish them from chaos,
P2_within,EXCLUDE,"S1_PARTITION,S2_PSYCH",,0,True,openalex,W4394403977,10.6084/m9.figshare.12452567,2020,Figshare,Supplementary Material for: Retrospective Study of Transjugular Intrahepatic Portosystemic Shunt Placement for Cirrhotic Portal Hypertension,"<b><i>Background and Aims:</i></b> Transjugular intrahepatic portosystemic shunt (TIPS) is used for decompressing clinically significant portal hypertension. The aims of this study were to evaluate clinical outcomes and adverse events associated with this procedure. <b><i>Methods:</i></b> Retrospective single-center study including 78 patients submitted to TIPS placement between January 2015 and November 2018. Follow-up data were missing in 27 patients, and finally 51 patients were included in the study sample. Data collected from individual registries included demographics, comorbidities, laboratory results, complications, and clinical results according to the indication. <b><i>Results:</i></b> Average<b><i></i></b>pre-TIPS portosystemic pressure gradient decreased from 18.1 ± 5 to 6 ± 3 mm Hg after TIPS placement. Indications for TIPS were refractory ascites (63%, <i>n</i> = 49), recurrent or uncontrolled variceal bleeding (36%, <i>n</i> = 28), and Budd-Chiari syndrome (1.3%, <i>n</i> = 1). TIPS-related adverse events occurred in 29/51 (56.8%) patients, with hepatic encephalopathy (HE) in 21 (41%) patients, sepsis in 3, liver failure in 2, hemolytic anemia in 1, acute pulmonary edema in 1, and capsular perforation in 1 patient. Mean follow-up was 15.7 ± 15 months. First-month mortality was 11.7% (<i>n</i> = 6) (sepsis, <i>n</i> = 3; acute liver failure, <i>n</i> = 2; and recurrence of variceal bleeding, <i>n</i> = 1) and was significantly higher for patients with Child-Pugh &gt;9 points (<i>p</i> = 0.01), model of end-stage liver disease (MELD) scores &gt;19 (<i>p</i> = 0.02), and for patients with a history of HE before the procedure (<i>p</i> = 0.001). Older age (<i>p</i> = 0.006) and higher levels of creatinine (<i>p</i> = 0.008) were significantly higher in patients developing HE after TIPS. Ascites persisted in 21.2% (7/33 patients) and was more frequent in patients with lower baseline albumin levels (<i>p</i> = 0.003). Recurrent variceal bleeding occurred in 22% (<i>n</i> = 4/18 patients) and was more frequent in patients with lower baseline hemoglobin levels (<i>p</i> = 0.03). <b><i>Conclusion:</i></b> TIPS is effective in up to 80% of patients presenting with variceal bleeding or refractory ascites. Careful patient selection based on age and HE history may reduce adverse events after TIPS."
P1_psych,EXCLUDE,"S1_PARTITION,S2_PSYCH",,0,False,openalex,W3119230797,10.1007/s11063-020-10395-5,2021,Neural Processing Letters,Bifurcations Induced by Self-connection Delay in High-Order Fractional Neural Networks,
P1_psych,EXCLUDE,"S1_PARTITION,S2_PSYCH",,0,False,openalex,W3195745842,10.1016/j.jfranklin.2021.08.003,2021,Journal of the Franklin Institute,The effect of delay interval on the feedback control for a turbidostat model,
P1_psych,EXCLUDE,"S1_PARTITION,S2_PSYCH",,0,False,openalex,W3129685246,10.1016/j.engfracmech.2021.107620,2021,Engineering Fracture Mechanics,Three-dimensional numerical investigation of the interaction between multiple hydraulic fractures in horizontal wells,
P1_psych,EXCLUDE,S1_PARTITION,,0,False,openalex,W3217769473,10.1063/5.0075474,2021,AIP conference proceedings,Effects of competitor species growth rate on species biodiversity,"Due to various factors, biodiversity is under severe threat, and these forces include multiple complex interactions within the ecosystem. Nature consists of different kind of interacting species, thus how the presence of a competing species with varying growth rates ability impacts the other interacting species has remained unexplored in the ecological literature. To investigate the effects of the varying growth rate of competitor species and its interactions with other biotic factors, we revisit a simple multi-species ecological model and analyse the model with the techniques of modelling and dynamical systems. We present some findings concerning how the changing level of the growth rate of competitor species affect multi-species community dynamics. We observe the emergence of transcritical, Hopf and limit point bifurcations in this model. Each of these bifurcation points affects species composition (presence-absence) in the ecological system. For example, transcritical bifurcation triggers the extinction of species and acts as an invasion boundary in the ecological system. Limit point is where the two equilibrium meets and annihilate each other in the system, and often catastrophic ecological observation occurs beyond this point. Hopf bifurcation induces oscillatory behaviour in the ecological system as species population densities fluctuate from some minimum to maximum population densities as time progress. These types of oscillatory dynamics can pose a significant danger to species diversity in this ecological system as it leads to the extinction of species in some cases."
P2_within,EXCLUDE,"S1_PARTITION,S2_PSYCH",,0,False,openalex,W3198533797,10.1016/j.quascirev.2021.107177,2021,Quaternary Science Reviews,Early-warning signals for Cenozoic climate transitions,
P2_within,EXCLUDE,"S1_PARTITION,S2_PSYCH",,0,False,openalex,W4393660471,10.5281/zenodo.4745957,2021,Zenodo (CERN European Organization for Nuclear Research),PIANO (Penetration and Interruption of Alpine Foehn) - MOMAA weather station data set,"<strong>ABSTRACT</strong> This is the data set of nine MOMAA weather stations operated during the field campaign of the research project PIANO (Penetration and Interruption of Alpine Foehn) in the Inn Valley and Wipp Valley near Innsbruck, Austria, during fall and early winter 2017. The goal of the campaign was to study the erosion of cold air pools during south foehn and the associated foehn breakthrough at the valley floor in the vicinity of Innsbruck as well as the subsequent foehn breakdown. The campaign comprises seven Intensive Observation Periods (IOPs), more specifically six south foehn events (IOP 2 to IOP 7) and one west foehn (IOP 1). <strong>DATA SET DESCRIPTION</strong> <strong>1. Spatial coverage and locations</strong> Nine portable automatic weather stations (AWS), so-called MOMAA weather stations, were operated during the PIANO field campaign in the greater Innsbruck area, Austria. MOMAA stands for mobile measurement network for Alpine atmospheric research, which is an infrastructure that belongs to the Innsbruck Atmospheric Observatory (IAO). Most of the weather stations were operated at the floor of the Inn Valley between the villages Inzing (west of Innsbruck) and Volders (east of Innsbruck). One station was installed in Innsbruck on the rooftop of the former Hotel Hilton about 50 m above street level. Two stations were deployed at the slope of the Inn Valley at Ölberg in the north and Bergisel in the south of Innsbruck. One station was operated in the Wipp Valley at the village of Patsch close to the radiosonde site and not far from an eddy covariance station. The station coordinates and heights are listed in the data file and a description of the locations is given here (see also momaa_locations.png): M02: Völs M03: Innsbruck/Bergisel M04: Patsch/Pfaffenbichl M05: Innsbruck/Ölberg M06: Innsbruck/Hotel Hilton M07: Innsbruck/Saggen/Kettenbrücke M08: Volders M09: Unterperfuss M10: Inzing/Zirl/Modellflugplatz The MOMAA stations were installed to complement the operational AWS networks of the national weather service ZAMG and other institutions. <strong>2. Temporal coverage</strong> The PIANO field campaign took place during fall and early winter 2017. However, the MOMAA data set is available for the period from about mid August 2017 to mid December 2017. Two stations (M04 and M06) remained in operation until the beginning of February 2018. Due to malfunctions, short data gaps occurred in early September 2017. Moreover, precipitation data is missing for M07 on 27 and 28 October due to a blocked rain gauge and soil temperature data for the same station is missing in mid September due to a damaged sensor. The exact operating times are: M02: 1300 UTC 15 Aug 2017 to 1359 UTC 11 Dec 2017 M03: 1230 UTC 12 Aug 2017 to 1059 UTC 11 Dec 2017 M04: 1200 UTC 15 Aug 2017 to 1459 UTC 08 Feb 2018 M05: 0630 UTC 13 Aug 2017 to 1359 UTC 11 Dec 2017 M06: 1100 UTC 13 Aug 2017 to 1459 UTC 08 Deb 2018 M07: 1730 UTC 29 Aug 2017 to 1429 UTC 11 Dec 2017 M08: 0830 UTC 18 Aug 2017 to 1429 UTC 11 Dec 2017 M09: 0800 UTC 28 Aug 2017 to 1329 UTC 11 Dec 2017 M10: 1330 UTC 29 Aug 2017 to 1329 UTC 11 Dec 2017 <strong>3. Instrument details</strong> <strong>Sensor type</strong> Measurements were taken with nine automatic weather stations manufactured by the Swiss company SensAlpin. Each station consists of the following sensors and hardware: Data logger (Campbell CR1000) Air temperature and humidity sensor (Rotronic HC2A-S3) mounted in an actively ventilated radiation shield (Rotronic RS12T) 2D ultra sonic anemometer (Gill WindSonic) Net radiometer (Kipp&amp;Zonen NR Lite) Barometer (Campbell CS100, Sera model 278) Tipping bucket rain gauge (RM Young model 520202 or 52203) Two soil temperature sensors (Campbell thermistor 107) GSM modem Battery and solar panel Aluminum telescopic mast, side boom and tripod (Letrona) Two stations (M05 at Ölberg and M06 at Hotel Hilton) had no rain gauge, no net radiometer and no soil temperature sensors. <strong>MOMAA ID number and location</strong> The MOMAA ID numbers mentioned in the data file (02 to 10) correspond to the ID numbers (M02 to M10) used internally at ACINN (they are indicated on each logger box). Station M01 was not used during PIANO. GPS coordinates and heights of all MOMAA stations are provided in the data file. <strong>Time and measurement interval</strong> Time in the data file is in UTC. The measurement interval is 1 minute. A measurement value represents either a 1-minute average (arithmetic average for scalar quantities and vector average for wind quantities), a maximum within 1 minute or a sum over 1 minute. <strong>Installation height</strong> The wind sensor was mounted 3.5 m above ground (AGL). The air temperature and humidity sensor was installed at 2 m (AGL). The rain gauge and the net radiometer were mounted on a side boom at 1.8 m AGL. The height of the barometer is different for each station (between 0.5 and 1 m AGL) and is listed in the data file. Where possible"
P2_within,EXCLUDE,"S1_PARTITION,S2_PSYCH",,0,False,openalex,W4393664385,10.5281/zenodo.4745956,2021,Zenodo (CERN European Organization for Nuclear Research),PIANO (Penetration and Interruption of Alpine Foehn) - MOMAA weather station data set,"<strong>ABSTRACT</strong> This is the data set of nine MOMAA weather stations operated during the field campaign of the research project PIANO (Penetration and Interruption of Alpine Foehn) in the Inn Valley and Wipp Valley near Innsbruck, Austria, during fall and early winter 2017. The goal of the campaign was to study the erosion of cold air pools during south foehn and the associated foehn breakthrough at the valley floor in the vicinity of Innsbruck as well as the subsequent foehn breakdown. The campaign comprises seven Intensive Observation Periods (IOPs), more specifically six south foehn events (IOP 2 to IOP 7) and one west foehn (IOP 1). <strong>DATA SET DESCRIPTION</strong> <strong>1. Spatial coverage and locations</strong> Nine portable automatic weather stations (AWS), so-called MOMAA weather stations, were operated during the PIANO field campaign in the greater Innsbruck area, Austria. MOMAA stands for mobile measurement network for Alpine atmospheric research, which is an infrastructure that belongs to the Innsbruck Atmospheric Observatory (IAO). Most of the weather stations were operated at the floor of the Inn Valley between the villages Inzing (west of Innsbruck) and Volders (east of Innsbruck). One station was installed in Innsbruck on the rooftop of the former Hotel Hilton about 50 m above street level. Two stations were deployed at the slope of the Inn Valley at Ölberg in the north and Bergisel in the south of Innsbruck. One station was operated in the Wipp Valley at the village of Patsch close to the radiosonde site and not far from an eddy covariance station. The station coordinates and heights are listed in the data file and a description of the locations is given here (see also momaa_locations.png): M02: Völs M03: Innsbruck/Bergisel M04: Patsch/Pfaffenbichl M05: Innsbruck/Ölberg M06: Innsbruck/Hotel Hilton M07: Innsbruck/Saggen/Kettenbrücke M08: Volders M09: Unterperfuss M10: Inzing/Zirl/Modellflugplatz The MOMAA stations were installed to complement the operational AWS networks of the national weather service ZAMG and other institutions. <strong>2. Temporal coverage</strong> The PIANO field campaign took place during fall and early winter 2017. However, the MOMAA data set is available for the period from about mid August 2017 to mid December 2017. Two stations (M04 and M06) remained in operation until the beginning of February 2018. Due to malfunctions, short data gaps occurred in early September 2017. Moreover, precipitation data is missing for M07 on 27 and 28 October due to a blocked rain gauge and soil temperature data for the same station is missing in mid September due to a damaged sensor. The exact operating times are: M02: 1300 UTC 15 Aug 2017 to 1359 UTC 11 Dec 2017 M03: 1230 UTC 12 Aug 2017 to 1059 UTC 11 Dec 2017 M04: 1200 UTC 15 Aug 2017 to 1459 UTC 08 Feb 2018 M05: 0630 UTC 13 Aug 2017 to 1359 UTC 11 Dec 2017 M06: 1100 UTC 13 Aug 2017 to 1459 UTC 08 Deb 2018 M07: 1730 UTC 29 Aug 2017 to 1429 UTC 11 Dec 2017 M08: 0830 UTC 18 Aug 2017 to 1429 UTC 11 Dec 2017 M09: 0800 UTC 28 Aug 2017 to 1329 UTC 11 Dec 2017 M10: 1330 UTC 29 Aug 2017 to 1329 UTC 11 Dec 2017 <strong>3. Instrument details</strong> <strong>Sensor type</strong> Measurements were taken with nine automatic weather stations manufactured by the Swiss company SensAlpin. Each station consists of the following sensors and hardware: Data logger (Campbell CR1000) Air temperature and humidity sensor (Rotronic HC2A-S3) mounted in an actively ventilated radiation shield (Rotronic RS12T) 2D ultra sonic anemometer (Gill WindSonic) Net radiometer (Kipp&amp;Zonen NR Lite) Barometer (Campbell CS100, Sera model 278) Tipping bucket rain gauge (RM Young model 520202 or 52203) Two soil temperature sensors (Campbell thermistor 107) GSM modem Battery and solar panel Aluminum telescopic mast, side boom and tripod (Letrona) Two stations (M05 at Ölberg and M06 at Hotel Hilton) had no rain gauge, no net radiometer and no soil temperature sensors. <strong>MOMAA ID number and location</strong> The MOMAA ID numbers mentioned in the data file (02 to 10) correspond to the ID numbers (M02 to M10) used internally at ACINN (they are indicated on each logger box). Station M01 was not used during PIANO. GPS coordinates and heights of all MOMAA stations are provided in the data file. <strong>Time and measurement interval</strong> Time in the data file is in UTC. The measurement interval is 1 minute. A measurement value represents either a 1-minute average (arithmetic average for scalar quantities and vector average for wind quantities), a maximum within 1 minute or a sum over 1 minute. <strong>Installation height</strong> The wind sensor was mounted 3.5 m above ground (AGL). The air temperature and humidity sensor was installed at 2 m (AGL). The rain gauge and the net radiometer were mounted on a side boom at 1.8 m AGL. The height of the barometer is different for each station (between 0.5 and 1 m AGL) and is listed in the data file. Where possible"
P1_psych,EXCLUDE,"S1_PARTITION,S2_PSYCH",,0,False,openalex,W4311173378,10.1016/j.jde.2022.11.044,2022,Journal of Differential Equations,Bifurcations in a diffusive resource-consumer model with distributed memory,
P1_psych,EXCLUDE,"S1_PARTITION,S2_PSYCH",,0,False,openalex,W4225710946,10.1007/s11071-021-07106-7,2022,Nonlinear Dynamics,Pattern formation in a reaction–diffusion rumor propagation system with Allee effect and time delay,
P1_psych,EXCLUDE,"S1_PARTITION,S2_PSYCH",,0,False,openalex,W4283575939,10.1007/s11071-022-07606-0,2022,Nonlinear Dynamics,Modal coupled vibration behavior of piezoelectric L-shaped resonator induced by added mass,
P1_psych,EXCLUDE,"S1_PARTITION,S2_PSYCH",,0,False,openalex,W4280551225,10.1007/s10409-021-09011-x,2022,Acta Mechanica Sinica,Numerical studies on weak and strong ignition induced by reflected shock and boundary layer interaction,
P1_psych,EXCLUDE,"S1_PARTITION,S2_PSYCH",,0,False,openalex,W4280529844,10.1007/s12190-022-01744-9,2022,Journal of Applied Mathematics and Computing,Effect of toxicant on the dynamics of a delayed diffusive predator-prey model,
P1_psych,EXCLUDE,"S1_PARTITION,S2_PSYCH",,0,False,openalex,W4283578611,10.1136/annrheumdis-2022-eular.2080,2022,Annals of the Rheumatic Diseases,OP0005-PARE DEVELOPMENT OF CONVERSATION AIDS: HOW TO GET THE MOST OUT OF YOUR RMD APPOINTMENT AND ADVANCE YOUR QUALITY OF LIFE,
P1_psych,EXCLUDE,"S1_PARTITION,S2_PSYCH",,0,False,openalex,W4388161436,10.1016/j.physd.2023.133969,2023,Physica D Nonlinear Phenomena,Tipping in a low-dimensional model of a tropical cyclone,
P1_psych,EXCLUDE,"S1_PARTITION,S2_PSYCH",,0,False,openalex,W4360612190,10.1038/s41589-023-01302-9,2023,Nature Chemical Biology,Unbalanced response to growth variations reshapes the cell fate decision landscape,
P1_psych,EXCLUDE,"S1_PARTITION,S2_PSYCH",,0,False,openalex,W4390225432,10.1007/s00603-023-03693-6,2023,Rock Mechanics and Rock Engineering,Effects of Loading Rate and Notch Geometry on Dynamic Fracture Behavior of Rocks Containing Blunt V-Notched Defects,
P1_psych,EXCLUDE,S1_PARTITION,,0,False,openalex,W4380758289,10.1016/j.probengmech.2023.103480,2023,Probabilistic Engineering Mechanics,Dynamical responses for a vertical vibration model of a four-roller cold rolling mill under combined stochastic and harmonic excitations,"Considering that random fluctuations can affect the rolling process of cold rolling mills, leading to abnormal cold mill performance and defects in the rolled product. Therefore, it is crucial to study the influence of random fluctuations on the system of cold rolling mills. In this paper, taking a model of the vertical vibration of a four-roller cold rolling mill under harmonic excitation as a prototype class for a real system, the effects of random fluctuations on the system response are analyzed. Firstly, based on the deterministic vertical vibration model of a four-roller cold rolling mill under harmonic excitation , a stochastic vertical vibration model of a four-roller cold rolling mill with random fluctuation as Gaussian white noise is introduced. Subsequently, the vertical vibration model of a four-roller rolling mill is theoretically analyzed by the averaging method and the stochastic averaging method, respectively. The effectiveness of the proposed theoretical method is verified by numerical simulation results, and the influences of harmonic excitation and random excitation on the system response are also investigated in detail. Finally, the results show that the noise induces the occurrence of stochastic transitions and bifurcations, and the steady-state probability density function and time history diagrams are given to further explain the existence of these dynamic phenomena. The related research can provide theoretical guidance for the realization of vibration control and reliability design in the four-roller cold rolling mill system."
P1_psych,EXCLUDE,"S1_PARTITION,S2_PSYCH",,0,False,openalex,W4386947296,10.1016/j.nanoen.2023.108928,2023,Nano Energy,A flexible PI/graphene heterojunction optoelectronic device modulated by TENG and UV light for neuromorphic vision system,
P1_psych,EXCLUDE,"S1_PARTITION,S2_PSYCH",,0,False,openalex,W4366687128,10.1007/s40042-023-00811-z,2023,Journal of the Korean Physical Society,Polymeric gate insulators to induce synaptic photoresponse of organic transistors,
P1_psych,EXCLUDE,"S1_PARTITION,S2_PSYCH",,0,False,openalex,W4376149588,10.1134/s1063785023010042,2023,Technical Physics Letters,Analysis of Regional Scenarios of New Epidemic Waves of SARS-CoV-2 Coronavirus Based on Equations with a Deviating Argument and Damping Functions,"Abstract The methods we develop within the framework of transient technical process modeling are adaptable to the tasks of biophysics—both to the prediction of invasions of aggressive species and to the analysis of the dynamics of epidemics. The practical application of modeling results to predict the development of the modern pandemic in 2020 has shown the fundamental limitations of the basic methods of model building. Based on an analysis of the properties of the deterministic SIRS model, it has not been possible to present the variety of forms that the regional dynamics of coronavirus spread has taken. The characteristics of the epidemic process do not remain constant, as a variable pathogen evolves competitively. The phenomena since the outbreak of COVID-19 have proven to be much more complex than the naturally fading waves of pandemic influenza strains as immunity accumulates. The development of a scenario approach to the analysis of individual epidemic situations is promising, taking into account the logic of the evolution of the pathogen and adaptation to the peculiarities of its spread in local populations. We performed an analysis of the available data in terms of oscillation forms to get an idea of the real qualitative diversity of local wavelike dynamics of the epidemic of coronavirus strains and identify some special development scenarios described as a catastrophic cycle breakdown on the basis of the known phase-portrait transformations. Applying a bifurcation approach to the epidemic data, we were able to identify features of local forms of oscillatory epidemic processes. We classified the observed phenomena of outbreaks and attenuation of coronavirus infection waves by correlating the dynamics of epidemics with nonlinear effects. We derived scenarios for a number of epidemic situations (in Brazil, New York, and Japan) using lagged equations. It is shown on the basis of comparison of specific situations that the dynamics of epidemics evolve diversely and variably at the current stage according to the internal unpredictable logic of the confrontation process, which is determined by the rate of change in the joint evolution of the virus and population immunity, including the previously formed T-cell immunity. We were able to analyze variants of COVID-wave transformations in lagged equations using the idea of distinguishing bifurcation-inducing parameters. It is substantiated that all nonlinear effects and transformations of oscillatory modes, isolated by epidemic plots, cannot in principle be obtained within a single model. Comparative scenario analysis supports the hypothesis that epidemic processes are primarily influenced by population immunity and contact density. Vaccination has failed to complete the emergence of new waves of infections, but clearly affects the properties of local oscillatory regimes of disease incidence. Experience with new outbreaks of COVID-19 in 2023 in Sweden, New Zealand, Japan, and South India with fundamentally different coping strategies showed that sustained population immunity blocking coronavirus transmission could not be achieved over the long term. Our assumed scenario for the end of the pandemic is the formation of four stable strains whose sporadic circulation in the regions is controlled by CD8+ T-cell immunity."
P2_within,EXCLUDE,"S1_PARTITION,S2_PSYCH",,0,False,openalex,W4382360387,10.1016/j.jfluidstructs.2023.103912,2023,Journal of Fluids and Structures,A complex networks based approach to nonlinear aeroelasticity,
P2_within,EXCLUDE,"S1_PARTITION,S2_PSYCH",,0,False,openalex,W4389096149,10.21203/rs.3.rs-3610740/v1,2023,Research Square,Quantifying Tipping Risks in Power Grids and beyond,
P1_psych,EXCLUDE,"S1_PARTITION,S2_PSYCH",,0,False,openalex,W4404288447,10.1016/j.jmps.2024.105954,2024,Journal of the Mechanics and Physics of Solids,Poroelastic fracture of polyacrylamide hydrogels: Enhanced crack tip swelling driven by chain scission,
P1_psych,EXCLUDE,S1_PARTITION,,0,False,openalex,W4400168101,10.1007/978-3-031-38391-5_11,2024,,"Cortical Neurodynamics, Schizophrenia, Depression, and Obsessive-Compulsive Disorder",
P1_psych,EXCLUDE,S1_PARTITION,,0,True,openalex,W4390949297,10.1137/23m154546x,2024,SIAM Journal on Applied Dynamical Systems,Dynamics on Hepatitis B Virus Infection In Vivo with Interval Delay,".In view of the molecular biological mechanism of the cytotoxic T lymphocytes proliferation induced by hepatitis B virus infection in vivo, a novel dynamical model with interval delay is proposed. The interval delay is determined by two delay parameters, namely delay center and delay radius. We derive the basic reproduction number \(\mathcal{R}_0\) for the viral infection and obtain that the virus-free equilibrium (VFE) is globally asymptotically stable if \(\mathcal{R}_0\lt 1\). When \(\mathcal{R}_0\gt 1\), besides VFE, the unique virus-present equilibrium (VPE) exists and the conditions of its asymptotical stability are obtained. Moreover, we study the Hopf bifurcations induced by the two delay parameters. Although there is no mitotic term in the target-cell dynamics, the results indicate that both these delay parameters can lead to periodic fluctuations at VPE, but only the smaller delay radius will destabilize the system, which is different from the classical discrete delay or distributed delay. Numerical simulations indicate that the proposed model can capture the profiles of the clinical data of two untreated chronic hepatitis B patients. The ability of interval delay to destabilize the system is between discrete delay and distributed delay, and the delay center plays the primary role. Pharmaceutical treatment can affect the stability of VPE and induce the fast-slow periodic phenomenon.KeywordsHBV infectionimmune responseinterval delaystabilityHopf bifurcationMSC codes92D2534D23"
P1_psych,EXCLUDE,"S1_PARTITION,S2_PSYCH",,0,False,openalex,W4393299962,10.1061/jaeeez.aseng-5451,2024,Journal of Aerospace Engineering,Experimental Study of the Vibration of Blades Induced by Flow and Sound in a Plane Cascade under Low Wind Speed,"Vibration causes compressor rotor blade failure that affects aeroengine safety. Therefore, a plane cascade model of rotor blades was developed to capture the vibration phenomenon. The blade vibration, vortex shedding, and aerodynamic noise were measured. The results indicate that flow and noise induce a natural vibration mode, resulting in torsional vibration fatigue damage. The frequency of trailing edge vortex shedding is consistent with the frequency of tip clearance leakage vortex pulsation and is close to the second-order modal frequency of the blade, which induces torsional vibrations. The triple frequency of the background noise peak frequency in the wind tunnel is consistent with the first standing wave acoustic resonance modal frequency of the cascade experimental section duct and is close to the third-order natural modal frequency of the blade, which induces bending and torsional vibrations. This research provides guidance for the study of rotor blade multifield coupling-induced vibration."
P1_psych,EXCLUDE,"S1_PARTITION,S2_PSYCH",,0,False,openalex,W4397030777,10.1016/j.conbuildmat.2024.136655,2024,Construction and Building Materials,Experimental and numerical studies of the effects of micro/nano carbon fibers in the dynamic behavior of cement-based grouting materials for reinforcement of sand layers,
P1_psych,EXCLUDE,"S1_PARTITION,S2_PSYCH",,0,False,openalex,W4402795407,10.1007/978-981-97-4746-7_12,2024,,Impact of Stone Mining on Community/Public Health and Safety Measures,
P1_psych,EXCLUDE,"S1_PARTITION,S2_PSYCH",,0,False,openalex,W4393305900,10.1113/ep091836,2024,Experimental Physiology,Death by nitrogen anoxia: On the integrated physiology of human execution,"In opposition to any stated opinion that the death penalty and state execution are somehow humane, we demonstrate herein that the latest method, nitrogen anoxia, invoked by the state of Alabama is inherently inhumane. From a respiratory and cerebral bioenergetics approach, we show that both the methods used and their application are flawed with physiological and forensic misconceptions. We are in lock-step with the leagues of death penalty opponents and consider that its use should be discontinued immediately. However, given that it appears that several US states will simply not stop killing their citizens, based on physiological considerations, might they at least consider a less painful method than nitrogen anoxia, although none may be considered humane? The Athenian philosopher Socrates, an unconventional thinker who openly challenged the legitimacy and authority of the warlike gods promoted by the state, was found guilty of corrupting the youth with his ideas. Sentenced to death in 399 BC, he was required to carry out his own execution by consuming a deadly concoction thought, by some, to contain the poisonous plant Conium maculatum, known popularly as hemlock, causing death by respiratory paralysis and suffocation. Socrates’ last request was for an offering to thank the physician god Asklepios for providing such an effective poison (Bailey, 2018). With rotten descent of democracy into mob rule, Athens lost one of its greatest thinkers owing to a perceived threat. Fast forward almost two and a half millennia to the case of Kenneth Smith, an alleged contract killer in the state of Alabama (Andone et al., 2024) who became the first person known to be executed by nitrogen anoxia, and you will be forgiven for thinking that little has changed. With a misinformed, some may say delusional, focus on improving the means (supposedly more humane) rather than questioning its underlying ethos, Smith's case achieves nothing more than to highlight the ongoing barbarity of state execution, an atavistic relic from the past with a chequered history. In bygone eras, public executions by extended torture, crucifixion, burning and disembowelling, or by hanging, drawing and quartering, for example, served as painful warnings to the public against bad behaviour or incurring political (as Socrates) or religious disfavour, with death secondary to the infliction of pain and retribution. Society has sought supposedly more humane and dignified means of killing its unwanted citizens, looking to lessen the suffering of the condemned. Practices such as hanging, decapitation (e.g. by sword, Louisette or guillotine), electrocution (proposed by none other than Thomas Edison himself), shooting, gassing or lethal injection of a fast-acting anaesthetic (sodium thiopental), muscle-paralysing agent (pancuronium bromide) and cardiotoxin (potassium chloride, reviewed by Quine et al., 1988), either directly or indirectly, arrest O2 delivery to the brain, resulting in rapid loss of consciousness and subsequent death. On Thursday 25 January 2024, Kenneth Smith was executed by being forced to inhale supposedly pure nitrogen gas supplied into a mask (Andone et al., 2024). Smith was pronounced dead at 8:25 pm, and the Alabama Department of Corrections Commissioner, John Hamm, reported that nitrogen was running into Smith's mask for ∼15 min and he thought that Smith held his breath for the initial 4 min. Eyewitnesses observed that Smith seemed to be conscious for ‘several’ minutes into the execution before ∼2 min of shaking and writhing on the gurney followed by several more minutes of deep breathing prior to breathing slowing progressively until it was ‘no longer perceptible for (sic) media witnesses’. America is unusual among Western countries in still enforcing the death penalty since it was reinstated by the Supreme Court in 1976. Whether the killing of citizens is viewed as just punishment or as a moral, judicial and societal failing, the claim has been made by the state of Alabama that so-called ‘nitrogen hypoxia’, which is, in fact, nitrogen anoxia, is ‘perhaps the most humane method of execution ever devised’. This statement runs contrary to the opinion of Smith's spiritual adviser, Reverend Jeff Hood, who had watched previous executions by lethal injection, commenting that Smith's death was ‘the most horrible thing I have ever seen’ (Andone et al., 2024). It is pertinent that the state's published nitrogen anoxia execution protocol is heavily redacted to shield explicit details from public scrutiny. That said, the indication is that room air, containing 20.9% O2, balance (78%) nitrogen, is replaced at the turn of a valve by pure (100%) nitrogen. As physiologists, it is our imperative to examine all facets of physiological regulation and how nitrogen anoxia impacts the body until death. Drawing on an extensive literature in both humans and animals (euthanasia), the science of judo's shime waza strangles (used also in Brazilian jiu-jitsu) and "
P1_psych,EXCLUDE,"S1_PARTITION,S2_PSYCH",,0,True,openalex,W4400912291,10.7554/elife.96507.3.sa0,2024,,eLife assessment: The mechanism of mammalian proton-coupled peptide transporters,"Full text Figures and data Peer review Side by side Abstract eLife assessment eLife digest Introduction Results Discussion Materials and methods Data availability References Article and author information Metrics Abstract Proton-coupled oligopeptide transporters (POTs) are of great pharmaceutical interest owing to their promiscuous substrate binding site that has been linked to improved oral bioavailability of several classes of drugs. Members of the POT family are conserved across all phylogenetic kingdoms and function by coupling peptide uptake to the proton electrochemical gradient. Cryo-EM structures and alphafold models have recently provided new insights into different conformational states of two mammalian POTs, SLC15A1, and SLC15A2. Nevertheless, these studies leave open important questions regarding the mechanism of proton and substrate coupling, while simultaneously providing a unique opportunity to investigate these processes using molecular dynamics (MD) simulations. Here, we employ extensive unbiased and enhanced-sampling MD to map out the full SLC15A2 conformational cycle and its thermodynamic driving forces. By computing conformational free energy landscapes in different protonation states and in the absence or presence of peptide substrate, we identify a likely sequence of intermediate protonation steps that drive inward-directed alternating access. These simulations identify key differences in the extracellular gate between mammalian and bacterial POTs, which we validate experimentally in cell-based transport assays. Our results from constant-PH MD and absolute binding free energy (ABFE) calculations also establish a mechanistic link between proton binding and peptide recognition, revealing key details underpining secondary active transport in POTs. This study provides a vital step forward in understanding proton-coupled peptide and drug transport in mammals and pave the way to integrate knowledge of solute carrier structural biology with enhanced drug design to target tissue and organ bioavailability. eLife assessment This study provides important insight into the mechanisms of proton-coupled oligopeptide transporters. It uses enhanced-sampling molecular dynamics (MD), backed by cell-based assays, revealing the importance of protonation of selected residues for PepT2 function. The simulation approaches are convincing, using long MD simulations, constant-pH MD and free energy calculations. Overall, the work has led to findings that will appeal to structural biologists, biochemists, and biophysicists studying membrane transporters. https://doi.org/10.7554/eLife.96507.3.sa0 Read the peer reviews About eLife assessments eLife digest The cells in our body are sealed by a surrounding membrane that allows them to control which molecules can enter or leave. Desired molecules are often imported via transport proteins that require a source of energy. One way that transporter proteins achieve this is by simultaneously moving positively charged particles called protons across the membrane. Proteins called POTs (short for proton-coupled oligopeptide transporters) use this mechanism to import small peptides and drugsin to the cells of the kidney and small intestine. Sitting in the centre of these transporters is a pocket that binds to the imported peptide which has a gate on either side: an outer gate that opens towards the outside of the cell, and an inner gate that opens towards the cell's interior. The movement of protons from the outer to the inner gate is thought to shift the shape of the transporter from an outwards to an inwards-facing state. However, the molecular details of this energetic coupling are not well understood. To explore this, Lichtinger et al. used computer simulations to pinpoint where protons bind on POTs to trigger the gates to open. The simulations proposed that two sites together make up the outward-facing gate, which opens upon proton binding. Lichtinger et al. then validated these sites experimentally in cultured human cells that produce mutant POTs. After the desired peptide/drug has attached to the binding pocket, the protons then move to two more sites further down the transporter. This triggers the inner gate to open, which ultimately allows the small molecule to move into the cell. These findings represent a significant step towards understanding how POTs transport their cargo. Since POTs can transport a range of drugs from the digestive tract into the body, these results could help researchers design molecules that are better absorbed. This could lead to more orally available medications, making it easier for patients to adhere to their treatment regimen. Introduction Cells require an external lipid membrane to separate their internal cytoplasm from the environment. Since the membrane permeability of common solutes spans ten orders of magnitude, some molecules diffuse readily across the membrane, while the translocation of others requires facilitation by carriers (Stil"
P2_within,EXCLUDE,"S1_PARTITION,S2_PSYCH",,0,False,openalex,W4404696037,10.1016/j.combustflame.2024.113846,2024,Combustion and Flame,Effects of noise intensity on early warning indicators of thermoacoustic instability: An experimental investigation on a lean-premixed combustion system,
P2_within,EXCLUDE,"S1_PARTITION,S2_PSYCH",,0,False,pubmed,38400588,10.1002/ecy.4240,2024,Ecology,Early warning indicators capture catastrophic transitions driven by explicit rates of environmental change.,"In response to external changes, ecosystems can undergo catastrophic transitions. Early warning indicators aim to predict such transitions based on the phenomenon of critical slowing down at bifurcation points found under a constant environment. When an explicit rate of environmental change is considered, catastrophic transitions can become distinct phenomena from bifurcations, and result from a delayed response to noncatastrophic bifurcations. We use a trophic metacommunity model where transitions in time series and bifurcations of the system are distinct phenomena. We calculate early warning indicators from the time series of the continually changing system and show that they predict not the bifurcation of the underlying system but the actual catastrophic transition driven by the explicit rate of change. Predictions based on the bifurcation structure could miss catastrophic transitions that can still be captured by early warning signals calculated from time series. Our results expand the repertoire of mechanistic models used to anticipate catastrophic transitions to nonequilibrium ecological systems exposed to a constant rate of environmental change."
P1_psych,EXCLUDE,"S1_PARTITION,S2_PSYCH",,0,False,openalex,W4407592411,10.1007/s11071-025-10977-9,2025,Nonlinear Dynamics,Unveiling critical transition in a transport network model: stochasticity and early warning signals,
P1_psych,EXCLUDE,"S1_PARTITION,S2_PSYCH",,0,False,openalex,W4410774195,10.1007/s00285-025-02234-9,2025,Journal of Mathematical Biology,Bifurcations induced by nonlocal spatial memory versus nonlocal perception,
P1_psych,EXCLUDE,S1_PARTITION,,0,False,openalex,W4412761843,10.1142/s1793524525500846,2025,International Journal of Biomathematics,"Stability and Hopf bifurcation analysis of an HIV infection model with latent reservoir, immune impairment and delayed CTL immune response","In this paper, we develop a dynamic model of HIV infection that incorporates latent hosts, cytotoxic T lymphocyte (CTL) immunity, saturated incidence rates, and two transmission mechanisms: virus-to-cell and cell-to-cell transmission. The model has three kinds of delays: intracellular delay, replication of viruses delay, immune response delay. Initially, the model’s solutions are confirmed to be both nonnegative and bounded for nonnegative initial values. Subsequently, two biologically critical parameters were identified: the virus reproduction number [Formula: see text] and the immune reproduction number [Formula: see text]. Thereafter, by invoking LaSalle’s principle of invariance alongside Lyapunov functionals, we establish stability criteria for each equilibrium. The results indicate that the stability of the endemic equilibrium may be altered by a positive immune delay, whereas intracellular and viral replication delays do not affect the equilibria. By considering the delay in the immune response as a bifurcation-inducing threshold, we derive the exact conditions necessary for these stability transitions. Further analysis shows that increasing the immune delay destabilizes the endemic equilibrium, inducing a Hopf bifurcation. Additionally, using the center manifold theorem and normal form theory, we explored the direction and stability of Hopf bifurcations in detail. To corroborate these theoretical results, numerical simulations are systematically conducted."
P1_psych,EXCLUDE,"S1_PARTITION,S2_PSYCH",,0,False,openalex,W4410940632,10.1016/j.chaos.2025.116632,2025,Chaos Solitons & Fractals,Stability study of electromagnetic SD oscillator vibration isolation system considering nonlinear characteristics of electromagnetic force under state feedback control,
P1_psych,EXCLUDE,"S1_PARTITION,S2_PSYCH",,0,False,openalex,W4407758548,10.1142/s0218127425500312,2025,International Journal of Bifurcation and Chaos,Fractal Dimension of Turing Instability in the Fractional Lengyel–Epstein Model,"We investigate pattern formation driven by Turing instability in the Lengyel–Epstein model incorporating the fractional Laplacian operator. This approach simulates anomalous superdiffusion, where particle clouds spread more rapidly than predicted by the classical diffusion models. Such phase phenomena are often observed in viruses or biochemical substances that require unusually rapid diffusion. Our study allows for the estimation of superdiffusion effects in biochemistry or thermodynamics by analyzing temporal changes in fractional dimensions that exhibit abnormal patterns. Specifically, we employ the fractal dimension to quantify the complexity of these patterns using the box-counting method. Since this method is based on examining neighboring patterns, that is self-similarity, we observe that the formation of patterns varies with the bifurcations induced by Turing instability. Interestingly, despite these instabilities and variations, the fractal dimension stabilizes to a certain value once the patterns are formed. We also investigate how fractional diffusion affects the fractal dimension. Numerical experiments were performed with various initial conditions, including random values and circles centered with a fixed distance. The fractal dimension was calculated for Turing instability of the Lengyel–Epstein model, and is analyzed for both classical and fractional diffusion following a Lévy process. These tests revealed the formation of different patterns under the Turing instability by varying parameters, including a time variable t, and mass-conserving the chemical concentrations of the activator iodide u and the inhibitor chlorite v. Then, we analyzed these results in terms of the fractal dimension of the patterns. Furthermore, we analyze the consistency with the mesh refinement numerically and examine parameter sensitivity. Our numerical simulation of the fractional-Lengyel–Epstein model examined the relationship between the fractal dimension and the parameters b, c, and the fractional order s, while holding the scaling parameter a as a constant. In general, in regions of instability, higher values of parameter b are associated with lower fractal dimensions, while higher values of the parameter c lead to an increase in fractal dimension. In addition, as the fractional order s increases, the fractal dimension tends to decrease. Although specific parameter values around the bifurcation point influence the fractal dimension, the overall evolutionary trend follows the aforementioned patterns."
P1_psych,EXCLUDE,S1_PARTITION,,0,False,openalex,W4415062087,10.48550/arxiv.2503.21143,2025,arXiv (Cornell University),"Stability and Hopf bifurcation analysis of an HIV infection model with latent reservoir, immune impairment and delayed CTL immune response","In this paper, we develop a dynamic model of HIV infection that incorporates latent hosts, cytotoxic T lymphocyte (CTL) immunity, saturated incidence rates, and two transmission mechanisms: virus-to-cell and cell-to-cell transmission. The model has three kinds of delays: intracellular delay, replication of viruses delay, immune response delay. Initially, the model's solutions are confirmed to be both nonnegative and bounded for nonnegative initial values. Subsequently, two biologically critical parameters were identified: the virus reproduction number $\mathcal{R}_0$ and the immune reproduction number $\mathcal{R}_1$. Thereafter, by invoking LaSalle's principle of invariance alongside Lyapunov functionals, we establish stability criteria for each equilibrium. The results indicate that the stability of the endemic equilibrium may be altered by a positive immune delay, whereas intracellular and viral replication delays do not affect the equilibria. By considering the delay in the immune response as a bifurcation-inducing threshold, we derive the exact conditions necessary for these stability transitions. Further analysis shows that increasing the immune delay destabilizes the endemic equilibrium, inducing a Hopf bifurcation. Additionally, using the center manifold theorem and normal form theory, we explored the direction and stability of Hopf bifurcations in detail. To corroborate these theoretical results, numerical simulations are systematically conducted."
P1_psych,EXCLUDE,"S1_PARTITION,S2_PSYCH",,0,False,openalex,W4409247813,10.1007/s11663-025-03535-6,2025,Metallurgical and Materials Transactions B,Influence of Residual Element Cu on Dendrite Growth Kinetics of Steel in Multi-Component System,
P1_psych,EXCLUDE,"S1_PARTITION,S2_PSYCH",,0,False,openalex,W4413867549,10.21203/rs.3.rs-7252309/v1,2025,Research Square,Multi-axis CNC milling of complex surfaces in 7075 aluminium for aerospace applications,
P1_psych,EXCLUDE,"S1_PARTITION,S2_PSYCH",,0,True,openalex,W4411935318,10.1097/01.hj.0001124832.75010.b2,2025,The Hearing Journal,Sub-Clinical Hearing Difficulties: A Consumer and Community Conversation,"WHAT IS A CONSUMER AND COMMUNITY CONVERSATION? A Consumer and Community Conversation is a structured and inclusive group discussion that involves members of a community coming together to discuss shared interests, concerns or ideas relating to a chosen topic. During these conversations, an approach called the World Cafe Method is used, which involves small groups discussing specific questions related to the topic and documenting key points, followed by ranking activities to identify priority areas.Source: Shutterstock.Table: Prioritization of research priorities for patients with SCHD.When it comes to planning research initiatives, a Consumer and Community Conversation involves talking to people directly impacted by the research; in this instance, people with sub-clinical hearing difficulties. The goal is to gather diverse perspectives, insights, and feedback to identify key needs, set research priorities, and initiate co-development of products or services that meet the community’s needs. SUB-CLINICAL HEARING DIFFICULTIES The term “hidden hearing loss” was originally defined by Schaette and McAlpine to describe a reduction in the number of synapses connecting the inner hair cells to the auditory nerve, leading to a decrease in the amplitude of wave I in the auditory brainstem response.1 However, the term has been adopted colloquially to more generically describe functional deficits that are “hidden behind a normal audiogram.” Here, we focus broadly on individuals with self-reported difficulties in hearing, often more pronounced in noisy environments. These individuals have normal hearing thresholds in standard audiometric tests, and we collectively describe this group of individuals as having Sub-Clinical Hearing Difficulties (SCHD).2 We feel SCHD is a more patient-centred term, as the hearing difficulty is not hidden from the individuals experiencing it, but hidden from the audiologist due to the limitations of current tests. SCHD presents significant challenges both to clinical audiologists and to people who experience it. Audiologists often find it challenging to support people with SCHD because they are unable to diagnose the condition accurately using current clinical practices, and there is uncertainty as to whether hearing aids or hearables are effective for individuals with SCHD.3 People with SCHD are often underserved by the audiology community because their condition is not easily detectable or treatable with conventional methods. The discrepancy between their experience and the audiometric results can lead to a sense of being dismissed or not taken seriously, and these individuals often feel that their concerns are not fully understood. There is a need for more advanced diagnostic tools and treatment approaches within the audiology community to better serve this population. Current Research on SCHD Unlike traditional hearing loss, which is often associated with damage to the hair cells in the inner ear, SCHD may occur due to changes in any part of the auditory system. It’s likely that the damage is not detectable with our readily available clinical audiological tests, at least at an individual level. Based on recent research, the likely sites of damage are the synapses (connections) between the inner hair cells and the auditory nerve.4 These synapses are responsible for transmitting electrical signals from the inner ear to the brain. Researchers have made strides in beginning to understand SCHD, its potential causes, and its impact on auditory function.5 They have identified that exposure to loud noise, such as that experienced in certain work environments or recreational activities, may contribute to SCHD later in life.5 There is still much to learn about SCHD, including the specific mechanisms that lead to synaptic damage, the variability in how individuals experience it, and the most effective interventions. The development of standardised diagnostic tools and further exploration of potential solutions or management options are critical aspects requiring additional research.6 Identifying SCHD is particularly challenging, as conventional hearing assessments often fall short. Individuals with this specific hearing difficulty can employ communication strategies, hearing aids, or specialized devices to enhance their hearing in demanding situations. However, comprehensive knowledge about the individuals impacted by SCHD and the extent to which traditional hearing loss interventions are beneficial remains a topic of limited research and understanding. Ongoing research is crucial to address the gaps in knowledge and improve outcomes for individuals affected by SCHD. CONSUMER AND COMMUNITY CONVERSATION ON SUB-CLINICAL HEARING DIFFICULTIES We conducted a Consumer and Community Conversation to gather insights, prioritize research directions, and enhance collaborative efforts in addressing the challenges associated with SCHD. To ensure diverse representation, we engaged adults with SCHD through local he"
P1_psych,EXCLUDE,"S1_PARTITION,S2_PSYCH",,0,True,openalex,W4410542762,10.3389/fdmed.2025.1618199,2025,Frontiers in Dental Medicine,"Editorial: Next-generation dental materials engineered for mineralized tissue reconstruction: advances, challenges and opportunities","Dental caries is one of humankind's most prevalent chronic diseases -untreated dental caries in permanent teeth affects 2.3 billion people across the globe. 1 This chronic condition persists throughout an individual's lifetime, and remains an elevated concern for both adults and children. 2,3 Untreated dental caries has severe consequences including unremitting pain, inflammation, the spread of infection to bone and soft tissue, reduced quality of life, missed school and lost productivity. 2 Dental materials play a critical role in caries prevention as well as the repair and reconstruction of lost and damaged mineralized tissues. While a variety of dental materials have been developed, many of the early approaches focused on adapting materials that were originally developed for other applications. Early strategies devoted limited attention to materials that would actively engage mineralized tissue repair processes and the intrinsic complexity of material/tissue interfaces was frequently overlooked. 13 Material/tissue interfaces are sensitive to a variety of pathogenic and inflammatory reactions as well as a diverse spectrum of mechanical and chemical stresses.Development of novel materials and innovative approaches is critical to addressing the silent epidemic of dental caries. As the dental profession discontinues the use of the most common dental materials, advancements in areas such as, bioactive, stimuli-responsive materials, and materials that modulate the oral microbiome, have attracted attention. [4][5][6][7][8][9][10][11][12] The development of regenerative and reconstructive dental materials is a multi-dimensional problem -the materials must provide form, function, esthetics, long-term mineralized tissue repair and favorable clinical outcomes. The aim of this Collection of Publications in the Frontiers of Dental Medicine is to explore challenges and opportunities in the development of dental materials that engage mineralized tissue repair processes while also inhibiting interfacial damage provoked by pathogens, mechanical and chemical stresses. This editorial will highlight the diverse research featured in this collection.Dental composites have become the most popular material for the repair of lost or damaged tooth structure, but composite-restorations can fail to provide long-term function. 5,9 The failure is a multifactorial problem that includes the patient's risk for dental caries, complex microbial communities that organize as biofilms, material and material/tissue interface degradation. 14 Dental composite lacks the inherent capability to seal gaps at the interface between the restorative material and tooth structure. The low-viscosity adhesive that infiltrates demineralized dentin to form the hybrid layer and bond the composite to the tooth is intended to seal this interface, but the adhesive seal to dentin is fragile -it is readily damaged by acids, enzymes, and oral fluids. The article titled, Synergistic enhancement of hydrophobic dental adhesives: autonomous strengthening, polymerization kinetics, and hydrolytic resistance https://doi.org/10.3389/fdmed.2024.1373853 describes original research on the structure and properties of a newly formulated methacrylate-based, alkoxysilane-containing polymer. 15 The polymer resists hydrolysis-mediated degradation by providing intrinsic reinforcement through synergistic stimulation of free-radical polymerization, sol-gel reaction, and hydrophobicity. The polymer shows great promise as a new generation dentin adhesive.Resin-based composites catalyzed the advancement of minimally invasive approaches. The article titled, Recent advances in direct adhesive restoration resin-based dental materials with remineralizing agents https://doi.org/10.3389/fdmed.2022.868651 reviews the diverse compounds added to adhesives to remineralize mineral-depleted dental hard tissues. 16 The adhesives are formulated to address dental-composite restoration failures -failures that are linked to pathogens, oral fluids, enzymes and acids that infiltrate gaps and crevices at the composite/tooth interface. The review describes challenges, opportunities and barriers to the translation of these materials from the laboratory to the clinic.The article titled, Scale dependent nanomechanical properties of dentin adhesive and adhesivecollagen composite https://doi.org/10.3389/fdmed.2024.14234 describes original research focused on rigorous investigation of adhesive and adhesive-collagen constructs, i.e. hybrid layer mimics (HL-mimics). 17 The nanoscale mechanical properties of model methacrylate-based adhesive and HL-mimics were determined using nanoindentation and nano-dynamic mechanical analyses (DMA). Both the neat adhesive and HL-mimics are heterogeneous, viscoelastic materials at the spatial scales studied in this investigation. The measured frequency dependent storage and loss moduli indicate that both the adhesive and HL-mimics will likely exhibit creep deformation and rate-depe"
P1_psych,EXCLUDE,S1_PARTITION,,0,False,openalex,W7127622891,10.1016/j.ymssp.2026.113971,2026,Mechanical Systems and Signal Processing,Dynamic response and sliding mode control of a cold rolling mill subjected to harmonic and Gaussian colored noise excitations,"During operation, cold rolling mills are susceptible to the coupled effects of random excitations and structural nonlinearities, which can induce complex dynamic behaviors that adversely affect rolling quality and equipment safety. This paper studies the structural dynamic characteristics and vibration suppression for a two-degree-of-freedom cold rolling mill vertical structure model under combined harmonic and random excitation for the first time. Firstly, an averaging method and a stochastic method are extended to derive the amplitude-frequency and steady-state response equations, respectively. Secondly, the response shows the mill exhibits nonlinear hard spring characteristics and bistability in the resonance region. The coexistence and evolution of low- and high-amplitude attractors are further elucidated via the equivalent potential energy diagram and basin of attraction. Additionally, random excitation is a key factor inducing chaotic behavior in the rolling mill. Finally, Gaussian colored noise induces stochastic switching, stochastic P- and D-bifurcations. This can lead to defects in the rolled products, and in severe cases, it may even threaten the safe operation of the rolling mill. To suppress this catastrophic switching, this paper innovatively introduces the improved double power exponential reaching law to design sliding mode control, achieving faster convergence, suppressing chattering and reducing energy consumption. The proposed control has been rigorously proven to be stable and has been effectively verified through numerical simulations. The research findings provide essential theoretical foundations and technical support for the safe design and manufacture of vertical structural models for cold rolling mills in engineering practice."
P1_psych,EXCLUDE,"S1_PARTITION,S2_PSYCH",,0,False,openalex,W7161394002,10.1016/j.cnsns.2026.110129,2026,Communications in Nonlinear Science and Numerical Simulation,Stability and Hopf bifurcation of vertical magnetic bearing system with asymmetric displacement and velocity delays,
P1_psych,EXCLUDE,"S1_PARTITION,S2_PSYCH",,0,False,openalex,W7138196490,10.1016/j.ymssp.2026.114158,2026,Mechanical Systems and Signal Processing,Stability and Hopf bifurcation analysis for a vertical active magnetic bearing system with dual feedback delays,
P1_psych,EXCLUDE,"S1_PARTITION,S2_PSYCH",,0,False,openalex,W7118640868,10.1007/s12190-025-02753-0,2026,Journal of Applied Mathematics and Computing,Zero-Hopf bifurcation analysis of a maglev vehicle system with time delay in velocity feedback signal,
P1_psych,EXCLUDE,"S1_PARTITION,S2_PSYCH",,0,False,openalex,W7168255172,10.1088/2632-072x/ae8aa4,2026,Journal of Physics Complexity,Stochastic game dynamics in tumor metabolism,"Abstract Strategic interactions between tumor cells have been hypothesized to arise through evolutionary processes in which cell actions are conditioned on their fitness payoffs. Temporal change in payoffs impacts cell strategies, leading to the evolution of unwanted traits and genetic variation. Consequently, understanding the stochastic game dynamics of tumor metabolism for fluctuating payoffs is an important problem. Here, we study a game-theoretic model of tumor metabolism with fluctuating payoffs. A key feature of this model is the metabolic exploration rate, a quantity that governs metabolic symbiosis in tumor cells and thereby affects tumor progression to metastasis. We find that intrinsic noise induces a transition from a dominance game to a coordination game for an increase in metabolic exploration rate. This transition coincides with a change in the payoffs for the tumor cells at the threshold for critical transitions of the corresponding stochastic system. As a result, our model suggests that variations in payoffs due to intrinsic fluctuations can lead to unexpected changes in tumor cell persistence, transitioning from dominance to coexistence. Additionally, we investigate some candidate early warning signals that we hypothesize may anticipate critical transitions in the stochastic tumor system, guiding therapy to decouple tumor metabolism and thereby prevent cancer proliferation."
P1_psych,EXCLUDE,"S1_PARTITION,S2_PSYCH",,0,False,openalex,W7141664943,10.1016/j.ecolmodel.2026.111580,2026,Ecological Modelling,The echoes of ecological collapse: how noise pollution disturbs trophic dynamics and food web stability,
P1_psych,EXCLUDE,S1_PARTITION,,0,False,openalex,W7123347469,10.1007/s00170-025-17209-9,2026,The International Journal of Advanced Manufacturing Technology,Multi-axis CNC milling of complex surfaces in 7075 aluminium for aerospace applications,"Abstract Multi-axis CNC milling is widely used in the manufacturing of components with complex surfaces and is particularly valued in demanding sectors such as the aerospace industry. In this context, aluminium alloys play a prominent role due to their strength-to-weight ratio and high machinability. This work aims to assess how milling strategies and cutting tools affect surface quality and process efficiency when machining complex surfaces in AW-7075 aluminium alloy, by testing different finishing strategies, tool tip radius ( $$\:{r}_{tip}$$ ), and radial depth of cut ( $$\:{a}_{e}$$ ). Findings show that the machining strategy is the most influential factor on both surface quality and cutting time. A reduction in $$\:{a}_{e}$$ contributed to a slight improvement in surface quality, while an increase in $$\:{r}_{tip}$$ proved beneficial only for certain strategies. Regarding process efficiency, increasing $$\:{a}_{e}$$ and $$\:{r}_{tip}$$ significantly reduces machining time. Given aerospace industry demands, the Flow strategy with a 4 mm $$\:{r}_{tip}\:$$ and 0.05 mm $$\:{a}_{e}$$ proved to be the most balanced solution, achieving low cutting times and Ra within specifications (0.25–0.40 μm). It was concluded that the appropriate combination of cutting parameters, machining strategies, and tool geometry, enables compliance with strict quality standards while enhancing overall process efficiency."
P1_psych,EXCLUDE,"S1_PARTITION,S2_PSYCH",,0,False,openalex,W7171371298,10.1007/s10706-026-03816-0,2026,Geotechnical and Geological Engineering,Loading Rate Effects on Crack Initiation and Interaction in Flawed Discs,
P1_psych,EXCLUDE,"S1_PARTITION,S2_PSYCH",,0,False,openalex,W7135388995,10.1016/j.tafmec.2026.105571,2026,Theoretical and Applied Fracture Mechanics,Loading-rate effects on crack propagation and borehole deformation in coal and rock bodies with borehole-echelon crack composite defects under quasi-static loading,
P1_psych,EXCLUDE,S1_PARTITION,,0,True,openalex,W7154575556,10.6084/m9.figshare.32033424.v2,2026,Figshare,How to Choose the Right Senior Care Services for Your Loved Ones,"Choosing the right care for an aging family member can feel overwhelming, especially when you want the very best for their comfort, safety, and happiness. If you're exploring reliable Senior Care Ottawa options, it’s essential to understand what services are available and how to select the one that truly fits your loved one’s needs. The right decision can significantly improve their quality of life while giving your family peace of mind.Understanding Senior Care ServicesSenior care is not a one-size-fits-all solution. It includes a wide range of services designed to support older adults in their daily lives. These may include:<b>In-home care</b> (personal assistance, companionship)<b>Home healthcare</b> (medical support by trained professionals)<b>Assisted living facilities</b><b>Nursing homes</b> (for advanced medical needs)<b>Respite care</b> (temporary relief for family caregivers)Understanding these options is the first step toward making an informed decision.Assess Your Loved One’s NeedsBefore choosing a service, evaluate your loved one’s physical, emotional, and medical requirements.Key questions to ask:Do they need help with daily activities like bathing or cooking?Do they have chronic medical conditions requiring monitoring?Are they experiencing memory issues like dementia?Do they feel isolated or need companionship?Creating a clear list of needs helps narrow down the most suitable Senior Care Ottawa solutions.In-Home Care vs Facility-Based CareOne of the biggest decisions is whether to opt for in-home care or a care facility.In-Home CareAllows seniors to stay in a familiar environmentOffers personalized, one-on-one supportIdeal for those with mild to moderate needsAssisted Living / Nursing HomesProvide structured care and social interactionSuitable for seniors needing constant supervisionAccess to medical staff and emergency care<b>Tip:</b> If your loved one values independence, in-home care is often the better option.Check Caregiver QualificationsThe quality of care depends heavily on the caregiver. When evaluating providers, ensure:Proper certifications and trainingBackground checks and referencesExperience with specific conditions (e.g., Alzheimer’s, mobility issues)Compassionate and patient attitudeA trusted Senior Care Ottawa provider will always be transparent about their staff’s qualifications.Consider Emotional and Social NeedsSenior care isn’t just about physical health—it’s also about emotional well-being.Look for services that offer:Companionship and conversationRecreational activitiesMental stimulation programsLoneliness can significantly impact a senior’s health, so choosing a care option that promotes social interaction is crucial.Understand Costs and BudgetCost is an important factor when selecting senior care services.Common cost considerations:Hourly vs full-time care ratesAdditional medical service feesInsurance coverage or government support<b>Pro Tip:</b> Compare multiple Senior Care Ottawa providers to find a balance between affordability and quality.Check Reputation and ReviewsAlways research the provider’s reputation before making a decision.Look for:Online reviews and ratingsTestimonials from other familiesRecommendations from healthcare professionalsA well-reviewed provider often reflects reliability and consistent service quality.Schedule a ConsultationBefore finalizing your choice, schedule a consultation or trial period.This allows you to:Meet caregivers in personAsk questions directlyEvaluate how comfortable your loved one feelsTrust your instincts—if something feels off, explore other options.Flexibility and CustomizationNeeds can change over time, so it’s important to choose a service that offers flexibility.Look for providers that:Allow care plan adjustmentsOffer both short-term and long-term careProvide emergency or on-demand supportA flexible Senior Care Ottawa plan ensures long-term satisfaction.Involve Your Loved One in the DecisionWhenever possible, include your loved one in the decision-making process.Ask for their preferencesRespect their independenceAddress their concerns openlyThis not only ensures better cooperation but also helps them feel valued and respected.Final ThoughtsChoosing the right senior care service is a deeply personal decision that requires careful thought and research. By understanding your loved one’s needs, evaluating different care options, and selecting a trusted Senior Care Ottawa provider, you can ensure they receive the care, dignity, and comfort they deserve.Remember, the goal isn’t just to provide care—it’s to enhance their quality of life.FAQs1. What is the best type of senior care?It depends on individual needs. In-home care is ideal for independence, while nursing homes are better for advanced medical support.2. How do I know if my loved one needs senior care?Signs include difficulty with daily activities, frequent falls, memory loss, or social isolation.3. Is senior care expensive in Ottawa?Costs vary based on services, but the"
P2_within,EXCLUDE,"S1_PARTITION,S2_PSYCH",,0,False,openalex,W7160780638,10.1140/epjp/s13360-026-07728-z,2026,The European Physical Journal Plus,Rich nonlinear dynamics of memristively coupled Chialvo maps using a novel second-order discrete memristor,
P2_within,EXCLUDE,"S1_PARTITION,S2_PSYCH",,0,False,openalex,W7117968898,10.1007/978-981-96-4186-4_64,2026,Design science and innovation,Ergonomic Assessment of Miners’ Personal Noise Intensity Exposure Monitoring and Operational Areas’ Noise Zoning in Iron Ore Mines of Sandur North Karnataka—A Case Study,
P2_within,EXCLUDE,"S1_PARTITION,S2_PSYCH",,0,False,pubmed,42212278,10.1007/s11571-026-10469-5,2026,Cognitive neurodynamics,"Locally active memristor-based Chialvo neuron model: bifurcation, multistability, and noise effects.","In this paper, a new memristive Chialvo neuron map is proposed by incorporating a locally active discrete memristor into the original Chialvo neuron model. The introduced memristor exhibits local activity, nonvolatility, and bistability, which fundamentally enrich the neuron dynamics. Equilibrium points and their stability are analyzed as functions of the memristive coupling strength, revealing that the number of equilibrium points increases with increasing memristor strength, indicating enhanced multistability. Comprehensive dynamical analyses based on bifurcation diagrams and largest Lyapunov exponents demonstrate that the proposed model exhibits a wide range of firing behaviors, including periodic, quasiperiodic, and chaotic dynamics. It is shown that increasing the memristive coupling strength generally suppresses chaotic regions, a result further confirmed by spectral entropy analysis. Time-series and phase-space investigations reveal that the memristor can induce qualitative transitions between different firing patterns and modify oscillation periods. In contrast to the original Chialvo model, which mainly exhibits bistability between resting and oscillatory states, the proposed memristive model is capable of exhibiting bistability and multistability between distinct oscillatory attractors, strongly dependent on the initial state of the memristor. Furthermore, the effect of stochastic perturbations is examined, showing that additive noise can induce spiking and bursting dynamics in parameter regions where the noise-free system remains quiescent. As the memristive coupling strength increases, a lower noise intensity is required to induce oscillatory activity."
